{
  "cipher": "hight",
  "scenario": "related-key",
  "rounds": 12,
  "pairs": 16,
  "input_difference": "0x4000000000000000",
  "input_diff_int": 4611686018427387904,
  "key_bit": 97,
  "samples": 20000,
  "pca_components": 16,
  "kmeans_k": 2,
  "use_gpu": true,
  "results": {
    "pca_explained_variance_ratio": [
      0.0014524877769872546,
      0.0005987797048874199,
      0.0005956649547442794,
      0.0005938788526691496,
      0.0005928210448473692,
      0.0005897469236515462,
      0.0005878984229639173,
      0.000586966925766319,
      0.0005857510259374976,
      0.0005842841346748173
    ],
    "kmeans_inertia": 140186.5,
    "kmeans_silhouette": 0.10345105081796646,
    "accuracy_vs_true": 0.93155,
    "adjusted_rand_index": 0.7449289108611764
  },
  "timing": {
    "total_seconds": 34.41812705993652,
    "data_generation_seconds": 4.075533151626587
  },
  "auto_sweep": {
    "used": false,
    "metric": null,
    "sweep_samples": null
  }
}