{
  "cipher": "hight",
  "scenario": "related-key",
  "rounds": 15,
  "pairs": 8,
  "input_difference": "0x4000000000000000",
  "input_diff_int": 4611686018427387904,
  "key_bit": 97,
  "samples": 20000,
  "pca_components": 16,
  "kmeans_k": 2,
  "use_gpu": true,
  "results": {
    "pca_explained_variance_ratio": [
      0.0010037422180175781,
      0.0009996765293180943,
      0.0009956208523362875,
      0.0009901642333716154,
      0.0009874793468043208,
      0.0009864827152341604,
      0.0009804611327126622,
      0.0009786206064745784,
      0.0009766148868948221,
      0.0009736968786455691
    ],
    "kmeans_inertia": 115303.6484375,
    "kmeans_silhouette": 0.04057980328798294,
    "accuracy_vs_true": 0.50485,
    "adjusted_rand_index": 4.409421722274712e-05
  },
  "timing": {
    "total_seconds": 53.98492741584778,
    "data_generation_seconds": 7.417797565460205
  },
  "auto_sweep": {
    "used": false,
    "metric": null,
    "sweep_samples": null
  }
}