{
  "cipher": "lea",
  "scenario": "related-key",
  "rounds": 7,
  "pairs": 2,
  "input_difference": "0x8000000080",
  "input_diff_int": 549755814016,
  "key_bit": 94,
  "samples": 20000,
  "pca_components": 16,
  "kmeans_k": 2,
  "use_gpu": true,
  "results": {
    "pca_explained_variance_ratio": [
      0.006622278597205877,
      0.002376921707764268,
      0.0020276911091059446,
      0.0019812125246971846,
      0.0019424003548920155,
      0.0019180101808160543,
      0.0018813938368111849,
      0.0018692903686314821,
      0.0018610142869874835,
      0.0018487413180992007
    ],
    "kmeans_inertia": 115495.875,
    "kmeans_silhouette": 0.15479083359241486,
    "accuracy_vs_true": 0.8584,
    "adjusted_rand_index": 0.51377943030024
  },
  "timing": {
    "total_seconds": 53.7128164768219,
    "data_generation_seconds": 3.705679178237915
  },
  "auto_sweep": {
    "used": false,
    "metric": null,
    "sweep_samples": null
  }
}