study_id,domain,cipher,cipher_slug,cipher_module,round,k,seed,source_seed,samples_per_class,plain_bits,key_bits,delta_p_hex,delta_k_hex,delta_k_bit,delta_k_indexing,representation,output_layout,key_mode,dtype,feature_shape_per_class,d1_path,d0_path,d1_labels_path,d0_labels_path,d0_control_a_path,d0_control_b_path,d1_control_a_path,d1_control_b_path,pair_shuffled_path,main_config_hash,d0_control_config_hash,d1_control_config_hash,pair_shuffled_config_hash,run_config_path,validation_path,control_metadata_path,protocol_valid,generation_seconds,actual_bytes,config_hash,completed_at_utc,status
hight64_rkmp_controls_v1,analysis,HIGHT-64,hight64,cipher.hight,11,1,201,201,10000,64,128,0x4000000000000000,0x00000000000000000000000040000000,97,msb0,delta_C||C||C_star,grouped,shared,uint8,"[10000, 1, 192]",/mnt/d/#PROJECT_RKNDIncECA/Related-key-mcp-attention-Inception-based-ND/analysis_data/hight64_rkmp_controls_v1/analysis/hight64/r11/k1/seed201/D1_structured.npy,/mnt/d/#PROJECT_RKNDIncECA/Related-key-mcp-attention-Inception-based-ND/analysis_data/hight64_rkmp_controls_v1/analysis/hight64/r11/k1/seed201/D0_null.npy,/mnt/d/#PROJECT_RKNDIncECA/Related-key-mcp-attention-Inception-based-ND/analysis_data/hight64_rkmp_controls_v1/analysis/hight64/r11/k1/seed201/D1_labels.npy,/mnt/d/#PROJECT_RKNDIncECA/Related-key-mcp-attention-Inception-based-ND/analysis_data/hight64_rkmp_controls_v1/analysis/hight64/r11/k1/seed201/D0_labels.npy,/mnt/d/#PROJECT_RKNDIncECA/Related-key-mcp-attention-Inception-based-ND/analysis_data/hight64_rkmp_controls_v1/analysis/hight64/r11/k1/seed201/controls/D0_vs_D0/D0_control_a.npy,/mnt/d/#PROJECT_RKNDIncECA/Related-key-mcp-attention-Inception-based-ND/analysis_data/hight64_rkmp_controls_v1/analysis/hight64/r11/k1/seed201/controls/D0_vs_D0/D0_control_b.npy,/mnt/d/#PROJECT_RKNDIncECA/Related-key-mcp-attention-Inception-based-ND/analysis_data/hight64_rkmp_controls_v1/analysis/hight64/r11/k1/seed201/controls/D1_vs_D1/D1_control_a.npy,/mnt/d/#PROJECT_RKNDIncECA/Related-key-mcp-attention-Inception-based-ND/analysis_data/hight64_rkmp_controls_v1/analysis/hight64/r11/k1/seed201/controls/D1_vs_D1/D1_control_b.npy,/mnt/d/#PROJECT_RKNDIncECA/Related-key-mcp-attention-Inception-based-ND/analysis_data/hight64_rkmp_controls_v1/analysis/hight64/r11/k1/seed201/controls/pair_shuffled/D1_pair_shuffled.npy,10c689668aa08431224f1be67ffc7af498af29b5813ffecced6cc908ad517f1f,98f8f17de5e0f1b89a61d8d660602566ed6251f0990ad5145ada490a4c35d457,ca9f7ec86943c585cb062abeafa0c322c09c3c0ee2bc1a7cf56b93254a0cec9b,a1d0c32ddfc22b06a7b52ccbb898e92f1f373844a1cca166261d9a9b64e696cf,/mnt/d/#PROJECT_RKNDIncECA/Related-key-mcp-attention-Inception-based-ND/analysis_data/hight64_rkmp_controls_v1/analysis/hight64/r11/k1/seed201/run_config.json,/mnt/d/#PROJECT_RKNDIncECA/Related-key-mcp-attention-Inception-based-ND/analysis_data/hight64_rkmp_controls_v1/analysis/hight64/r11/k1/seed201/protocol_validation.json,/mnt/d/#PROJECT_RKNDIncECA/Related-key-mcp-attention-Inception-based-ND/analysis_data/hight64_rkmp_controls_v1/analysis/hight64/r11/k1/seed201/control_metadata.json,True,1.68108,13461152,e760791c5dfd1408bd7ade63b1be548f8ee660c07c6831a7c7dcac55822eff67,2026-07-17T13:12:53.133808+00:00,completed
hight64_rkmp_controls_v1,analysis,HIGHT-64,hight64,cipher.hight,11,1,202,202,10000,64,128,0x4000000000000000,0x00000000000000000000000040000000,97,msb0,delta_C||C||C_star,grouped,shared,uint8,"[10000, 1, 192]",/mnt/d/#PROJECT_RKNDIncECA/Related-key-mcp-attention-Inception-based-ND/analysis_data/hight64_rkmp_controls_v1/analysis/hight64/r11/k1/seed202/D1_structured.npy,/mnt/d/#PROJECT_RKNDIncECA/Related-key-mcp-attention-Inception-based-ND/analysis_data/hight64_rkmp_controls_v1/analysis/hight64/r11/k1/seed202/D0_null.npy,/mnt/d/#PROJECT_RKNDIncECA/Related-key-mcp-attention-Inception-based-ND/analysis_data/hight64_rkmp_controls_v1/analysis/hight64/r11/k1/seed202/D1_labels.npy,/mnt/d/#PROJECT_RKNDIncECA/Related-key-mcp-attention-Inception-based-ND/analysis_data/hight64_rkmp_controls_v1/analysis/hight64/r11/k1/seed202/D0_labels.npy,/mnt/d/#PROJECT_RKNDIncECA/Related-key-mcp-attention-Inception-based-ND/analysis_data/hight64_rkmp_controls_v1/analysis/hight64/r11/k1/seed202/controls/D0_vs_D0/D0_control_a.npy,/mnt/d/#PROJECT_RKNDIncECA/Related-key-mcp-attention-Inception-based-ND/analysis_data/hight64_rkmp_controls_v1/analysis/hight64/r11/k1/seed202/controls/D0_vs_D0/D0_control_b.npy,/mnt/d/#PROJECT_RKNDIncECA/Related-key-mcp-attention-Inception-based-ND/analysis_data/hight64_rkmp_controls_v1/analysis/hight64/r11/k1/seed202/controls/D1_vs_D1/D1_control_a.npy,/mnt/d/#PROJECT_RKNDIncECA/Related-key-mcp-attention-Inception-based-ND/analysis_data/hight64_rkmp_controls_v1/analysis/hight64/r11/k1/seed202/controls/D1_vs_D1/D1_control_b.npy,/mnt/d/#PROJECT_RKNDIncECA/Related-key-mcp-attention-Inception-based-ND/analysis_data/hight64_rkmp_controls_v1/analysis/hight64/r11/k1/seed202/controls/pair_shuffled/D1_pair_shuffled.npy,30ff2498e9e6e3e5e7464f88c4deda2acccb05a2f49aa8183b919c7cdaf9eda3,73b31f6e2f613d61ac59f7438efeaf644b30cea5a9bf8f588b901de97d896f37,c16e6d7db7bc7ed42fd3d6838260cae5a79e91ae722dffcf95344ed2a9943c73,0d3ea74506681604884547802e0fa286b7847457930d9b138dadfd985d91aec7,/mnt/d/#PROJECT_RKNDIncECA/Related-key-mcp-attention-Inception-based-ND/analysis_data/hight64_rkmp_controls_v1/analysis/hight64/r11/k1/seed202/run_config.json,/mnt/d/#PROJECT_RKNDIncECA/Related-key-mcp-attention-Inception-based-ND/analysis_data/hight64_rkmp_controls_v1/analysis/hight64/r11/k1/seed202/protocol_validation.json,/mnt/d/#PROJECT_RKNDIncECA/Related-key-mcp-attention-Inception-based-ND/analysis_data/hight64_rkmp_controls_v1/analysis/hight64/r11/k1/seed202/control_metadata.json,True,2.783241,13461152,71a39fa7ce1930acf608e522cf8fcc4fa37885868a4506ac528ae4c9b263a309,2026-07-17T13:12:56.164325+00:00,completed
hight64_rkmp_controls_v1,analysis,HIGHT-64,hight64,cipher.hight,11,1,203,203,10000,64,128,0x4000000000000000,0x00000000000000000000000040000000,97,msb0,delta_C||C||C_star,grouped,shared,uint8,"[10000, 1, 192]",/mnt/d/#PROJECT_RKNDIncECA/Related-key-mcp-attention-Inception-based-ND/analysis_data/hight64_rkmp_controls_v1/analysis/hight64/r11/k1/seed203/D1_structured.npy,/mnt/d/#PROJECT_RKNDIncECA/Related-key-mcp-attention-Inception-based-ND/analysis_data/hight64_rkmp_controls_v1/analysis/hight64/r11/k1/seed203/D0_null.npy,/mnt/d/#PROJECT_RKNDIncECA/Related-key-mcp-attention-Inception-based-ND/analysis_data/hight64_rkmp_controls_v1/analysis/hight64/r11/k1/seed203/D1_labels.npy,/mnt/d/#PROJECT_RKNDIncECA/Related-key-mcp-attention-Inception-based-ND/analysis_data/hight64_rkmp_controls_v1/analysis/hight64/r11/k1/seed203/D0_labels.npy,/mnt/d/#PROJECT_RKNDIncECA/Related-key-mcp-attention-Inception-based-ND/analysis_data/hight64_rkmp_controls_v1/analysis/hight64/r11/k1/seed203/controls/D0_vs_D0/D0_control_a.npy,/mnt/d/#PROJECT_RKNDIncECA/Related-key-mcp-attention-Inception-based-ND/analysis_data/hight64_rkmp_controls_v1/analysis/hight64/r11/k1/seed203/controls/D0_vs_D0/D0_control_b.npy,/mnt/d/#PROJECT_RKNDIncECA/Related-key-mcp-attention-Inception-based-ND/analysis_data/hight64_rkmp_controls_v1/analysis/hight64/r11/k1/seed203/controls/D1_vs_D1/D1_control_a.npy,/mnt/d/#PROJECT_RKNDIncECA/Related-key-mcp-attention-Inception-based-ND/analysis_data/hight64_rkmp_controls_v1/analysis/hight64/r11/k1/seed203/controls/D1_vs_D1/D1_control_b.npy,/mnt/d/#PROJECT_RKNDIncECA/Related-key-mcp-attention-Inception-based-ND/analysis_data/hight64_rkmp_controls_v1/analysis/hight64/r11/k1/seed203/controls/pair_shuffled/D1_pair_shuffled.npy,54b0c7444975663e1b016fb93de92515a789fa405f824fa4435a33e3d3872522,7f48ef9f25b00294bc3e2c8fffc1f3e30d4e989535bd6414d7758564735d85b4,4b35095dc6046ed1879a26b349089e30480f6e01c79e2621a7b6a22a07a96919,dda268a75475c4c8c1c4dd3afb6562667260f46f91540024fae0a92845d624a3,/mnt/d/#PROJECT_RKNDIncECA/Related-key-mcp-attention-Inception-based-ND/analysis_data/hight64_rkmp_controls_v1/analysis/hight64/r11/k1/seed203/run_config.json,/mnt/d/#PROJECT_RKNDIncECA/Related-key-mcp-attention-Inception-based-ND/analysis_data/hight64_rkmp_controls_v1/analysis/hight64/r11/k1/seed203/protocol_validation.json,/mnt/d/#PROJECT_RKNDIncECA/Related-key-mcp-attention-Inception-based-ND/analysis_data/hight64_rkmp_controls_v1/analysis/hight64/r11/k1/seed203/control_metadata.json,True,2.365974,13461152,f6f9dda056259621598f44b70790558ecb89614123dd74f7e1fe2bc254c54021,2026-07-17T13:13:02.164186+00:00,completed
hight64_rkmp_controls_v1,analysis,HIGHT-64,hight64,cipher.hight,11,2,201,201,10000,64,128,0x4000000000000000,0x00000000000000000000000040000000,97,msb0,delta_C||C||C_star,grouped,shared,uint8,"[10000, 2, 192]",/mnt/d/#PROJECT_RKNDIncECA/Related-key-mcp-attention-Inception-based-ND/analysis_data/hight64_rkmp_controls_v1/analysis/hight64/r11/k2/seed201/D1_structured.npy,/mnt/d/#PROJECT_RKNDIncECA/Related-key-mcp-attention-Inception-based-ND/analysis_data/hight64_rkmp_controls_v1/analysis/hight64/r11/k2/seed201/D0_null.npy,/mnt/d/#PROJECT_RKNDIncECA/Related-key-mcp-attention-Inception-based-ND/analysis_data/hight64_rkmp_controls_v1/analysis/hight64/r11/k2/seed201/D1_labels.npy,/mnt/d/#PROJECT_RKNDIncECA/Related-key-mcp-attention-Inception-based-ND/analysis_data/hight64_rkmp_controls_v1/analysis/hight64/r11/k2/seed201/D0_labels.npy,/mnt/d/#PROJECT_RKNDIncECA/Related-key-mcp-attention-Inception-based-ND/analysis_data/hight64_rkmp_controls_v1/analysis/hight64/r11/k2/seed201/controls/D0_vs_D0/D0_control_a.npy,/mnt/d/#PROJECT_RKNDIncECA/Related-key-mcp-attention-Inception-based-ND/analysis_data/hight64_rkmp_controls_v1/analysis/hight64/r11/k2/seed201/controls/D0_vs_D0/D0_control_b.npy,/mnt/d/#PROJECT_RKNDIncECA/Related-key-mcp-attention-Inception-based-ND/analysis_data/hight64_rkmp_controls_v1/analysis/hight64/r11/k2/seed201/controls/D1_vs_D1/D1_control_a.npy,/mnt/d/#PROJECT_RKNDIncECA/Related-key-mcp-attention-Inception-based-ND/analysis_data/hight64_rkmp_controls_v1/analysis/hight64/r11/k2/seed201/controls/D1_vs_D1/D1_control_b.npy,/mnt/d/#PROJECT_RKNDIncECA/Related-key-mcp-attention-Inception-based-ND/analysis_data/hight64_rkmp_controls_v1/analysis/hight64/r11/k2/seed201/controls/pair_shuffled/D1_pair_shuffled.npy,0a256b0098a69223868abe475619ad3d19f7c342088e11b4a2412fb3298c767f,2a5d92dfa7ba271e45c5e749c919d73249494d08372162d12c9fdab3178cf6a6,3c5d642936c885777d774e6d938fe0ea9e5a4c11e501dbb7f2860396a50c30c0,d2a6a0b255331c3a0d6e7adaabb9a898704a7e4534b489b7ff5827fef7343cc6,/mnt/d/#PROJECT_RKNDIncECA/Related-key-mcp-attention-Inception-based-ND/analysis_data/hight64_rkmp_controls_v1/analysis/hight64/r11/k2/seed201/run_config.json,/mnt/d/#PROJECT_RKNDIncECA/Related-key-mcp-attention-Inception-based-ND/analysis_data/hight64_rkmp_controls_v1/analysis/hight64/r11/k2/seed201/protocol_validation.json,/mnt/d/#PROJECT_RKNDIncECA/Related-key-mcp-attention-Inception-based-ND/analysis_data/hight64_rkmp_controls_v1/analysis/hight64/r11/k2/seed201/control_metadata.json,True,3.70796,26901152,411b159311c9f078600e52847abf4a7eafc688eb95c2ace7605324a962d0885e,2026-07-17T13:13:05.969623+00:00,completed
hight64_rkmp_controls_v1,analysis,HIGHT-64,hight64,cipher.hight,11,2,202,202,10000,64,128,0x4000000000000000,0x00000000000000000000000040000000,97,msb0,delta_C||C||C_star,grouped,shared,uint8,"[10000, 2, 192]",/mnt/d/#PROJECT_RKNDIncECA/Related-key-mcp-attention-Inception-based-ND/analysis_data/hight64_rkmp_controls_v1/analysis/hight64/r11/k2/seed202/D1_structured.npy,/mnt/d/#PROJECT_RKNDIncECA/Related-key-mcp-attention-Inception-based-ND/analysis_data/hight64_rkmp_controls_v1/analysis/hight64/r11/k2/seed202/D0_null.npy,/mnt/d/#PROJECT_RKNDIncECA/Related-key-mcp-attention-Inception-based-ND/analysis_data/hight64_rkmp_controls_v1/analysis/hight64/r11/k2/seed202/D1_labels.npy,/mnt/d/#PROJECT_RKNDIncECA/Related-key-mcp-attention-Inception-based-ND/analysis_data/hight64_rkmp_controls_v1/analysis/hight64/r11/k2/seed202/D0_labels.npy,/mnt/d/#PROJECT_RKNDIncECA/Related-key-mcp-attention-Inception-based-ND/analysis_data/hight64_rkmp_controls_v1/analysis/hight64/r11/k2/seed202/controls/D0_vs_D0/D0_control_a.npy,/mnt/d/#PROJECT_RKNDIncECA/Related-key-mcp-attention-Inception-based-ND/analysis_data/hight64_rkmp_controls_v1/analysis/hight64/r11/k2/seed202/controls/D0_vs_D0/D0_control_b.npy,/mnt/d/#PROJECT_RKNDIncECA/Related-key-mcp-attention-Inception-based-ND/analysis_data/hight64_rkmp_controls_v1/analysis/hight64/r11/k2/seed202/controls/D1_vs_D1/D1_control_a.npy,/mnt/d/#PROJECT_RKNDIncECA/Related-key-mcp-attention-Inception-based-ND/analysis_data/hight64_rkmp_controls_v1/analysis/hight64/r11/k2/seed202/controls/D1_vs_D1/D1_control_b.npy,/mnt/d/#PROJECT_RKNDIncECA/Related-key-mcp-attention-Inception-based-ND/analysis_data/hight64_rkmp_controls_v1/analysis/hight64/r11/k2/seed202/controls/pair_shuffled/D1_pair_shuffled.npy,7c408321a86ebaf19216a9bfede282423aefb7f65fde74f3f494cead0b5f4de9,0f2597d3ba8bbbb4910cc3ccaf7ff6c4b1cf7e0f9feb552ef4e0b4f7ebd267bc,948c2c1f7dd7040e2da66d3311c2acbf5c3e33f3980d82aa9043a3cde4e989d9,c4120d97279f18d23fd5c2ea7f83baf47e99e14bd54ae735829821df333de422,/mnt/d/#PROJECT_RKNDIncECA/Related-key-mcp-attention-Inception-based-ND/analysis_data/hight64_rkmp_controls_v1/analysis/hight64/r11/k2/seed202/run_config.json,/mnt/d/#PROJECT_RKNDIncECA/Related-key-mcp-attention-Inception-based-ND/analysis_data/hight64_rkmp_controls_v1/analysis/hight64/r11/k2/seed202/protocol_validation.json,/mnt/d/#PROJECT_RKNDIncECA/Related-key-mcp-attention-Inception-based-ND/analysis_data/hight64_rkmp_controls_v1/analysis/hight64/r11/k2/seed202/control_metadata.json,True,3.936694,26901152,c732cb2912a857a70ff7e6ec31209da27977d2180224e4b05fe4ff3fbc5f0063,2026-07-17T13:13:09.970708+00:00,completed
hight64_rkmp_controls_v1,analysis,HIGHT-64,hight64,cipher.hight,11,2,203,203,10000,64,128,0x4000000000000000,0x00000000000000000000000040000000,97,msb0,delta_C||C||C_star,grouped,shared,uint8,"[10000, 2, 192]",/mnt/d/#PROJECT_RKNDIncECA/Related-key-mcp-attention-Inception-based-ND/analysis_data/hight64_rkmp_controls_v1/analysis/hight64/r11/k2/seed203/D1_structured.npy,/mnt/d/#PROJECT_RKNDIncECA/Related-key-mcp-attention-Inception-based-ND/analysis_data/hight64_rkmp_controls_v1/analysis/hight64/r11/k2/seed203/D0_null.npy,/mnt/d/#PROJECT_RKNDIncECA/Related-key-mcp-attention-Inception-based-ND/analysis_data/hight64_rkmp_controls_v1/analysis/hight64/r11/k2/seed203/D1_labels.npy,/mnt/d/#PROJECT_RKNDIncECA/Related-key-mcp-attention-Inception-based-ND/analysis_data/hight64_rkmp_controls_v1/analysis/hight64/r11/k2/seed203/D0_labels.npy,/mnt/d/#PROJECT_RKNDIncECA/Related-key-mcp-attention-Inception-based-ND/analysis_data/hight64_rkmp_controls_v1/analysis/hight64/r11/k2/seed203/controls/D0_vs_D0/D0_control_a.npy,/mnt/d/#PROJECT_RKNDIncECA/Related-key-mcp-attention-Inception-based-ND/analysis_data/hight64_rkmp_controls_v1/analysis/hight64/r11/k2/seed203/controls/D0_vs_D0/D0_control_b.npy,/mnt/d/#PROJECT_RKNDIncECA/Related-key-mcp-attention-Inception-based-ND/analysis_data/hight64_rkmp_controls_v1/analysis/hight64/r11/k2/seed203/controls/D1_vs_D1/D1_control_a.npy,/mnt/d/#PROJECT_RKNDIncECA/Related-key-mcp-attention-Inception-based-ND/analysis_data/hight64_rkmp_controls_v1/analysis/hight64/r11/k2/seed203/controls/D1_vs_D1/D1_control_b.npy,/mnt/d/#PROJECT_RKNDIncECA/Related-key-mcp-attention-Inception-based-ND/analysis_data/hight64_rkmp_controls_v1/analysis/hight64/r11/k2/seed203/controls/pair_shuffled/D1_pair_shuffled.npy,40da5967549ac18bd18dd39241f034d27f409d39f36d9ce9d6ef81960d1bc50c,2ddb718752e183a9d9555b3b827ddd792cc20ef67788b0ece2e53d02882a9c9e,d710ceea88f2dc47d7b07d8f89a71f838c6bf3ab4e5f5df3f20c6eec6e44a54c,1e868a3affc8d7ef68acb59c807cf49054ebe1ed8279dd9a46baf5c5432eee4e,/mnt/d/#PROJECT_RKNDIncECA/Related-key-mcp-attention-Inception-based-ND/analysis_data/hight64_rkmp_controls_v1/analysis/hight64/r11/k2/seed203/run_config.json,/mnt/d/#PROJECT_RKNDIncECA/Related-key-mcp-attention-Inception-based-ND/analysis_data/hight64_rkmp_controls_v1/analysis/hight64/r11/k2/seed203/protocol_validation.json,/mnt/d/#PROJECT_RKNDIncECA/Related-key-mcp-attention-Inception-based-ND/analysis_data/hight64_rkmp_controls_v1/analysis/hight64/r11/k2/seed203/control_metadata.json,True,3.657173,26901152,1c5170e95e6f6bdbed539804df9a64f17eb43cf9f9ea1cc11b8a587397d6579c,2026-07-17T13:13:13.688620+00:00,completed
hight64_rkmp_controls_v1,analysis,HIGHT-64,hight64,cipher.hight,11,4,201,201,10000,64,128,0x4000000000000000,0x00000000000000000000000040000000,97,msb0,delta_C||C||C_star,grouped,shared,uint8,"[10000, 4, 192]",/mnt/d/#PROJECT_RKNDIncECA/Related-key-mcp-attention-Inception-based-ND/analysis_data/hight64_rkmp_controls_v1/analysis/hight64/r11/k4/seed201/D1_structured.npy,/mnt/d/#PROJECT_RKNDIncECA/Related-key-mcp-attention-Inception-based-ND/analysis_data/hight64_rkmp_controls_v1/analysis/hight64/r11/k4/seed201/D0_null.npy,/mnt/d/#PROJECT_RKNDIncECA/Related-key-mcp-attention-Inception-based-ND/analysis_data/hight64_rkmp_controls_v1/analysis/hight64/r11/k4/seed201/D1_labels.npy,/mnt/d/#PROJECT_RKNDIncECA/Related-key-mcp-attention-Inception-based-ND/analysis_data/hight64_rkmp_controls_v1/analysis/hight64/r11/k4/seed201/D0_labels.npy,/mnt/d/#PROJECT_RKNDIncECA/Related-key-mcp-attention-Inception-based-ND/analysis_data/hight64_rkmp_controls_v1/analysis/hight64/r11/k4/seed201/controls/D0_vs_D0/D0_control_a.npy,/mnt/d/#PROJECT_RKNDIncECA/Related-key-mcp-attention-Inception-based-ND/analysis_data/hight64_rkmp_controls_v1/analysis/hight64/r11/k4/seed201/controls/D0_vs_D0/D0_control_b.npy,/mnt/d/#PROJECT_RKNDIncECA/Related-key-mcp-attention-Inception-based-ND/analysis_data/hight64_rkmp_controls_v1/analysis/hight64/r11/k4/seed201/controls/D1_vs_D1/D1_control_a.npy,/mnt/d/#PROJECT_RKNDIncECA/Related-key-mcp-attention-Inception-based-ND/analysis_data/hight64_rkmp_controls_v1/analysis/hight64/r11/k4/seed201/controls/D1_vs_D1/D1_control_b.npy,/mnt/d/#PROJECT_RKNDIncECA/Related-key-mcp-attention-Inception-based-ND/analysis_data/hight64_rkmp_controls_v1/analysis/hight64/r11/k4/seed201/controls/pair_shuffled/D1_pair_shuffled.npy,a120bc32dc4fef5234d164918bddc97cfba56416762a8be4e8933349795509d9,7b8c9c23b0c0f24c85124f5bb037ff217e8a24d30cefe0d54623e485866d1c0e,b38b0e800de144f1eafa3316cf6e954aeff45d12398927d7a7fe9258a692ac20,92e034c2e23488084f68023a9a6ce97851df974a8e0a27e0f213b570404d882f,/mnt/d/#PROJECT_RKNDIncECA/Related-key-mcp-attention-Inception-based-ND/analysis_data/hight64_rkmp_controls_v1/analysis/hight64/r11/k4/seed201/run_config.json,/mnt/d/#PROJECT_RKNDIncECA/Related-key-mcp-attention-Inception-based-ND/analysis_data/hight64_rkmp_controls_v1/analysis/hight64/r11/k4/seed201/protocol_validation.json,/mnt/d/#PROJECT_RKNDIncECA/Related-key-mcp-attention-Inception-based-ND/analysis_data/hight64_rkmp_controls_v1/analysis/hight64/r11/k4/seed201/control_metadata.json,True,5.261551,53781152,496a02d48fecb44d93c93b109f4ddb148fe3ee1a5d8e5f11a0372a9dfb48486b,2026-07-17T13:13:19.243132+00:00,completed
hight64_rkmp_controls_v1,analysis,HIGHT-64,hight64,cipher.hight,11,4,202,202,10000,64,128,0x4000000000000000,0x00000000000000000000000040000000,97,msb0,delta_C||C||C_star,grouped,shared,uint8,"[10000, 4, 192]",/mnt/d/#PROJECT_RKNDIncECA/Related-key-mcp-attention-Inception-based-ND/analysis_data/hight64_rkmp_controls_v1/analysis/hight64/r11/k4/seed202/D1_structured.npy,/mnt/d/#PROJECT_RKNDIncECA/Related-key-mcp-attention-Inception-based-ND/analysis_data/hight64_rkmp_controls_v1/analysis/hight64/r11/k4/seed202/D0_null.npy,/mnt/d/#PROJECT_RKNDIncECA/Related-key-mcp-attention-Inception-based-ND/analysis_data/hight64_rkmp_controls_v1/analysis/hight64/r11/k4/seed202/D1_labels.npy,/mnt/d/#PROJECT_RKNDIncECA/Related-key-mcp-attention-Inception-based-ND/analysis_data/hight64_rkmp_controls_v1/analysis/hight64/r11/k4/seed202/D0_labels.npy,/mnt/d/#PROJECT_RKNDIncECA/Related-key-mcp-attention-Inception-based-ND/analysis_data/hight64_rkmp_controls_v1/analysis/hight64/r11/k4/seed202/controls/D0_vs_D0/D0_control_a.npy,/mnt/d/#PROJECT_RKNDIncECA/Related-key-mcp-attention-Inception-based-ND/analysis_data/hight64_rkmp_controls_v1/analysis/hight64/r11/k4/seed202/controls/D0_vs_D0/D0_control_b.npy,/mnt/d/#PROJECT_RKNDIncECA/Related-key-mcp-attention-Inception-based-ND/analysis_data/hight64_rkmp_controls_v1/analysis/hight64/r11/k4/seed202/controls/D1_vs_D1/D1_control_a.npy,/mnt/d/#PROJECT_RKNDIncECA/Related-key-mcp-attention-Inception-based-ND/analysis_data/hight64_rkmp_controls_v1/analysis/hight64/r11/k4/seed202/controls/D1_vs_D1/D1_control_b.npy,/mnt/d/#PROJECT_RKNDIncECA/Related-key-mcp-attention-Inception-based-ND/analysis_data/hight64_rkmp_controls_v1/analysis/hight64/r11/k4/seed202/controls/pair_shuffled/D1_pair_shuffled.npy,4ea3be8e48733f20adeb1274f15dbf71675a7a5b0bc0e53d15ab143e2882c8a8,d0347aa23ca3e22d0d5178e27a12fe449e89f1ae7fdfa56aad1152c70d8adb59,951b06ee86b32ab31db4bdb09d4381c7b0dff3b8145492e946b802252ebf3185,75ed81c4d7f7837f3b3f43731652ac1b2b123c4d7bd10a02dc292f29aacea84f,/mnt/d/#PROJECT_RKNDIncECA/Related-key-mcp-attention-Inception-based-ND/analysis_data/hight64_rkmp_controls_v1/analysis/hight64/r11/k4/seed202/run_config.json,/mnt/d/#PROJECT_RKNDIncECA/Related-key-mcp-attention-Inception-based-ND/analysis_data/hight64_rkmp_controls_v1/analysis/hight64/r11/k4/seed202/protocol_validation.json,/mnt/d/#PROJECT_RKNDIncECA/Related-key-mcp-attention-Inception-based-ND/analysis_data/hight64_rkmp_controls_v1/analysis/hight64/r11/k4/seed202/control_metadata.json,True,3.290991,53781152,c854e0bb037593d21cb7d9608ad273343d36d10d41b13402cf0be9422f150441,2026-07-17T13:13:22.582464+00:00,completed
hight64_rkmp_controls_v1,analysis,HIGHT-64,hight64,cipher.hight,11,4,203,203,10000,64,128,0x4000000000000000,0x00000000000000000000000040000000,97,msb0,delta_C||C||C_star,grouped,shared,uint8,"[10000, 4, 192]",/mnt/d/#PROJECT_RKNDIncECA/Related-key-mcp-attention-Inception-based-ND/analysis_data/hight64_rkmp_controls_v1/analysis/hight64/r11/k4/seed203/D1_structured.npy,/mnt/d/#PROJECT_RKNDIncECA/Related-key-mcp-attention-Inception-based-ND/analysis_data/hight64_rkmp_controls_v1/analysis/hight64/r11/k4/seed203/D0_null.npy,/mnt/d/#PROJECT_RKNDIncECA/Related-key-mcp-attention-Inception-based-ND/analysis_data/hight64_rkmp_controls_v1/analysis/hight64/r11/k4/seed203/D1_labels.npy,/mnt/d/#PROJECT_RKNDIncECA/Related-key-mcp-attention-Inception-based-ND/analysis_data/hight64_rkmp_controls_v1/analysis/hight64/r11/k4/seed203/D0_labels.npy,/mnt/d/#PROJECT_RKNDIncECA/Related-key-mcp-attention-Inception-based-ND/analysis_data/hight64_rkmp_controls_v1/analysis/hight64/r11/k4/seed203/controls/D0_vs_D0/D0_control_a.npy,/mnt/d/#PROJECT_RKNDIncECA/Related-key-mcp-attention-Inception-based-ND/analysis_data/hight64_rkmp_controls_v1/analysis/hight64/r11/k4/seed203/controls/D0_vs_D0/D0_control_b.npy,/mnt/d/#PROJECT_RKNDIncECA/Related-key-mcp-attention-Inception-based-ND/analysis_data/hight64_rkmp_controls_v1/analysis/hight64/r11/k4/seed203/controls/D1_vs_D1/D1_control_a.npy,/mnt/d/#PROJECT_RKNDIncECA/Related-key-mcp-attention-Inception-based-ND/analysis_data/hight64_rkmp_controls_v1/analysis/hight64/r11/k4/seed203/controls/D1_vs_D1/D1_control_b.npy,/mnt/d/#PROJECT_RKNDIncECA/Related-key-mcp-attention-Inception-based-ND/analysis_data/hight64_rkmp_controls_v1/analysis/hight64/r11/k4/seed203/controls/pair_shuffled/D1_pair_shuffled.npy,2092a321fd4b51caee544ffa747592a3fbac4e6829ffa3d41637394e1bca0b25,d40d45256fd0c3423df60441daa38257ada34136a5fae3b75d3949345ee17fe0,1b150b041e3e0ef279ba603260a03681c194531d4b91cfce67d44ae090ba12e6,e094ed09e1316303791e49a832f87f3fc3a94b43954375d5cadbcd273b77886b,/mnt/d/#PROJECT_RKNDIncECA/Related-key-mcp-attention-Inception-based-ND/analysis_data/hight64_rkmp_controls_v1/analysis/hight64/r11/k4/seed203/run_config.json,/mnt/d/#PROJECT_RKNDIncECA/Related-key-mcp-attention-Inception-based-ND/analysis_data/hight64_rkmp_controls_v1/analysis/hight64/r11/k4/seed203/protocol_validation.json,/mnt/d/#PROJECT_RKNDIncECA/Related-key-mcp-attention-Inception-based-ND/analysis_data/hight64_rkmp_controls_v1/analysis/hight64/r11/k4/seed203/control_metadata.json,True,3.740432,53781152,f445b24b2df08ccfa1bb15a710675c7fb7a0b6d33b2351cd8b0c67dbbd29d8a0,2026-07-17T13:13:26.375686+00:00,completed
hight64_rkmp_controls_v1,analysis,HIGHT-64,hight64,cipher.hight,11,8,201,201,10000,64,128,0x4000000000000000,0x00000000000000000000000040000000,97,msb0,delta_C||C||C_star,grouped,shared,uint8,"[10000, 8, 192]",/mnt/d/#PROJECT_RKNDIncECA/Related-key-mcp-attention-Inception-based-ND/analysis_data/hight64_rkmp_controls_v1/analysis/hight64/r11/k8/seed201/D1_structured.npy,/mnt/d/#PROJECT_RKNDIncECA/Related-key-mcp-attention-Inception-based-ND/analysis_data/hight64_rkmp_controls_v1/analysis/hight64/r11/k8/seed201/D0_null.npy,/mnt/d/#PROJECT_RKNDIncECA/Related-key-mcp-attention-Inception-based-ND/analysis_data/hight64_rkmp_controls_v1/analysis/hight64/r11/k8/seed201/D1_labels.npy,/mnt/d/#PROJECT_RKNDIncECA/Related-key-mcp-attention-Inception-based-ND/analysis_data/hight64_rkmp_controls_v1/analysis/hight64/r11/k8/seed201/D0_labels.npy,/mnt/d/#PROJECT_RKNDIncECA/Related-key-mcp-attention-Inception-based-ND/analysis_data/hight64_rkmp_controls_v1/analysis/hight64/r11/k8/seed201/controls/D0_vs_D0/D0_control_a.npy,/mnt/d/#PROJECT_RKNDIncECA/Related-key-mcp-attention-Inception-based-ND/analysis_data/hight64_rkmp_controls_v1/analysis/hight64/r11/k8/seed201/controls/D0_vs_D0/D0_control_b.npy,/mnt/d/#PROJECT_RKNDIncECA/Related-key-mcp-attention-Inception-based-ND/analysis_data/hight64_rkmp_controls_v1/analysis/hight64/r11/k8/seed201/controls/D1_vs_D1/D1_control_a.npy,/mnt/d/#PROJECT_RKNDIncECA/Related-key-mcp-attention-Inception-based-ND/analysis_data/hight64_rkmp_controls_v1/analysis/hight64/r11/k8/seed201/controls/D1_vs_D1/D1_control_b.npy,/mnt/d/#PROJECT_RKNDIncECA/Related-key-mcp-attention-Inception-based-ND/analysis_data/hight64_rkmp_controls_v1/analysis/hight64/r11/k8/seed201/controls/pair_shuffled/D1_pair_shuffled.npy,396b0ba287dc0a0f3026392de28d99b10a4651871addcc89a4b17fc8d452d4d3,85b89828b273cdc3d8c85b6f9094c0ddddfbafb46bb54dbb8b08edec5c16672a,aa6392358dee0dcd9f1138506eeb4f2bca2bdbf2f74ee38601e265e15acbcdcc,e73b5cdebc9e04873f8dd0c27ac054ad5a98472124b05ecbbbe2765a0ace776a,/mnt/d/#PROJECT_RKNDIncECA/Related-key-mcp-attention-Inception-based-ND/analysis_data/hight64_rkmp_controls_v1/analysis/hight64/r11/k8/seed201/run_config.json,/mnt/d/#PROJECT_RKNDIncECA/Related-key-mcp-attention-Inception-based-ND/analysis_data/hight64_rkmp_controls_v1/analysis/hight64/r11/k8/seed201/protocol_validation.json,/mnt/d/#PROJECT_RKNDIncECA/Related-key-mcp-attention-Inception-based-ND/analysis_data/hight64_rkmp_controls_v1/analysis/hight64/r11/k8/seed201/control_metadata.json,True,7.156813,107541152,aa6bf9a5edda0692e750ac21ae1430a3aa1ac17dde615d61f16ee9bc9eec39fe,2026-07-17T13:13:33.586863+00:00,completed
hight64_rkmp_controls_v1,analysis,HIGHT-64,hight64,cipher.hight,11,8,202,202,10000,64,128,0x4000000000000000,0x00000000000000000000000040000000,97,msb0,delta_C||C||C_star,grouped,shared,uint8,"[10000, 8, 192]",/mnt/d/#PROJECT_RKNDIncECA/Related-key-mcp-attention-Inception-based-ND/analysis_data/hight64_rkmp_controls_v1/analysis/hight64/r11/k8/seed202/D1_structured.npy,/mnt/d/#PROJECT_RKNDIncECA/Related-key-mcp-attention-Inception-based-ND/analysis_data/hight64_rkmp_controls_v1/analysis/hight64/r11/k8/seed202/D0_null.npy,/mnt/d/#PROJECT_RKNDIncECA/Related-key-mcp-attention-Inception-based-ND/analysis_data/hight64_rkmp_controls_v1/analysis/hight64/r11/k8/seed202/D1_labels.npy,/mnt/d/#PROJECT_RKNDIncECA/Related-key-mcp-attention-Inception-based-ND/analysis_data/hight64_rkmp_controls_v1/analysis/hight64/r11/k8/seed202/D0_labels.npy,/mnt/d/#PROJECT_RKNDIncECA/Related-key-mcp-attention-Inception-based-ND/analysis_data/hight64_rkmp_controls_v1/analysis/hight64/r11/k8/seed202/controls/D0_vs_D0/D0_control_a.npy,/mnt/d/#PROJECT_RKNDIncECA/Related-key-mcp-attention-Inception-based-ND/analysis_data/hight64_rkmp_controls_v1/analysis/hight64/r11/k8/seed202/controls/D0_vs_D0/D0_control_b.npy,/mnt/d/#PROJECT_RKNDIncECA/Related-key-mcp-attention-Inception-based-ND/analysis_data/hight64_rkmp_controls_v1/analysis/hight64/r11/k8/seed202/controls/D1_vs_D1/D1_control_a.npy,/mnt/d/#PROJECT_RKNDIncECA/Related-key-mcp-attention-Inception-based-ND/analysis_data/hight64_rkmp_controls_v1/analysis/hight64/r11/k8/seed202/controls/D1_vs_D1/D1_control_b.npy,/mnt/d/#PROJECT_RKNDIncECA/Related-key-mcp-attention-Inception-based-ND/analysis_data/hight64_rkmp_controls_v1/analysis/hight64/r11/k8/seed202/controls/pair_shuffled/D1_pair_shuffled.npy,d2cef43f67d6c30e58936681aed303ebeab27088f3265f932f7ba6eb26922a0b,b0ad7f8888a93346521a26f3e8b00fb8f2405885efa09f7dd1ea7f15af54d34f,d34fc06174dfe17838730fe9ee8767313ad3ba1b4a9f421e4905fee348a362b9,cbebd637a16fbeddc2babd2b30d4bcbf57561c87aa9ae78e56f030914544f84d,/mnt/d/#PROJECT_RKNDIncECA/Related-key-mcp-attention-Inception-based-ND/analysis_data/hight64_rkmp_controls_v1/analysis/hight64/r11/k8/seed202/run_config.json,/mnt/d/#PROJECT_RKNDIncECA/Related-key-mcp-attention-Inception-based-ND/analysis_data/hight64_rkmp_controls_v1/analysis/hight64/r11/k8/seed202/protocol_validation.json,/mnt/d/#PROJECT_RKNDIncECA/Related-key-mcp-attention-Inception-based-ND/analysis_data/hight64_rkmp_controls_v1/analysis/hight64/r11/k8/seed202/control_metadata.json,True,6.616435,107541152,ecf499398d0434f4a03ebf8a172a2e1635b0f284cab1335c23e36f78daca51ed,2026-07-17T13:13:43.881896+00:00,completed
hight64_rkmp_controls_v1,analysis,HIGHT-64,hight64,cipher.hight,11,8,203,203,10000,64,128,0x4000000000000000,0x00000000000000000000000040000000,97,msb0,delta_C||C||C_star,grouped,shared,uint8,"[10000, 8, 192]",/mnt/d/#PROJECT_RKNDIncECA/Related-key-mcp-attention-Inception-based-ND/analysis_data/hight64_rkmp_controls_v1/analysis/hight64/r11/k8/seed203/D1_structured.npy,/mnt/d/#PROJECT_RKNDIncECA/Related-key-mcp-attention-Inception-based-ND/analysis_data/hight64_rkmp_controls_v1/analysis/hight64/r11/k8/seed203/D0_null.npy,/mnt/d/#PROJECT_RKNDIncECA/Related-key-mcp-attention-Inception-based-ND/analysis_data/hight64_rkmp_controls_v1/analysis/hight64/r11/k8/seed203/D1_labels.npy,/mnt/d/#PROJECT_RKNDIncECA/Related-key-mcp-attention-Inception-based-ND/analysis_data/hight64_rkmp_controls_v1/analysis/hight64/r11/k8/seed203/D0_labels.npy,/mnt/d/#PROJECT_RKNDIncECA/Related-key-mcp-attention-Inception-based-ND/analysis_data/hight64_rkmp_controls_v1/analysis/hight64/r11/k8/seed203/controls/D0_vs_D0/D0_control_a.npy,/mnt/d/#PROJECT_RKNDIncECA/Related-key-mcp-attention-Inception-based-ND/analysis_data/hight64_rkmp_controls_v1/analysis/hight64/r11/k8/seed203/controls/D0_vs_D0/D0_control_b.npy,/mnt/d/#PROJECT_RKNDIncECA/Related-key-mcp-attention-Inception-based-ND/analysis_data/hight64_rkmp_controls_v1/analysis/hight64/r11/k8/seed203/controls/D1_vs_D1/D1_control_a.npy,/mnt/d/#PROJECT_RKNDIncECA/Related-key-mcp-attention-Inception-based-ND/analysis_data/hight64_rkmp_controls_v1/analysis/hight64/r11/k8/seed203/controls/D1_vs_D1/D1_control_b.npy,/mnt/d/#PROJECT_RKNDIncECA/Related-key-mcp-attention-Inception-based-ND/analysis_data/hight64_rkmp_controls_v1/analysis/hight64/r11/k8/seed203/controls/pair_shuffled/D1_pair_shuffled.npy,1d1f4ec58bc0efc087b3681a9e887165ba1af863d626bc9bc928e16fb70c4eb8,cd5547e10c2663013ec59309e130bd9fe2232d92c2f8bcd4ae41e6cff105bd7d,0857842a03d031d06560b520e89292dc5d59f450293ca4d20848870641ffeb49,c5c6ca55d1d3b0ace750dfb30f6f992a8f786af5d1d16ef3c284c1f56c00bf6f,/mnt/d/#PROJECT_RKNDIncECA/Related-key-mcp-attention-Inception-based-ND/analysis_data/hight64_rkmp_controls_v1/analysis/hight64/r11/k8/seed203/run_config.json,/mnt/d/#PROJECT_RKNDIncECA/Related-key-mcp-attention-Inception-based-ND/analysis_data/hight64_rkmp_controls_v1/analysis/hight64/r11/k8/seed203/protocol_validation.json,/mnt/d/#PROJECT_RKNDIncECA/Related-key-mcp-attention-Inception-based-ND/analysis_data/hight64_rkmp_controls_v1/analysis/hight64/r11/k8/seed203/control_metadata.json,True,6.5849,107541152,039570dfa20ef3ce7559de6158e4721773ecb07d6ef5bf2f10d35c2248bd5895,2026-07-17T13:13:50.522267+00:00,completed
hight64_rkmp_controls_v1,analysis,HIGHT-64,hight64,cipher.hight,11,16,201,201,10000,64,128,0x4000000000000000,0x00000000000000000000000040000000,97,msb0,delta_C||C||C_star,grouped,shared,uint8,"[10000, 16, 192]",/mnt/d/#PROJECT_RKNDIncECA/Related-key-mcp-attention-Inception-based-ND/analysis_data/hight64_rkmp_controls_v1/analysis/hight64/r11/k16/seed201/D1_structured.npy,/mnt/d/#PROJECT_RKNDIncECA/Related-key-mcp-attention-Inception-based-ND/analysis_data/hight64_rkmp_controls_v1/analysis/hight64/r11/k16/seed201/D0_null.npy,/mnt/d/#PROJECT_RKNDIncECA/Related-key-mcp-attention-Inception-based-ND/analysis_data/hight64_rkmp_controls_v1/analysis/hight64/r11/k16/seed201/D1_labels.npy,/mnt/d/#PROJECT_RKNDIncECA/Related-key-mcp-attention-Inception-based-ND/analysis_data/hight64_rkmp_controls_v1/analysis/hight64/r11/k16/seed201/D0_labels.npy,/mnt/d/#PROJECT_RKNDIncECA/Related-key-mcp-attention-Inception-based-ND/analysis_data/hight64_rkmp_controls_v1/analysis/hight64/r11/k16/seed201/controls/D0_vs_D0/D0_control_a.npy,/mnt/d/#PROJECT_RKNDIncECA/Related-key-mcp-attention-Inception-based-ND/analysis_data/hight64_rkmp_controls_v1/analysis/hight64/r11/k16/seed201/controls/D0_vs_D0/D0_control_b.npy,/mnt/d/#PROJECT_RKNDIncECA/Related-key-mcp-attention-Inception-based-ND/analysis_data/hight64_rkmp_controls_v1/analysis/hight64/r11/k16/seed201/controls/D1_vs_D1/D1_control_a.npy,/mnt/d/#PROJECT_RKNDIncECA/Related-key-mcp-attention-Inception-based-ND/analysis_data/hight64_rkmp_controls_v1/analysis/hight64/r11/k16/seed201/controls/D1_vs_D1/D1_control_b.npy,/mnt/d/#PROJECT_RKNDIncECA/Related-key-mcp-attention-Inception-based-ND/analysis_data/hight64_rkmp_controls_v1/analysis/hight64/r11/k16/seed201/controls/pair_shuffled/D1_pair_shuffled.npy,deab1b5bac61e7bd4b0879750376515511713d8817630d78970b47992ee45284,e9810ee1e0483ab330ae3f900d172599a4fbd90ee00b4be3f95c6d6c2ccd7ab2,b80ed8f1f38e80b8d96fd7dd33424645aec7c74abf6d74707c80b8d623eb60e0,c897660fef7d6d80e8191a1e4e2022bb4d559cac27c1d396686f86635f530192,/mnt/d/#PROJECT_RKNDIncECA/Related-key-mcp-attention-Inception-based-ND/analysis_data/hight64_rkmp_controls_v1/analysis/hight64/r11/k16/seed201/run_config.json,/mnt/d/#PROJECT_RKNDIncECA/Related-key-mcp-attention-Inception-based-ND/analysis_data/hight64_rkmp_controls_v1/analysis/hight64/r11/k16/seed201/protocol_validation.json,/mnt/d/#PROJECT_RKNDIncECA/Related-key-mcp-attention-Inception-based-ND/analysis_data/hight64_rkmp_controls_v1/analysis/hight64/r11/k16/seed201/control_metadata.json,True,14.295733,215061152,725f526b8c1222d25d8346138c6975ad980fde31b85ee62a84c870315501b453,2026-07-17T13:14:04.904464+00:00,completed
hight64_rkmp_controls_v1,analysis,HIGHT-64,hight64,cipher.hight,11,16,202,202,10000,64,128,0x4000000000000000,0x00000000000000000000000040000000,97,msb0,delta_C||C||C_star,grouped,shared,uint8,"[10000, 16, 192]",/mnt/d/#PROJECT_RKNDIncECA/Related-key-mcp-attention-Inception-based-ND/analysis_data/hight64_rkmp_controls_v1/analysis/hight64/r11/k16/seed202/D1_structured.npy,/mnt/d/#PROJECT_RKNDIncECA/Related-key-mcp-attention-Inception-based-ND/analysis_data/hight64_rkmp_controls_v1/analysis/hight64/r11/k16/seed202/D0_null.npy,/mnt/d/#PROJECT_RKNDIncECA/Related-key-mcp-attention-Inception-based-ND/analysis_data/hight64_rkmp_controls_v1/analysis/hight64/r11/k16/seed202/D1_labels.npy,/mnt/d/#PROJECT_RKNDIncECA/Related-key-mcp-attention-Inception-based-ND/analysis_data/hight64_rkmp_controls_v1/analysis/hight64/r11/k16/seed202/D0_labels.npy,/mnt/d/#PROJECT_RKNDIncECA/Related-key-mcp-attention-Inception-based-ND/analysis_data/hight64_rkmp_controls_v1/analysis/hight64/r11/k16/seed202/controls/D0_vs_D0/D0_control_a.npy,/mnt/d/#PROJECT_RKNDIncECA/Related-key-mcp-attention-Inception-based-ND/analysis_data/hight64_rkmp_controls_v1/analysis/hight64/r11/k16/seed202/controls/D0_vs_D0/D0_control_b.npy,/mnt/d/#PROJECT_RKNDIncECA/Related-key-mcp-attention-Inception-based-ND/analysis_data/hight64_rkmp_controls_v1/analysis/hight64/r11/k16/seed202/controls/D1_vs_D1/D1_control_a.npy,/mnt/d/#PROJECT_RKNDIncECA/Related-key-mcp-attention-Inception-based-ND/analysis_data/hight64_rkmp_controls_v1/analysis/hight64/r11/k16/seed202/controls/D1_vs_D1/D1_control_b.npy,/mnt/d/#PROJECT_RKNDIncECA/Related-key-mcp-attention-Inception-based-ND/analysis_data/hight64_rkmp_controls_v1/analysis/hight64/r11/k16/seed202/controls/pair_shuffled/D1_pair_shuffled.npy,3e1924c01921ee67556c56a6b88ff658355a3cd25a0cee728bc288439e906ead,ec110305f2d737557dd4307957dc92191e275bb1f333cb0172867fc959a3bb49,290acdc2eee8bac4731534ca506d322dd3b857243581aa1412e62b7b6e1f2e87,bb92ffa0f0d15dfa14b1ada71c751ef3a56302bc832738e74a6c80b960f1338a,/mnt/d/#PROJECT_RKNDIncECA/Related-key-mcp-attention-Inception-based-ND/analysis_data/hight64_rkmp_controls_v1/analysis/hight64/r11/k16/seed202/run_config.json,/mnt/d/#PROJECT_RKNDIncECA/Related-key-mcp-attention-Inception-based-ND/analysis_data/hight64_rkmp_controls_v1/analysis/hight64/r11/k16/seed202/protocol_validation.json,/mnt/d/#PROJECT_RKNDIncECA/Related-key-mcp-attention-Inception-based-ND/analysis_data/hight64_rkmp_controls_v1/analysis/hight64/r11/k16/seed202/control_metadata.json,True,12.325538,215061152,3c48f65b7717a367c6bc8258c245abd8833cb7a2ddf5958263f8a26e3664537a,2026-07-17T13:14:20.866706+00:00,completed
hight64_rkmp_controls_v1,analysis,HIGHT-64,hight64,cipher.hight,11,16,203,203,10000,64,128,0x4000000000000000,0x00000000000000000000000040000000,97,msb0,delta_C||C||C_star,grouped,shared,uint8,"[10000, 16, 192]",/mnt/d/#PROJECT_RKNDIncECA/Related-key-mcp-attention-Inception-based-ND/analysis_data/hight64_rkmp_controls_v1/analysis/hight64/r11/k16/seed203/D1_structured.npy,/mnt/d/#PROJECT_RKNDIncECA/Related-key-mcp-attention-Inception-based-ND/analysis_data/hight64_rkmp_controls_v1/analysis/hight64/r11/k16/seed203/D0_null.npy,/mnt/d/#PROJECT_RKNDIncECA/Related-key-mcp-attention-Inception-based-ND/analysis_data/hight64_rkmp_controls_v1/analysis/hight64/r11/k16/seed203/D1_labels.npy,/mnt/d/#PROJECT_RKNDIncECA/Related-key-mcp-attention-Inception-based-ND/analysis_data/hight64_rkmp_controls_v1/analysis/hight64/r11/k16/seed203/D0_labels.npy,/mnt/d/#PROJECT_RKNDIncECA/Related-key-mcp-attention-Inception-based-ND/analysis_data/hight64_rkmp_controls_v1/analysis/hight64/r11/k16/seed203/controls/D0_vs_D0/D0_control_a.npy,/mnt/d/#PROJECT_RKNDIncECA/Related-key-mcp-attention-Inception-based-ND/analysis_data/hight64_rkmp_controls_v1/analysis/hight64/r11/k16/seed203/controls/D0_vs_D0/D0_control_b.npy,/mnt/d/#PROJECT_RKNDIncECA/Related-key-mcp-attention-Inception-based-ND/analysis_data/hight64_rkmp_controls_v1/analysis/hight64/r11/k16/seed203/controls/D1_vs_D1/D1_control_a.npy,/mnt/d/#PROJECT_RKNDIncECA/Related-key-mcp-attention-Inception-based-ND/analysis_data/hight64_rkmp_controls_v1/analysis/hight64/r11/k16/seed203/controls/D1_vs_D1/D1_control_b.npy,/mnt/d/#PROJECT_RKNDIncECA/Related-key-mcp-attention-Inception-based-ND/analysis_data/hight64_rkmp_controls_v1/analysis/hight64/r11/k16/seed203/controls/pair_shuffled/D1_pair_shuffled.npy,ee2bf90aaf12fd8c2df5b847dcee9868ae56e491f61cd59f2bc65622f5101650,da4f85eccddbdab154cd68cd551a947a2b8f47c86eaf26513a9b9ba305064266,a3cce24e8a8c3962cbe9e85225cf18536898ff34acf49dcdbe01eac5719a47e4,7ff0e9c9f8f805df53c1443b99420121937e43bb0f98afbb88e756845884a3de,/mnt/d/#PROJECT_RKNDIncECA/Related-key-mcp-attention-Inception-based-ND/analysis_data/hight64_rkmp_controls_v1/analysis/hight64/r11/k16/seed203/run_config.json,/mnt/d/#PROJECT_RKNDIncECA/Related-key-mcp-attention-Inception-based-ND/analysis_data/hight64_rkmp_controls_v1/analysis/hight64/r11/k16/seed203/protocol_validation.json,/mnt/d/#PROJECT_RKNDIncECA/Related-key-mcp-attention-Inception-based-ND/analysis_data/hight64_rkmp_controls_v1/analysis/hight64/r11/k16/seed203/control_metadata.json,True,17.92409,215061152,aeb6cb8a48c5c2abb664bca6ecefc3188e4287a12d80cbc10a4a7ec3a067d325,2026-07-17T13:14:38.880738+00:00,completed
hight64_rkmp_controls_v1,analysis,HIGHT-64,hight64,cipher.hight,11,32,201,201,10000,64,128,0x4000000000000000,0x00000000000000000000000040000000,97,msb0,delta_C||C||C_star,grouped,shared,uint8,"[10000, 32, 192]",/mnt/d/#PROJECT_RKNDIncECA/Related-key-mcp-attention-Inception-based-ND/analysis_data/hight64_rkmp_controls_v1/analysis/hight64/r11/k32/seed201/D1_structured.npy,/mnt/d/#PROJECT_RKNDIncECA/Related-key-mcp-attention-Inception-based-ND/analysis_data/hight64_rkmp_controls_v1/analysis/hight64/r11/k32/seed201/D0_null.npy,/mnt/d/#PROJECT_RKNDIncECA/Related-key-mcp-attention-Inception-based-ND/analysis_data/hight64_rkmp_controls_v1/analysis/hight64/r11/k32/seed201/D1_labels.npy,/mnt/d/#PROJECT_RKNDIncECA/Related-key-mcp-attention-Inception-based-ND/analysis_data/hight64_rkmp_controls_v1/analysis/hight64/r11/k32/seed201/D0_labels.npy,/mnt/d/#PROJECT_RKNDIncECA/Related-key-mcp-attention-Inception-based-ND/analysis_data/hight64_rkmp_controls_v1/analysis/hight64/r11/k32/seed201/controls/D0_vs_D0/D0_control_a.npy,/mnt/d/#PROJECT_RKNDIncECA/Related-key-mcp-attention-Inception-based-ND/analysis_data/hight64_rkmp_controls_v1/analysis/hight64/r11/k32/seed201/controls/D0_vs_D0/D0_control_b.npy,/mnt/d/#PROJECT_RKNDIncECA/Related-key-mcp-attention-Inception-based-ND/analysis_data/hight64_rkmp_controls_v1/analysis/hight64/r11/k32/seed201/controls/D1_vs_D1/D1_control_a.npy,/mnt/d/#PROJECT_RKNDIncECA/Related-key-mcp-attention-Inception-based-ND/analysis_data/hight64_rkmp_controls_v1/analysis/hight64/r11/k32/seed201/controls/D1_vs_D1/D1_control_b.npy,/mnt/d/#PROJECT_RKNDIncECA/Related-key-mcp-attention-Inception-based-ND/analysis_data/hight64_rkmp_controls_v1/analysis/hight64/r11/k32/seed201/controls/pair_shuffled/D1_pair_shuffled.npy,cdff2d981b8144f43717770306f8a56aee5bc21019e9b44926f466abed6b4932,57c2396f82dd14f1ba3bf87f49eb3693fc37c9892e01e0ed066f26ad30ed26c8,026c11737f7b5b2daf4a5bb3a407f10e6f69811535dd544edbca7f2103a8f799,1abe090705f08905dcb8ede3533960123d2392f5fb86752451257339da61bd4e,/mnt/d/#PROJECT_RKNDIncECA/Related-key-mcp-attention-Inception-based-ND/analysis_data/hight64_rkmp_controls_v1/analysis/hight64/r11/k32/seed201/run_config.json,/mnt/d/#PROJECT_RKNDIncECA/Related-key-mcp-attention-Inception-based-ND/analysis_data/hight64_rkmp_controls_v1/analysis/hight64/r11/k32/seed201/protocol_validation.json,/mnt/d/#PROJECT_RKNDIncECA/Related-key-mcp-attention-Inception-based-ND/analysis_data/hight64_rkmp_controls_v1/analysis/hight64/r11/k32/seed201/control_metadata.json,True,26.342874,430101152,cccf7ce459e30b0927295aa7add347de3010cec9e1ca7add2a80d2321367e2ac,2026-07-17T13:15:08.902287+00:00,completed
hight64_rkmp_controls_v1,analysis,HIGHT-64,hight64,cipher.hight,11,32,202,202,10000,64,128,0x4000000000000000,0x00000000000000000000000040000000,97,msb0,delta_C||C||C_star,grouped,shared,uint8,"[10000, 32, 192]",/mnt/d/#PROJECT_RKNDIncECA/Related-key-mcp-attention-Inception-based-ND/analysis_data/hight64_rkmp_controls_v1/analysis/hight64/r11/k32/seed202/D1_structured.npy,/mnt/d/#PROJECT_RKNDIncECA/Related-key-mcp-attention-Inception-based-ND/analysis_data/hight64_rkmp_controls_v1/analysis/hight64/r11/k32/seed202/D0_null.npy,/mnt/d/#PROJECT_RKNDIncECA/Related-key-mcp-attention-Inception-based-ND/analysis_data/hight64_rkmp_controls_v1/analysis/hight64/r11/k32/seed202/D1_labels.npy,/mnt/d/#PROJECT_RKNDIncECA/Related-key-mcp-attention-Inception-based-ND/analysis_data/hight64_rkmp_controls_v1/analysis/hight64/r11/k32/seed202/D0_labels.npy,/mnt/d/#PROJECT_RKNDIncECA/Related-key-mcp-attention-Inception-based-ND/analysis_data/hight64_rkmp_controls_v1/analysis/hight64/r11/k32/seed202/controls/D0_vs_D0/D0_control_a.npy,/mnt/d/#PROJECT_RKNDIncECA/Related-key-mcp-attention-Inception-based-ND/analysis_data/hight64_rkmp_controls_v1/analysis/hight64/r11/k32/seed202/controls/D0_vs_D0/D0_control_b.npy,/mnt/d/#PROJECT_RKNDIncECA/Related-key-mcp-attention-Inception-based-ND/analysis_data/hight64_rkmp_controls_v1/analysis/hight64/r11/k32/seed202/controls/D1_vs_D1/D1_control_a.npy,/mnt/d/#PROJECT_RKNDIncECA/Related-key-mcp-attention-Inception-based-ND/analysis_data/hight64_rkmp_controls_v1/analysis/hight64/r11/k32/seed202/controls/D1_vs_D1/D1_control_b.npy,/mnt/d/#PROJECT_RKNDIncECA/Related-key-mcp-attention-Inception-based-ND/analysis_data/hight64_rkmp_controls_v1/analysis/hight64/r11/k32/seed202/controls/pair_shuffled/D1_pair_shuffled.npy,8c9d78ba367306d3edf78c8f00a9c43d5951fae231401e8f89b5ab62f13bf6d4,c5cada619f1ed1946c7c8fdf026c85de2da90b2fde0d363672a10a9857708bd0,ab56c7c5895fe92448927203123cbf2fe327b1537007d9fd9c06051237dd8d6c,54a86752b81ba0b15a5c89d6c85ec48d2ab1292683a92d36956435a27c16ab30,/mnt/d/#PROJECT_RKNDIncECA/Related-key-mcp-attention-Inception-based-ND/analysis_data/hight64_rkmp_controls_v1/analysis/hight64/r11/k32/seed202/run_config.json,/mnt/d/#PROJECT_RKNDIncECA/Related-key-mcp-attention-Inception-based-ND/analysis_data/hight64_rkmp_controls_v1/analysis/hight64/r11/k32/seed202/protocol_validation.json,/mnt/d/#PROJECT_RKNDIncECA/Related-key-mcp-attention-Inception-based-ND/analysis_data/hight64_rkmp_controls_v1/analysis/hight64/r11/k32/seed202/control_metadata.json,True,30.663296,430101152,ebaced8a7be7d6c49bf620c98665496aa2ee03318a0c7fc1013282a458ec9ecf,2026-07-17T13:15:43.206704+00:00,completed
hight64_rkmp_controls_v1,analysis,HIGHT-64,hight64,cipher.hight,11,32,203,203,10000,64,128,0x4000000000000000,0x00000000000000000000000040000000,97,msb0,delta_C||C||C_star,grouped,shared,uint8,"[10000, 32, 192]",/mnt/d/#PROJECT_RKNDIncECA/Related-key-mcp-attention-Inception-based-ND/analysis_data/hight64_rkmp_controls_v1/analysis/hight64/r11/k32/seed203/D1_structured.npy,/mnt/d/#PROJECT_RKNDIncECA/Related-key-mcp-attention-Inception-based-ND/analysis_data/hight64_rkmp_controls_v1/analysis/hight64/r11/k32/seed203/D0_null.npy,/mnt/d/#PROJECT_RKNDIncECA/Related-key-mcp-attention-Inception-based-ND/analysis_data/hight64_rkmp_controls_v1/analysis/hight64/r11/k32/seed203/D1_labels.npy,/mnt/d/#PROJECT_RKNDIncECA/Related-key-mcp-attention-Inception-based-ND/analysis_data/hight64_rkmp_controls_v1/analysis/hight64/r11/k32/seed203/D0_labels.npy,/mnt/d/#PROJECT_RKNDIncECA/Related-key-mcp-attention-Inception-based-ND/analysis_data/hight64_rkmp_controls_v1/analysis/hight64/r11/k32/seed203/controls/D0_vs_D0/D0_control_a.npy,/mnt/d/#PROJECT_RKNDIncECA/Related-key-mcp-attention-Inception-based-ND/analysis_data/hight64_rkmp_controls_v1/analysis/hight64/r11/k32/seed203/controls/D0_vs_D0/D0_control_b.npy,/mnt/d/#PROJECT_RKNDIncECA/Related-key-mcp-attention-Inception-based-ND/analysis_data/hight64_rkmp_controls_v1/analysis/hight64/r11/k32/seed203/controls/D1_vs_D1/D1_control_a.npy,/mnt/d/#PROJECT_RKNDIncECA/Related-key-mcp-attention-Inception-based-ND/analysis_data/hight64_rkmp_controls_v1/analysis/hight64/r11/k32/seed203/controls/D1_vs_D1/D1_control_b.npy,/mnt/d/#PROJECT_RKNDIncECA/Related-key-mcp-attention-Inception-based-ND/analysis_data/hight64_rkmp_controls_v1/analysis/hight64/r11/k32/seed203/controls/pair_shuffled/D1_pair_shuffled.npy,e0221073e8f8c807088ad3c057facec96d790f3ded5c4a92f5adec69bcd02cc9,3b0da5de76c7e0b40904a1109dc4fad42221e9e04bcde95d94f1e182cef74257,574607f345b9a1041be23b94ed3ab5be7e72fbd04d44297e85fe40c736130307,6b45da39c1893acd308359bf5feec49a5403bc5c2ede03dc06bcc0522c048f84,/mnt/d/#PROJECT_RKNDIncECA/Related-key-mcp-attention-Inception-based-ND/analysis_data/hight64_rkmp_controls_v1/analysis/hight64/r11/k32/seed203/run_config.json,/mnt/d/#PROJECT_RKNDIncECA/Related-key-mcp-attention-Inception-based-ND/analysis_data/hight64_rkmp_controls_v1/analysis/hight64/r11/k32/seed203/protocol_validation.json,/mnt/d/#PROJECT_RKNDIncECA/Related-key-mcp-attention-Inception-based-ND/analysis_data/hight64_rkmp_controls_v1/analysis/hight64/r11/k32/seed203/control_metadata.json,True,26.40028,430101152,8a3d4558b20f02fe2d10dfb3b8ae1e33187fe3feffb31e40a01cbb3c37956348,2026-07-17T13:16:12.871183+00:00,completed
hight64_rkmp_controls_v1,analysis,HIGHT-64,hight64,cipher.hight,12,1,201,201,10000,64,128,0x4000000000000000,0x00000000000000000000000040000000,97,msb0,delta_C||C||C_star,grouped,shared,uint8,"[10000, 1, 192]",/mnt/d/#PROJECT_RKNDIncECA/Related-key-mcp-attention-Inception-based-ND/analysis_data/hight64_rkmp_controls_v1/analysis/hight64/r12/k1/seed201/D1_structured.npy,/mnt/d/#PROJECT_RKNDIncECA/Related-key-mcp-attention-Inception-based-ND/analysis_data/hight64_rkmp_controls_v1/analysis/hight64/r12/k1/seed201/D0_null.npy,/mnt/d/#PROJECT_RKNDIncECA/Related-key-mcp-attention-Inception-based-ND/analysis_data/hight64_rkmp_controls_v1/analysis/hight64/r12/k1/seed201/D1_labels.npy,/mnt/d/#PROJECT_RKNDIncECA/Related-key-mcp-attention-Inception-based-ND/analysis_data/hight64_rkmp_controls_v1/analysis/hight64/r12/k1/seed201/D0_labels.npy,/mnt/d/#PROJECT_RKNDIncECA/Related-key-mcp-attention-Inception-based-ND/analysis_data/hight64_rkmp_controls_v1/analysis/hight64/r12/k1/seed201/controls/D0_vs_D0/D0_control_a.npy,/mnt/d/#PROJECT_RKNDIncECA/Related-key-mcp-attention-Inception-based-ND/analysis_data/hight64_rkmp_controls_v1/analysis/hight64/r12/k1/seed201/controls/D0_vs_D0/D0_control_b.npy,/mnt/d/#PROJECT_RKNDIncECA/Related-key-mcp-attention-Inception-based-ND/analysis_data/hight64_rkmp_controls_v1/analysis/hight64/r12/k1/seed201/controls/D1_vs_D1/D1_control_a.npy,/mnt/d/#PROJECT_RKNDIncECA/Related-key-mcp-attention-Inception-based-ND/analysis_data/hight64_rkmp_controls_v1/analysis/hight64/r12/k1/seed201/controls/D1_vs_D1/D1_control_b.npy,/mnt/d/#PROJECT_RKNDIncECA/Related-key-mcp-attention-Inception-based-ND/analysis_data/hight64_rkmp_controls_v1/analysis/hight64/r12/k1/seed201/controls/pair_shuffled/D1_pair_shuffled.npy,e2f3b835af5055b07735c6aa6ca9b6dc2efa21399be4ba7672d8744f3df4cd45,11059d94c62430b65e2f1d487364df9fa9cfe5066f9e9e38a87757ca039fcffa,9e29d3410f9eb2352233e6eb316d935b8645f2a222459e308d17a464cab53d67,02a73db90383927b28e731dd4a05b106269e4eacb4e40f57507b4492c916a891,/mnt/d/#PROJECT_RKNDIncECA/Related-key-mcp-attention-Inception-based-ND/analysis_data/hight64_rkmp_controls_v1/analysis/hight64/r12/k1/seed201/run_config.json,/mnt/d/#PROJECT_RKNDIncECA/Related-key-mcp-attention-Inception-based-ND/analysis_data/hight64_rkmp_controls_v1/analysis/hight64/r12/k1/seed201/protocol_validation.json,/mnt/d/#PROJECT_RKNDIncECA/Related-key-mcp-attention-Inception-based-ND/analysis_data/hight64_rkmp_controls_v1/analysis/hight64/r12/k1/seed201/control_metadata.json,True,1.617859,13461152,a66482b4d7668f9d04b6e2856c357b5b4b762de54b19d58b93a08e7dc1b8cefa,2026-07-17T13:16:14.563189+00:00,completed
hight64_rkmp_controls_v1,analysis,HIGHT-64,hight64,cipher.hight,12,1,202,202,10000,64,128,0x4000000000000000,0x00000000000000000000000040000000,97,msb0,delta_C||C||C_star,grouped,shared,uint8,"[10000, 1, 192]",/mnt/d/#PROJECT_RKNDIncECA/Related-key-mcp-attention-Inception-based-ND/analysis_data/hight64_rkmp_controls_v1/analysis/hight64/r12/k1/seed202/D1_structured.npy,/mnt/d/#PROJECT_RKNDIncECA/Related-key-mcp-attention-Inception-based-ND/analysis_data/hight64_rkmp_controls_v1/analysis/hight64/r12/k1/seed202/D0_null.npy,/mnt/d/#PROJECT_RKNDIncECA/Related-key-mcp-attention-Inception-based-ND/analysis_data/hight64_rkmp_controls_v1/analysis/hight64/r12/k1/seed202/D1_labels.npy,/mnt/d/#PROJECT_RKNDIncECA/Related-key-mcp-attention-Inception-based-ND/analysis_data/hight64_rkmp_controls_v1/analysis/hight64/r12/k1/seed202/D0_labels.npy,/mnt/d/#PROJECT_RKNDIncECA/Related-key-mcp-attention-Inception-based-ND/analysis_data/hight64_rkmp_controls_v1/analysis/hight64/r12/k1/seed202/controls/D0_vs_D0/D0_control_a.npy,/mnt/d/#PROJECT_RKNDIncECA/Related-key-mcp-attention-Inception-based-ND/analysis_data/hight64_rkmp_controls_v1/analysis/hight64/r12/k1/seed202/controls/D0_vs_D0/D0_control_b.npy,/mnt/d/#PROJECT_RKNDIncECA/Related-key-mcp-attention-Inception-based-ND/analysis_data/hight64_rkmp_controls_v1/analysis/hight64/r12/k1/seed202/controls/D1_vs_D1/D1_control_a.npy,/mnt/d/#PROJECT_RKNDIncECA/Related-key-mcp-attention-Inception-based-ND/analysis_data/hight64_rkmp_controls_v1/analysis/hight64/r12/k1/seed202/controls/D1_vs_D1/D1_control_b.npy,/mnt/d/#PROJECT_RKNDIncECA/Related-key-mcp-attention-Inception-based-ND/analysis_data/hight64_rkmp_controls_v1/analysis/hight64/r12/k1/seed202/controls/pair_shuffled/D1_pair_shuffled.npy,696cb4bcec287dc823a6dace31605b459672643fa59bb2b62fa96a5ca2c379ba,5c88ef3ff78a2b868960e641c9621e732d537852b936b0ee4bfe48a8e126162f,9d886076eac730c40aa32b7a292dc1305b5e0acb7d38c014f820817f95788a97,1f00fe0075810d0be643f0af9ca25f6fd5753e698bb5dea33c2843034d51fe37,/mnt/d/#PROJECT_RKNDIncECA/Related-key-mcp-attention-Inception-based-ND/analysis_data/hight64_rkmp_controls_v1/analysis/hight64/r12/k1/seed202/run_config.json,/mnt/d/#PROJECT_RKNDIncECA/Related-key-mcp-attention-Inception-based-ND/analysis_data/hight64_rkmp_controls_v1/analysis/hight64/r12/k1/seed202/protocol_validation.json,/mnt/d/#PROJECT_RKNDIncECA/Related-key-mcp-attention-Inception-based-ND/analysis_data/hight64_rkmp_controls_v1/analysis/hight64/r12/k1/seed202/control_metadata.json,True,1.573728,13461152,fbe2433768b458bc9fbe84006ff1071c160d45ea98f4b195f8cad78754e8a199,2026-07-17T13:16:16.213799+00:00,completed
hight64_rkmp_controls_v1,analysis,HIGHT-64,hight64,cipher.hight,12,1,203,203,10000,64,128,0x4000000000000000,0x00000000000000000000000040000000,97,msb0,delta_C||C||C_star,grouped,shared,uint8,"[10000, 1, 192]",/mnt/d/#PROJECT_RKNDIncECA/Related-key-mcp-attention-Inception-based-ND/analysis_data/hight64_rkmp_controls_v1/analysis/hight64/r12/k1/seed203/D1_structured.npy,/mnt/d/#PROJECT_RKNDIncECA/Related-key-mcp-attention-Inception-based-ND/analysis_data/hight64_rkmp_controls_v1/analysis/hight64/r12/k1/seed203/D0_null.npy,/mnt/d/#PROJECT_RKNDIncECA/Related-key-mcp-attention-Inception-based-ND/analysis_data/hight64_rkmp_controls_v1/analysis/hight64/r12/k1/seed203/D1_labels.npy,/mnt/d/#PROJECT_RKNDIncECA/Related-key-mcp-attention-Inception-based-ND/analysis_data/hight64_rkmp_controls_v1/analysis/hight64/r12/k1/seed203/D0_labels.npy,/mnt/d/#PROJECT_RKNDIncECA/Related-key-mcp-attention-Inception-based-ND/analysis_data/hight64_rkmp_controls_v1/analysis/hight64/r12/k1/seed203/controls/D0_vs_D0/D0_control_a.npy,/mnt/d/#PROJECT_RKNDIncECA/Related-key-mcp-attention-Inception-based-ND/analysis_data/hight64_rkmp_controls_v1/analysis/hight64/r12/k1/seed203/controls/D0_vs_D0/D0_control_b.npy,/mnt/d/#PROJECT_RKNDIncECA/Related-key-mcp-attention-Inception-based-ND/analysis_data/hight64_rkmp_controls_v1/analysis/hight64/r12/k1/seed203/controls/D1_vs_D1/D1_control_a.npy,/mnt/d/#PROJECT_RKNDIncECA/Related-key-mcp-attention-Inception-based-ND/analysis_data/hight64_rkmp_controls_v1/analysis/hight64/r12/k1/seed203/controls/D1_vs_D1/D1_control_b.npy,/mnt/d/#PROJECT_RKNDIncECA/Related-key-mcp-attention-Inception-based-ND/analysis_data/hight64_rkmp_controls_v1/analysis/hight64/r12/k1/seed203/controls/pair_shuffled/D1_pair_shuffled.npy,c030de84c94678ba001a1443310dbead0229cd7b6da5c9b2f27af2ca401b7f60,a503e2b81e628cde6edc46d9421b404f1be82bbb26ce50e085040b0569db9f70,a0d06814c0cb9c4d4b0cbbf06192d4a708cb3ebc66fe1c1752a094f0fda027f6,c679c611d2ff1f872cfce7236035414043ebad2cf1072bae2bb5789464209cb9,/mnt/d/#PROJECT_RKNDIncECA/Related-key-mcp-attention-Inception-based-ND/analysis_data/hight64_rkmp_controls_v1/analysis/hight64/r12/k1/seed203/run_config.json,/mnt/d/#PROJECT_RKNDIncECA/Related-key-mcp-attention-Inception-based-ND/analysis_data/hight64_rkmp_controls_v1/analysis/hight64/r12/k1/seed203/protocol_validation.json,/mnt/d/#PROJECT_RKNDIncECA/Related-key-mcp-attention-Inception-based-ND/analysis_data/hight64_rkmp_controls_v1/analysis/hight64/r12/k1/seed203/control_metadata.json,True,1.479133,13461152,b75ea77973ef2b77ea884de2b720b368fe5e0359d4b2d6bef46bb2a2f6aed68b,2026-07-17T13:16:17.752318+00:00,completed
hight64_rkmp_controls_v1,analysis,HIGHT-64,hight64,cipher.hight,12,2,201,201,10000,64,128,0x4000000000000000,0x00000000000000000000000040000000,97,msb0,delta_C||C||C_star,grouped,shared,uint8,"[10000, 2, 192]",/mnt/d/#PROJECT_RKNDIncECA/Related-key-mcp-attention-Inception-based-ND/analysis_data/hight64_rkmp_controls_v1/analysis/hight64/r12/k2/seed201/D1_structured.npy,/mnt/d/#PROJECT_RKNDIncECA/Related-key-mcp-attention-Inception-based-ND/analysis_data/hight64_rkmp_controls_v1/analysis/hight64/r12/k2/seed201/D0_null.npy,/mnt/d/#PROJECT_RKNDIncECA/Related-key-mcp-attention-Inception-based-ND/analysis_data/hight64_rkmp_controls_v1/analysis/hight64/r12/k2/seed201/D1_labels.npy,/mnt/d/#PROJECT_RKNDIncECA/Related-key-mcp-attention-Inception-based-ND/analysis_data/hight64_rkmp_controls_v1/analysis/hight64/r12/k2/seed201/D0_labels.npy,/mnt/d/#PROJECT_RKNDIncECA/Related-key-mcp-attention-Inception-based-ND/analysis_data/hight64_rkmp_controls_v1/analysis/hight64/r12/k2/seed201/controls/D0_vs_D0/D0_control_a.npy,/mnt/d/#PROJECT_RKNDIncECA/Related-key-mcp-attention-Inception-based-ND/analysis_data/hight64_rkmp_controls_v1/analysis/hight64/r12/k2/seed201/controls/D0_vs_D0/D0_control_b.npy,/mnt/d/#PROJECT_RKNDIncECA/Related-key-mcp-attention-Inception-based-ND/analysis_data/hight64_rkmp_controls_v1/analysis/hight64/r12/k2/seed201/controls/D1_vs_D1/D1_control_a.npy,/mnt/d/#PROJECT_RKNDIncECA/Related-key-mcp-attention-Inception-based-ND/analysis_data/hight64_rkmp_controls_v1/analysis/hight64/r12/k2/seed201/controls/D1_vs_D1/D1_control_b.npy,/mnt/d/#PROJECT_RKNDIncECA/Related-key-mcp-attention-Inception-based-ND/analysis_data/hight64_rkmp_controls_v1/analysis/hight64/r12/k2/seed201/controls/pair_shuffled/D1_pair_shuffled.npy,0fbe1d6d2c6b47a5173fb39227701a79dd2ed95bed0409e3204ef73979b56b3a,673c42a521d10f80d1e8d434f19ee3146a4eee9bce8a26600502477b3624f3e5,36a09ef8787b31b6b7c13ca3276e7d16c1ece0c34aad3f65e04ea18d23ad0088,87af57350dd8ce46f9d9728707a46f93293309167dd773a9d7700cb798b563f2,/mnt/d/#PROJECT_RKNDIncECA/Related-key-mcp-attention-Inception-based-ND/analysis_data/hight64_rkmp_controls_v1/analysis/hight64/r12/k2/seed201/run_config.json,/mnt/d/#PROJECT_RKNDIncECA/Related-key-mcp-attention-Inception-based-ND/analysis_data/hight64_rkmp_controls_v1/analysis/hight64/r12/k2/seed201/protocol_validation.json,/mnt/d/#PROJECT_RKNDIncECA/Related-key-mcp-attention-Inception-based-ND/analysis_data/hight64_rkmp_controls_v1/analysis/hight64/r12/k2/seed201/control_metadata.json,True,2.21546,26901152,68bc9031bcbaa8b0b51a08a347f989f4d021ca23f8fbc0c8a37c87c74465c654,2026-07-17T13:16:20.039837+00:00,completed
hight64_rkmp_controls_v1,analysis,HIGHT-64,hight64,cipher.hight,12,2,202,202,10000,64,128,0x4000000000000000,0x00000000000000000000000040000000,97,msb0,delta_C||C||C_star,grouped,shared,uint8,"[10000, 2, 192]",/mnt/d/#PROJECT_RKNDIncECA/Related-key-mcp-attention-Inception-based-ND/analysis_data/hight64_rkmp_controls_v1/analysis/hight64/r12/k2/seed202/D1_structured.npy,/mnt/d/#PROJECT_RKNDIncECA/Related-key-mcp-attention-Inception-based-ND/analysis_data/hight64_rkmp_controls_v1/analysis/hight64/r12/k2/seed202/D0_null.npy,/mnt/d/#PROJECT_RKNDIncECA/Related-key-mcp-attention-Inception-based-ND/analysis_data/hight64_rkmp_controls_v1/analysis/hight64/r12/k2/seed202/D1_labels.npy,/mnt/d/#PROJECT_RKNDIncECA/Related-key-mcp-attention-Inception-based-ND/analysis_data/hight64_rkmp_controls_v1/analysis/hight64/r12/k2/seed202/D0_labels.npy,/mnt/d/#PROJECT_RKNDIncECA/Related-key-mcp-attention-Inception-based-ND/analysis_data/hight64_rkmp_controls_v1/analysis/hight64/r12/k2/seed202/controls/D0_vs_D0/D0_control_a.npy,/mnt/d/#PROJECT_RKNDIncECA/Related-key-mcp-attention-Inception-based-ND/analysis_data/hight64_rkmp_controls_v1/analysis/hight64/r12/k2/seed202/controls/D0_vs_D0/D0_control_b.npy,/mnt/d/#PROJECT_RKNDIncECA/Related-key-mcp-attention-Inception-based-ND/analysis_data/hight64_rkmp_controls_v1/analysis/hight64/r12/k2/seed202/controls/D1_vs_D1/D1_control_a.npy,/mnt/d/#PROJECT_RKNDIncECA/Related-key-mcp-attention-Inception-based-ND/analysis_data/hight64_rkmp_controls_v1/analysis/hight64/r12/k2/seed202/controls/D1_vs_D1/D1_control_b.npy,/mnt/d/#PROJECT_RKNDIncECA/Related-key-mcp-attention-Inception-based-ND/analysis_data/hight64_rkmp_controls_v1/analysis/hight64/r12/k2/seed202/controls/pair_shuffled/D1_pair_shuffled.npy,ffaf5c23a5e672c05b7709de67b621c31c567658fd6ea92a40326e3d23ec51bf,456f56fce3f522b0235dc1b1315373802bd46a52d69cf7c89f2d8305cc9e44c4,0ea0373a049b02d049b70ab8ab583c636a187d9c24601d0704b57eda2d14c9eb,ce3f6be31d5d7572f3d13488e0910d389482a8abc77f8a98a29cc4a2fe243eb7,/mnt/d/#PROJECT_RKNDIncECA/Related-key-mcp-attention-Inception-based-ND/analysis_data/hight64_rkmp_controls_v1/analysis/hight64/r12/k2/seed202/run_config.json,/mnt/d/#PROJECT_RKNDIncECA/Related-key-mcp-attention-Inception-based-ND/analysis_data/hight64_rkmp_controls_v1/analysis/hight64/r12/k2/seed202/protocol_validation.json,/mnt/d/#PROJECT_RKNDIncECA/Related-key-mcp-attention-Inception-based-ND/analysis_data/hight64_rkmp_controls_v1/analysis/hight64/r12/k2/seed202/control_metadata.json,True,2.688095,26901152,0c5005f67b16689e94198b51a3f094a5c4255ae15c1231f8acc23fc108996a98,2026-07-17T13:16:22.780371+00:00,completed
hight64_rkmp_controls_v1,analysis,HIGHT-64,hight64,cipher.hight,12,2,203,203,10000,64,128,0x4000000000000000,0x00000000000000000000000040000000,97,msb0,delta_C||C||C_star,grouped,shared,uint8,"[10000, 2, 192]",/mnt/d/#PROJECT_RKNDIncECA/Related-key-mcp-attention-Inception-based-ND/analysis_data/hight64_rkmp_controls_v1/analysis/hight64/r12/k2/seed203/D1_structured.npy,/mnt/d/#PROJECT_RKNDIncECA/Related-key-mcp-attention-Inception-based-ND/analysis_data/hight64_rkmp_controls_v1/analysis/hight64/r12/k2/seed203/D0_null.npy,/mnt/d/#PROJECT_RKNDIncECA/Related-key-mcp-attention-Inception-based-ND/analysis_data/hight64_rkmp_controls_v1/analysis/hight64/r12/k2/seed203/D1_labels.npy,/mnt/d/#PROJECT_RKNDIncECA/Related-key-mcp-attention-Inception-based-ND/analysis_data/hight64_rkmp_controls_v1/analysis/hight64/r12/k2/seed203/D0_labels.npy,/mnt/d/#PROJECT_RKNDIncECA/Related-key-mcp-attention-Inception-based-ND/analysis_data/hight64_rkmp_controls_v1/analysis/hight64/r12/k2/seed203/controls/D0_vs_D0/D0_control_a.npy,/mnt/d/#PROJECT_RKNDIncECA/Related-key-mcp-attention-Inception-based-ND/analysis_data/hight64_rkmp_controls_v1/analysis/hight64/r12/k2/seed203/controls/D0_vs_D0/D0_control_b.npy,/mnt/d/#PROJECT_RKNDIncECA/Related-key-mcp-attention-Inception-based-ND/analysis_data/hight64_rkmp_controls_v1/analysis/hight64/r12/k2/seed203/controls/D1_vs_D1/D1_control_a.npy,/mnt/d/#PROJECT_RKNDIncECA/Related-key-mcp-attention-Inception-based-ND/analysis_data/hight64_rkmp_controls_v1/analysis/hight64/r12/k2/seed203/controls/D1_vs_D1/D1_control_b.npy,/mnt/d/#PROJECT_RKNDIncECA/Related-key-mcp-attention-Inception-based-ND/analysis_data/hight64_rkmp_controls_v1/analysis/hight64/r12/k2/seed203/controls/pair_shuffled/D1_pair_shuffled.npy,0e0e9e2f4ccd292b90535492b7b2a23865429f3144dfc173dddb63a525ed0727,b9c284b12cd1ff64e6388528ccc81219b3a4ff562b20eee590bfac9d4af8f474,0ec155e496714dbfc6d682f204f2db9eb39d891421c0e05e4b021719ee4605dc,6fd349e326bc131b9d589d53d3473763557b76144f4068e712cf2359899c8f25,/mnt/d/#PROJECT_RKNDIncECA/Related-key-mcp-attention-Inception-based-ND/analysis_data/hight64_rkmp_controls_v1/analysis/hight64/r12/k2/seed203/run_config.json,/mnt/d/#PROJECT_RKNDIncECA/Related-key-mcp-attention-Inception-based-ND/analysis_data/hight64_rkmp_controls_v1/analysis/hight64/r12/k2/seed203/protocol_validation.json,/mnt/d/#PROJECT_RKNDIncECA/Related-key-mcp-attention-Inception-based-ND/analysis_data/hight64_rkmp_controls_v1/analysis/hight64/r12/k2/seed203/control_metadata.json,True,2.763779,26901152,744cd7814f9e41f75ea1825f5da92aacf1f0f45dc1a02c23701aba990aff6878,2026-07-17T13:16:25.663549+00:00,completed
hight64_rkmp_controls_v1,analysis,HIGHT-64,hight64,cipher.hight,12,4,201,201,10000,64,128,0x4000000000000000,0x00000000000000000000000040000000,97,msb0,delta_C||C||C_star,grouped,shared,uint8,"[10000, 4, 192]",/mnt/d/#PROJECT_RKNDIncECA/Related-key-mcp-attention-Inception-based-ND/analysis_data/hight64_rkmp_controls_v1/analysis/hight64/r12/k4/seed201/D1_structured.npy,/mnt/d/#PROJECT_RKNDIncECA/Related-key-mcp-attention-Inception-based-ND/analysis_data/hight64_rkmp_controls_v1/analysis/hight64/r12/k4/seed201/D0_null.npy,/mnt/d/#PROJECT_RKNDIncECA/Related-key-mcp-attention-Inception-based-ND/analysis_data/hight64_rkmp_controls_v1/analysis/hight64/r12/k4/seed201/D1_labels.npy,/mnt/d/#PROJECT_RKNDIncECA/Related-key-mcp-attention-Inception-based-ND/analysis_data/hight64_rkmp_controls_v1/analysis/hight64/r12/k4/seed201/D0_labels.npy,/mnt/d/#PROJECT_RKNDIncECA/Related-key-mcp-attention-Inception-based-ND/analysis_data/hight64_rkmp_controls_v1/analysis/hight64/r12/k4/seed201/controls/D0_vs_D0/D0_control_a.npy,/mnt/d/#PROJECT_RKNDIncECA/Related-key-mcp-attention-Inception-based-ND/analysis_data/hight64_rkmp_controls_v1/analysis/hight64/r12/k4/seed201/controls/D0_vs_D0/D0_control_b.npy,/mnt/d/#PROJECT_RKNDIncECA/Related-key-mcp-attention-Inception-based-ND/analysis_data/hight64_rkmp_controls_v1/analysis/hight64/r12/k4/seed201/controls/D1_vs_D1/D1_control_a.npy,/mnt/d/#PROJECT_RKNDIncECA/Related-key-mcp-attention-Inception-based-ND/analysis_data/hight64_rkmp_controls_v1/analysis/hight64/r12/k4/seed201/controls/D1_vs_D1/D1_control_b.npy,/mnt/d/#PROJECT_RKNDIncECA/Related-key-mcp-attention-Inception-based-ND/analysis_data/hight64_rkmp_controls_v1/analysis/hight64/r12/k4/seed201/controls/pair_shuffled/D1_pair_shuffled.npy,fa0cdf2b5ab3ec3ff75e98c6f3811429b61761cea7372ef7ce769cf42cbc5b91,a29a9802a16b6b1f25629957bff6115b360e21952cda6cc847f965e150fa7091,19979cd3f88fa2f14c724ab639325a3abf5cd79bb4e4e7d8f30fbf48dba769fe,2943269ba47e0483a6f1f6115e41c0b4aa62a4ccf896a2f7eddd9590d98afc01,/mnt/d/#PROJECT_RKNDIncECA/Related-key-mcp-attention-Inception-based-ND/analysis_data/hight64_rkmp_controls_v1/analysis/hight64/r12/k4/seed201/run_config.json,/mnt/d/#PROJECT_RKNDIncECA/Related-key-mcp-attention-Inception-based-ND/analysis_data/hight64_rkmp_controls_v1/analysis/hight64/r12/k4/seed201/protocol_validation.json,/mnt/d/#PROJECT_RKNDIncECA/Related-key-mcp-attention-Inception-based-ND/analysis_data/hight64_rkmp_controls_v1/analysis/hight64/r12/k4/seed201/control_metadata.json,True,5.007214,53781152,6e880ad87a4430811b1c284cca053051511446c4e71da1bb8fd22709870b1eeb,2026-07-17T13:16:30.813595+00:00,completed
hight64_rkmp_controls_v1,analysis,HIGHT-64,hight64,cipher.hight,12,4,202,202,10000,64,128,0x4000000000000000,0x00000000000000000000000040000000,97,msb0,delta_C||C||C_star,grouped,shared,uint8,"[10000, 4, 192]",/mnt/d/#PROJECT_RKNDIncECA/Related-key-mcp-attention-Inception-based-ND/analysis_data/hight64_rkmp_controls_v1/analysis/hight64/r12/k4/seed202/D1_structured.npy,/mnt/d/#PROJECT_RKNDIncECA/Related-key-mcp-attention-Inception-based-ND/analysis_data/hight64_rkmp_controls_v1/analysis/hight64/r12/k4/seed202/D0_null.npy,/mnt/d/#PROJECT_RKNDIncECA/Related-key-mcp-attention-Inception-based-ND/analysis_data/hight64_rkmp_controls_v1/analysis/hight64/r12/k4/seed202/D1_labels.npy,/mnt/d/#PROJECT_RKNDIncECA/Related-key-mcp-attention-Inception-based-ND/analysis_data/hight64_rkmp_controls_v1/analysis/hight64/r12/k4/seed202/D0_labels.npy,/mnt/d/#PROJECT_RKNDIncECA/Related-key-mcp-attention-Inception-based-ND/analysis_data/hight64_rkmp_controls_v1/analysis/hight64/r12/k4/seed202/controls/D0_vs_D0/D0_control_a.npy,/mnt/d/#PROJECT_RKNDIncECA/Related-key-mcp-attention-Inception-based-ND/analysis_data/hight64_rkmp_controls_v1/analysis/hight64/r12/k4/seed202/controls/D0_vs_D0/D0_control_b.npy,/mnt/d/#PROJECT_RKNDIncECA/Related-key-mcp-attention-Inception-based-ND/analysis_data/hight64_rkmp_controls_v1/analysis/hight64/r12/k4/seed202/controls/D1_vs_D1/D1_control_a.npy,/mnt/d/#PROJECT_RKNDIncECA/Related-key-mcp-attention-Inception-based-ND/analysis_data/hight64_rkmp_controls_v1/analysis/hight64/r12/k4/seed202/controls/D1_vs_D1/D1_control_b.npy,/mnt/d/#PROJECT_RKNDIncECA/Related-key-mcp-attention-Inception-based-ND/analysis_data/hight64_rkmp_controls_v1/analysis/hight64/r12/k4/seed202/controls/pair_shuffled/D1_pair_shuffled.npy,2dd16b90b2f9671dc707a810a00da6cbaff2da478fd9a64cf83425fa74dec265,ad83dd9dd9ac2acc6a58bdc2fbc9b2416255f2a5be80bc7d2284084e6254063c,e8b45596c09d741644557403ad39134ae6a5a7bb28106215dc4b9a9b4ab1decc,cb4e4d54fd6a1ad801c23b06dabadfcb652295d95c8197765b016b5caf79f1a0,/mnt/d/#PROJECT_RKNDIncECA/Related-key-mcp-attention-Inception-based-ND/analysis_data/hight64_rkmp_controls_v1/analysis/hight64/r12/k4/seed202/run_config.json,/mnt/d/#PROJECT_RKNDIncECA/Related-key-mcp-attention-Inception-based-ND/analysis_data/hight64_rkmp_controls_v1/analysis/hight64/r12/k4/seed202/protocol_validation.json,/mnt/d/#PROJECT_RKNDIncECA/Related-key-mcp-attention-Inception-based-ND/analysis_data/hight64_rkmp_controls_v1/analysis/hight64/r12/k4/seed202/control_metadata.json,True,3.980914,53781152,dd535503224a5bf6639ff7034f768611add339c8474868368dd47693ebfaafc4,2026-07-17T13:16:38.234009+00:00,completed
hight64_rkmp_controls_v1,analysis,HIGHT-64,hight64,cipher.hight,12,4,203,203,10000,64,128,0x4000000000000000,0x00000000000000000000000040000000,97,msb0,delta_C||C||C_star,grouped,shared,uint8,"[10000, 4, 192]",/mnt/d/#PROJECT_RKNDIncECA/Related-key-mcp-attention-Inception-based-ND/analysis_data/hight64_rkmp_controls_v1/analysis/hight64/r12/k4/seed203/D1_structured.npy,/mnt/d/#PROJECT_RKNDIncECA/Related-key-mcp-attention-Inception-based-ND/analysis_data/hight64_rkmp_controls_v1/analysis/hight64/r12/k4/seed203/D0_null.npy,/mnt/d/#PROJECT_RKNDIncECA/Related-key-mcp-attention-Inception-based-ND/analysis_data/hight64_rkmp_controls_v1/analysis/hight64/r12/k4/seed203/D1_labels.npy,/mnt/d/#PROJECT_RKNDIncECA/Related-key-mcp-attention-Inception-based-ND/analysis_data/hight64_rkmp_controls_v1/analysis/hight64/r12/k4/seed203/D0_labels.npy,/mnt/d/#PROJECT_RKNDIncECA/Related-key-mcp-attention-Inception-based-ND/analysis_data/hight64_rkmp_controls_v1/analysis/hight64/r12/k4/seed203/controls/D0_vs_D0/D0_control_a.npy,/mnt/d/#PROJECT_RKNDIncECA/Related-key-mcp-attention-Inception-based-ND/analysis_data/hight64_rkmp_controls_v1/analysis/hight64/r12/k4/seed203/controls/D0_vs_D0/D0_control_b.npy,/mnt/d/#PROJECT_RKNDIncECA/Related-key-mcp-attention-Inception-based-ND/analysis_data/hight64_rkmp_controls_v1/analysis/hight64/r12/k4/seed203/controls/D1_vs_D1/D1_control_a.npy,/mnt/d/#PROJECT_RKNDIncECA/Related-key-mcp-attention-Inception-based-ND/analysis_data/hight64_rkmp_controls_v1/analysis/hight64/r12/k4/seed203/controls/D1_vs_D1/D1_control_b.npy,/mnt/d/#PROJECT_RKNDIncECA/Related-key-mcp-attention-Inception-based-ND/analysis_data/hight64_rkmp_controls_v1/analysis/hight64/r12/k4/seed203/controls/pair_shuffled/D1_pair_shuffled.npy,0c354a525a6fe7a17b465ef8d35cb3bf3f9c71972ec7b7ae275b1b68f4004aef,1064f7e03b81b341a2a2d85ffd7ff3a1a20c8f2a7caf6d576d9aa1ecc90de16b,59a4b6125e6648f886e6fb5e06e77009f267f4487592a8a3aa43e7664ad30b89,dcdc451b9e974d9511172cdb32b240275420955c7f9d6060cae392a02ce5b139,/mnt/d/#PROJECT_RKNDIncECA/Related-key-mcp-attention-Inception-based-ND/analysis_data/hight64_rkmp_controls_v1/analysis/hight64/r12/k4/seed203/run_config.json,/mnt/d/#PROJECT_RKNDIncECA/Related-key-mcp-attention-Inception-based-ND/analysis_data/hight64_rkmp_controls_v1/analysis/hight64/r12/k4/seed203/protocol_validation.json,/mnt/d/#PROJECT_RKNDIncECA/Related-key-mcp-attention-Inception-based-ND/analysis_data/hight64_rkmp_controls_v1/analysis/hight64/r12/k4/seed203/control_metadata.json,True,3.902847,53781152,51374187438482427643d5843aae762e7182943c033ba91c2802679674bd2d35,2026-07-17T13:16:42.206467+00:00,completed
hight64_rkmp_controls_v1,analysis,HIGHT-64,hight64,cipher.hight,12,8,201,201,10000,64,128,0x4000000000000000,0x00000000000000000000000040000000,97,msb0,delta_C||C||C_star,grouped,shared,uint8,"[10000, 8, 192]",/mnt/d/#PROJECT_RKNDIncECA/Related-key-mcp-attention-Inception-based-ND/analysis_data/hight64_rkmp_controls_v1/analysis/hight64/r12/k8/seed201/D1_structured.npy,/mnt/d/#PROJECT_RKNDIncECA/Related-key-mcp-attention-Inception-based-ND/analysis_data/hight64_rkmp_controls_v1/analysis/hight64/r12/k8/seed201/D0_null.npy,/mnt/d/#PROJECT_RKNDIncECA/Related-key-mcp-attention-Inception-based-ND/analysis_data/hight64_rkmp_controls_v1/analysis/hight64/r12/k8/seed201/D1_labels.npy,/mnt/d/#PROJECT_RKNDIncECA/Related-key-mcp-attention-Inception-based-ND/analysis_data/hight64_rkmp_controls_v1/analysis/hight64/r12/k8/seed201/D0_labels.npy,/mnt/d/#PROJECT_RKNDIncECA/Related-key-mcp-attention-Inception-based-ND/analysis_data/hight64_rkmp_controls_v1/analysis/hight64/r12/k8/seed201/controls/D0_vs_D0/D0_control_a.npy,/mnt/d/#PROJECT_RKNDIncECA/Related-key-mcp-attention-Inception-based-ND/analysis_data/hight64_rkmp_controls_v1/analysis/hight64/r12/k8/seed201/controls/D0_vs_D0/D0_control_b.npy,/mnt/d/#PROJECT_RKNDIncECA/Related-key-mcp-attention-Inception-based-ND/analysis_data/hight64_rkmp_controls_v1/analysis/hight64/r12/k8/seed201/controls/D1_vs_D1/D1_control_a.npy,/mnt/d/#PROJECT_RKNDIncECA/Related-key-mcp-attention-Inception-based-ND/analysis_data/hight64_rkmp_controls_v1/analysis/hight64/r12/k8/seed201/controls/D1_vs_D1/D1_control_b.npy,/mnt/d/#PROJECT_RKNDIncECA/Related-key-mcp-attention-Inception-based-ND/analysis_data/hight64_rkmp_controls_v1/analysis/hight64/r12/k8/seed201/controls/pair_shuffled/D1_pair_shuffled.npy,8c5b168a59f22babf4eed2994eef9f5b4b93f5d77d0cf71aa30163cef81a3db6,3739975b986e5653fd850f82ceb365df7bc9da62e73d81abb704b995e9067a66,92c64f7f6400efe9e340c57ae1343d8337bb4b48075bfd4a27dd04190dbed76c,12d7c7baab71122be6a254026d9c64b46f424021544037ed9efc863c1672fad4,/mnt/d/#PROJECT_RKNDIncECA/Related-key-mcp-attention-Inception-based-ND/analysis_data/hight64_rkmp_controls_v1/analysis/hight64/r12/k8/seed201/run_config.json,/mnt/d/#PROJECT_RKNDIncECA/Related-key-mcp-attention-Inception-based-ND/analysis_data/hight64_rkmp_controls_v1/analysis/hight64/r12/k8/seed201/protocol_validation.json,/mnt/d/#PROJECT_RKNDIncECA/Related-key-mcp-attention-Inception-based-ND/analysis_data/hight64_rkmp_controls_v1/analysis/hight64/r12/k8/seed201/control_metadata.json,True,8.391062,107541152,69a8d8509cc8b01554230126be4f15f4d9cb42d9adc040858d02166b9b6f1a4d,2026-07-17T13:16:50.718424+00:00,completed
hight64_rkmp_controls_v1,analysis,HIGHT-64,hight64,cipher.hight,12,8,202,202,10000,64,128,0x4000000000000000,0x00000000000000000000000040000000,97,msb0,delta_C||C||C_star,grouped,shared,uint8,"[10000, 8, 192]",/mnt/d/#PROJECT_RKNDIncECA/Related-key-mcp-attention-Inception-based-ND/analysis_data/hight64_rkmp_controls_v1/analysis/hight64/r12/k8/seed202/D1_structured.npy,/mnt/d/#PROJECT_RKNDIncECA/Related-key-mcp-attention-Inception-based-ND/analysis_data/hight64_rkmp_controls_v1/analysis/hight64/r12/k8/seed202/D0_null.npy,/mnt/d/#PROJECT_RKNDIncECA/Related-key-mcp-attention-Inception-based-ND/analysis_data/hight64_rkmp_controls_v1/analysis/hight64/r12/k8/seed202/D1_labels.npy,/mnt/d/#PROJECT_RKNDIncECA/Related-key-mcp-attention-Inception-based-ND/analysis_data/hight64_rkmp_controls_v1/analysis/hight64/r12/k8/seed202/D0_labels.npy,/mnt/d/#PROJECT_RKNDIncECA/Related-key-mcp-attention-Inception-based-ND/analysis_data/hight64_rkmp_controls_v1/analysis/hight64/r12/k8/seed202/controls/D0_vs_D0/D0_control_a.npy,/mnt/d/#PROJECT_RKNDIncECA/Related-key-mcp-attention-Inception-based-ND/analysis_data/hight64_rkmp_controls_v1/analysis/hight64/r12/k8/seed202/controls/D0_vs_D0/D0_control_b.npy,/mnt/d/#PROJECT_RKNDIncECA/Related-key-mcp-attention-Inception-based-ND/analysis_data/hight64_rkmp_controls_v1/analysis/hight64/r12/k8/seed202/controls/D1_vs_D1/D1_control_a.npy,/mnt/d/#PROJECT_RKNDIncECA/Related-key-mcp-attention-Inception-based-ND/analysis_data/hight64_rkmp_controls_v1/analysis/hight64/r12/k8/seed202/controls/D1_vs_D1/D1_control_b.npy,/mnt/d/#PROJECT_RKNDIncECA/Related-key-mcp-attention-Inception-based-ND/analysis_data/hight64_rkmp_controls_v1/analysis/hight64/r12/k8/seed202/controls/pair_shuffled/D1_pair_shuffled.npy,5abb7ab18c52321b23138e8d0397649e37a45ec8703e955fa2462a3f100753bc,8de09f4a5076ea709d53f015065c5b2fc12aca383c9bf3069ecf9459e161a799,b41dc3de53cca824f4ee6fc0e1cd33c912e615dc5d5637f5741dd5077feaf1eb,9df9a03b8127edf38727bb02c1c322027d50af232d6c63a01b488c69b59cfc1b,/mnt/d/#PROJECT_RKNDIncECA/Related-key-mcp-attention-Inception-based-ND/analysis_data/hight64_rkmp_controls_v1/analysis/hight64/r12/k8/seed202/run_config.json,/mnt/d/#PROJECT_RKNDIncECA/Related-key-mcp-attention-Inception-based-ND/analysis_data/hight64_rkmp_controls_v1/analysis/hight64/r12/k8/seed202/protocol_validation.json,/mnt/d/#PROJECT_RKNDIncECA/Related-key-mcp-attention-Inception-based-ND/analysis_data/hight64_rkmp_controls_v1/analysis/hight64/r12/k8/seed202/control_metadata.json,True,8.395524,107541152,77af6a61e0bd9422345752e724f1a0f36fb2cf4b7555e7d69c3bbdf887e7f27f,2026-07-17T13:16:59.196023+00:00,completed
hight64_rkmp_controls_v1,analysis,HIGHT-64,hight64,cipher.hight,12,8,203,203,10000,64,128,0x4000000000000000,0x00000000000000000000000040000000,97,msb0,delta_C||C||C_star,grouped,shared,uint8,"[10000, 8, 192]",/mnt/d/#PROJECT_RKNDIncECA/Related-key-mcp-attention-Inception-based-ND/analysis_data/hight64_rkmp_controls_v1/analysis/hight64/r12/k8/seed203/D1_structured.npy,/mnt/d/#PROJECT_RKNDIncECA/Related-key-mcp-attention-Inception-based-ND/analysis_data/hight64_rkmp_controls_v1/analysis/hight64/r12/k8/seed203/D0_null.npy,/mnt/d/#PROJECT_RKNDIncECA/Related-key-mcp-attention-Inception-based-ND/analysis_data/hight64_rkmp_controls_v1/analysis/hight64/r12/k8/seed203/D1_labels.npy,/mnt/d/#PROJECT_RKNDIncECA/Related-key-mcp-attention-Inception-based-ND/analysis_data/hight64_rkmp_controls_v1/analysis/hight64/r12/k8/seed203/D0_labels.npy,/mnt/d/#PROJECT_RKNDIncECA/Related-key-mcp-attention-Inception-based-ND/analysis_data/hight64_rkmp_controls_v1/analysis/hight64/r12/k8/seed203/controls/D0_vs_D0/D0_control_a.npy,/mnt/d/#PROJECT_RKNDIncECA/Related-key-mcp-attention-Inception-based-ND/analysis_data/hight64_rkmp_controls_v1/analysis/hight64/r12/k8/seed203/controls/D0_vs_D0/D0_control_b.npy,/mnt/d/#PROJECT_RKNDIncECA/Related-key-mcp-attention-Inception-based-ND/analysis_data/hight64_rkmp_controls_v1/analysis/hight64/r12/k8/seed203/controls/D1_vs_D1/D1_control_a.npy,/mnt/d/#PROJECT_RKNDIncECA/Related-key-mcp-attention-Inception-based-ND/analysis_data/hight64_rkmp_controls_v1/analysis/hight64/r12/k8/seed203/controls/D1_vs_D1/D1_control_b.npy,/mnt/d/#PROJECT_RKNDIncECA/Related-key-mcp-attention-Inception-based-ND/analysis_data/hight64_rkmp_controls_v1/analysis/hight64/r12/k8/seed203/controls/pair_shuffled/D1_pair_shuffled.npy,c6e038fe068f041b9e533faa8af0e47a72f5d2f790110ed82af1333e0fb6f1e3,371f1c4175a55d2a94b27ecebfc0b55b89c49da04efb9b8579c669654d1fd864,3d4cba0f429eb326b33977e000705d6c65618c6f8250e22fd62a90c39e245403,f77889a697c0bd34b603f1131a07fdb7aa36118c11b1303d583c9ae8be69da18,/mnt/d/#PROJECT_RKNDIncECA/Related-key-mcp-attention-Inception-based-ND/analysis_data/hight64_rkmp_controls_v1/analysis/hight64/r12/k8/seed203/run_config.json,/mnt/d/#PROJECT_RKNDIncECA/Related-key-mcp-attention-Inception-based-ND/analysis_data/hight64_rkmp_controls_v1/analysis/hight64/r12/k8/seed203/protocol_validation.json,/mnt/d/#PROJECT_RKNDIncECA/Related-key-mcp-attention-Inception-based-ND/analysis_data/hight64_rkmp_controls_v1/analysis/hight64/r12/k8/seed203/control_metadata.json,True,7.302514,107541152,afc44cdd7b52e4b6db5ea15d3b1eea5b0b6e1c2200506af6babec651b827d06c,2026-07-17T13:17:06.569897+00:00,completed
hight64_rkmp_controls_v1,analysis,HIGHT-64,hight64,cipher.hight,12,16,201,201,10000,64,128,0x4000000000000000,0x00000000000000000000000040000000,97,msb0,delta_C||C||C_star,grouped,shared,uint8,"[10000, 16, 192]",/mnt/d/#PROJECT_RKNDIncECA/Related-key-mcp-attention-Inception-based-ND/analysis_data/hight64_rkmp_controls_v1/analysis/hight64/r12/k16/seed201/D1_structured.npy,/mnt/d/#PROJECT_RKNDIncECA/Related-key-mcp-attention-Inception-based-ND/analysis_data/hight64_rkmp_controls_v1/analysis/hight64/r12/k16/seed201/D0_null.npy,/mnt/d/#PROJECT_RKNDIncECA/Related-key-mcp-attention-Inception-based-ND/analysis_data/hight64_rkmp_controls_v1/analysis/hight64/r12/k16/seed201/D1_labels.npy,/mnt/d/#PROJECT_RKNDIncECA/Related-key-mcp-attention-Inception-based-ND/analysis_data/hight64_rkmp_controls_v1/analysis/hight64/r12/k16/seed201/D0_labels.npy,/mnt/d/#PROJECT_RKNDIncECA/Related-key-mcp-attention-Inception-based-ND/analysis_data/hight64_rkmp_controls_v1/analysis/hight64/r12/k16/seed201/controls/D0_vs_D0/D0_control_a.npy,/mnt/d/#PROJECT_RKNDIncECA/Related-key-mcp-attention-Inception-based-ND/analysis_data/hight64_rkmp_controls_v1/analysis/hight64/r12/k16/seed201/controls/D0_vs_D0/D0_control_b.npy,/mnt/d/#PROJECT_RKNDIncECA/Related-key-mcp-attention-Inception-based-ND/analysis_data/hight64_rkmp_controls_v1/analysis/hight64/r12/k16/seed201/controls/D1_vs_D1/D1_control_a.npy,/mnt/d/#PROJECT_RKNDIncECA/Related-key-mcp-attention-Inception-based-ND/analysis_data/hight64_rkmp_controls_v1/analysis/hight64/r12/k16/seed201/controls/D1_vs_D1/D1_control_b.npy,/mnt/d/#PROJECT_RKNDIncECA/Related-key-mcp-attention-Inception-based-ND/analysis_data/hight64_rkmp_controls_v1/analysis/hight64/r12/k16/seed201/controls/pair_shuffled/D1_pair_shuffled.npy,8a05b1ea55f749d95520d371dcea235586a45fbc0d160fbb9f1757a4345dd3f1,07b0cb0555fb968ee222048128ea9d10054c5bfa9b5acab49bf0f1d9b0925b2b,84de039101a02c71067644941243c3dad022669bc6f39d473397afe0c0061f71,d0d17dd9dd1f44b850371f2b1d0298acbb71c23fad7e4faca6ff0bad770fa068,/mnt/d/#PROJECT_RKNDIncECA/Related-key-mcp-attention-Inception-based-ND/analysis_data/hight64_rkmp_controls_v1/analysis/hight64/r12/k16/seed201/run_config.json,/mnt/d/#PROJECT_RKNDIncECA/Related-key-mcp-attention-Inception-based-ND/analysis_data/hight64_rkmp_controls_v1/analysis/hight64/r12/k16/seed201/protocol_validation.json,/mnt/d/#PROJECT_RKNDIncECA/Related-key-mcp-attention-Inception-based-ND/analysis_data/hight64_rkmp_controls_v1/analysis/hight64/r12/k16/seed201/control_metadata.json,True,15.7145,215061152,0a94609c7fa49e670a4b4e5f049248e66941c82255b36f40dc43495586c8f68b,2026-07-17T13:17:25.940131+00:00,completed
hight64_rkmp_controls_v1,analysis,HIGHT-64,hight64,cipher.hight,12,16,202,202,10000,64,128,0x4000000000000000,0x00000000000000000000000040000000,97,msb0,delta_C||C||C_star,grouped,shared,uint8,"[10000, 16, 192]",/mnt/d/#PROJECT_RKNDIncECA/Related-key-mcp-attention-Inception-based-ND/analysis_data/hight64_rkmp_controls_v1/analysis/hight64/r12/k16/seed202/D1_structured.npy,/mnt/d/#PROJECT_RKNDIncECA/Related-key-mcp-attention-Inception-based-ND/analysis_data/hight64_rkmp_controls_v1/analysis/hight64/r12/k16/seed202/D0_null.npy,/mnt/d/#PROJECT_RKNDIncECA/Related-key-mcp-attention-Inception-based-ND/analysis_data/hight64_rkmp_controls_v1/analysis/hight64/r12/k16/seed202/D1_labels.npy,/mnt/d/#PROJECT_RKNDIncECA/Related-key-mcp-attention-Inception-based-ND/analysis_data/hight64_rkmp_controls_v1/analysis/hight64/r12/k16/seed202/D0_labels.npy,/mnt/d/#PROJECT_RKNDIncECA/Related-key-mcp-attention-Inception-based-ND/analysis_data/hight64_rkmp_controls_v1/analysis/hight64/r12/k16/seed202/controls/D0_vs_D0/D0_control_a.npy,/mnt/d/#PROJECT_RKNDIncECA/Related-key-mcp-attention-Inception-based-ND/analysis_data/hight64_rkmp_controls_v1/analysis/hight64/r12/k16/seed202/controls/D0_vs_D0/D0_control_b.npy,/mnt/d/#PROJECT_RKNDIncECA/Related-key-mcp-attention-Inception-based-ND/analysis_data/hight64_rkmp_controls_v1/analysis/hight64/r12/k16/seed202/controls/D1_vs_D1/D1_control_a.npy,/mnt/d/#PROJECT_RKNDIncECA/Related-key-mcp-attention-Inception-based-ND/analysis_data/hight64_rkmp_controls_v1/analysis/hight64/r12/k16/seed202/controls/D1_vs_D1/D1_control_b.npy,/mnt/d/#PROJECT_RKNDIncECA/Related-key-mcp-attention-Inception-based-ND/analysis_data/hight64_rkmp_controls_v1/analysis/hight64/r12/k16/seed202/controls/pair_shuffled/D1_pair_shuffled.npy,59e19dd6a7d7e8e4baf907fde5dd843fe3e5f106195756481929073654eafdcf,55217b6484f39d3f2f1fda59b4590c8bbd4e5f5407e9753fa60164e939cb61e3,fdd08266d1a20b49aadb269c53854c15f225e406e6f71736ce7584b30998ea4b,e286cc4293547d67570b4e6bc77dcf942a69668f8d1778264c05705a49edfdf5,/mnt/d/#PROJECT_RKNDIncECA/Related-key-mcp-attention-Inception-based-ND/analysis_data/hight64_rkmp_controls_v1/analysis/hight64/r12/k16/seed202/run_config.json,/mnt/d/#PROJECT_RKNDIncECA/Related-key-mcp-attention-Inception-based-ND/analysis_data/hight64_rkmp_controls_v1/analysis/hight64/r12/k16/seed202/protocol_validation.json,/mnt/d/#PROJECT_RKNDIncECA/Related-key-mcp-attention-Inception-based-ND/analysis_data/hight64_rkmp_controls_v1/analysis/hight64/r12/k16/seed202/control_metadata.json,True,14.762168,215061152,140f3a99c5b1d6612fc0eccd8ca04bdc1ad1131ee6894a7e84c021e85252170c,2026-07-17T13:17:40.764891+00:00,completed
hight64_rkmp_controls_v1,analysis,HIGHT-64,hight64,cipher.hight,12,16,203,203,10000,64,128,0x4000000000000000,0x00000000000000000000000040000000,97,msb0,delta_C||C||C_star,grouped,shared,uint8,"[10000, 16, 192]",/mnt/d/#PROJECT_RKNDIncECA/Related-key-mcp-attention-Inception-based-ND/analysis_data/hight64_rkmp_controls_v1/analysis/hight64/r12/k16/seed203/D1_structured.npy,/mnt/d/#PROJECT_RKNDIncECA/Related-key-mcp-attention-Inception-based-ND/analysis_data/hight64_rkmp_controls_v1/analysis/hight64/r12/k16/seed203/D0_null.npy,/mnt/d/#PROJECT_RKNDIncECA/Related-key-mcp-attention-Inception-based-ND/analysis_data/hight64_rkmp_controls_v1/analysis/hight64/r12/k16/seed203/D1_labels.npy,/mnt/d/#PROJECT_RKNDIncECA/Related-key-mcp-attention-Inception-based-ND/analysis_data/hight64_rkmp_controls_v1/analysis/hight64/r12/k16/seed203/D0_labels.npy,/mnt/d/#PROJECT_RKNDIncECA/Related-key-mcp-attention-Inception-based-ND/analysis_data/hight64_rkmp_controls_v1/analysis/hight64/r12/k16/seed203/controls/D0_vs_D0/D0_control_a.npy,/mnt/d/#PROJECT_RKNDIncECA/Related-key-mcp-attention-Inception-based-ND/analysis_data/hight64_rkmp_controls_v1/analysis/hight64/r12/k16/seed203/controls/D0_vs_D0/D0_control_b.npy,/mnt/d/#PROJECT_RKNDIncECA/Related-key-mcp-attention-Inception-based-ND/analysis_data/hight64_rkmp_controls_v1/analysis/hight64/r12/k16/seed203/controls/D1_vs_D1/D1_control_a.npy,/mnt/d/#PROJECT_RKNDIncECA/Related-key-mcp-attention-Inception-based-ND/analysis_data/hight64_rkmp_controls_v1/analysis/hight64/r12/k16/seed203/controls/D1_vs_D1/D1_control_b.npy,/mnt/d/#PROJECT_RKNDIncECA/Related-key-mcp-attention-Inception-based-ND/analysis_data/hight64_rkmp_controls_v1/analysis/hight64/r12/k16/seed203/controls/pair_shuffled/D1_pair_shuffled.npy,35bc229e0016a0516dd4f78ca31d10aa92a28925fc7a47ce424ff9898ecad05f,d851b8dea1f69c28658d301096e72454769b0ff35ad4a0bbccd293c7314ee8e2,797d4f7bc0740333d06897844f0f0bc53d42faa609869d79f2f66e694a15fcba,109c2ee322e214de2929b50c0292d2246a965adf971bdf64672aaef0084248f4,/mnt/d/#PROJECT_RKNDIncECA/Related-key-mcp-attention-Inception-based-ND/analysis_data/hight64_rkmp_controls_v1/analysis/hight64/r12/k16/seed203/run_config.json,/mnt/d/#PROJECT_RKNDIncECA/Related-key-mcp-attention-Inception-based-ND/analysis_data/hight64_rkmp_controls_v1/analysis/hight64/r12/k16/seed203/protocol_validation.json,/mnt/d/#PROJECT_RKNDIncECA/Related-key-mcp-attention-Inception-based-ND/analysis_data/hight64_rkmp_controls_v1/analysis/hight64/r12/k16/seed203/control_metadata.json,True,14.43313,215061152,ae3c8f7245f61e9969cb61a69879baf8acffe4d1dc11b9796327fc1702c519d0,2026-07-17T13:17:58.872510+00:00,completed
hight64_rkmp_controls_v1,analysis,HIGHT-64,hight64,cipher.hight,12,32,201,201,10000,64,128,0x4000000000000000,0x00000000000000000000000040000000,97,msb0,delta_C||C||C_star,grouped,shared,uint8,"[10000, 32, 192]",/mnt/d/#PROJECT_RKNDIncECA/Related-key-mcp-attention-Inception-based-ND/analysis_data/hight64_rkmp_controls_v1/analysis/hight64/r12/k32/seed201/D1_structured.npy,/mnt/d/#PROJECT_RKNDIncECA/Related-key-mcp-attention-Inception-based-ND/analysis_data/hight64_rkmp_controls_v1/analysis/hight64/r12/k32/seed201/D0_null.npy,/mnt/d/#PROJECT_RKNDIncECA/Related-key-mcp-attention-Inception-based-ND/analysis_data/hight64_rkmp_controls_v1/analysis/hight64/r12/k32/seed201/D1_labels.npy,/mnt/d/#PROJECT_RKNDIncECA/Related-key-mcp-attention-Inception-based-ND/analysis_data/hight64_rkmp_controls_v1/analysis/hight64/r12/k32/seed201/D0_labels.npy,/mnt/d/#PROJECT_RKNDIncECA/Related-key-mcp-attention-Inception-based-ND/analysis_data/hight64_rkmp_controls_v1/analysis/hight64/r12/k32/seed201/controls/D0_vs_D0/D0_control_a.npy,/mnt/d/#PROJECT_RKNDIncECA/Related-key-mcp-attention-Inception-based-ND/analysis_data/hight64_rkmp_controls_v1/analysis/hight64/r12/k32/seed201/controls/D0_vs_D0/D0_control_b.npy,/mnt/d/#PROJECT_RKNDIncECA/Related-key-mcp-attention-Inception-based-ND/analysis_data/hight64_rkmp_controls_v1/analysis/hight64/r12/k32/seed201/controls/D1_vs_D1/D1_control_a.npy,/mnt/d/#PROJECT_RKNDIncECA/Related-key-mcp-attention-Inception-based-ND/analysis_data/hight64_rkmp_controls_v1/analysis/hight64/r12/k32/seed201/controls/D1_vs_D1/D1_control_b.npy,/mnt/d/#PROJECT_RKNDIncECA/Related-key-mcp-attention-Inception-based-ND/analysis_data/hight64_rkmp_controls_v1/analysis/hight64/r12/k32/seed201/controls/pair_shuffled/D1_pair_shuffled.npy,ae91467fa7d41b6701342c5b7fdcff731b8bfa0f34c72b945d49e3db3dabf9ab,04e26dd3e43f22cdb1140201013640600052a34a315f54eb2fb1bb490fa906ae,09173509c99a50991f4940c630d78146ccb36c4b6160781661983b3bcddd56f3,6cee4b8261f9fc7690f726cb56e7c61d7397d0dffb27fb066b247cf5fac3bf42,/mnt/d/#PROJECT_RKNDIncECA/Related-key-mcp-attention-Inception-based-ND/analysis_data/hight64_rkmp_controls_v1/analysis/hight64/r12/k32/seed201/run_config.json,/mnt/d/#PROJECT_RKNDIncECA/Related-key-mcp-attention-Inception-based-ND/analysis_data/hight64_rkmp_controls_v1/analysis/hight64/r12/k32/seed201/protocol_validation.json,/mnt/d/#PROJECT_RKNDIncECA/Related-key-mcp-attention-Inception-based-ND/analysis_data/hight64_rkmp_controls_v1/analysis/hight64/r12/k32/seed201/control_metadata.json,True,26.53519,430101152,543efe41a6375e5be4a781081e8087ff1ebb2fac75216a4601a20a34ac1b0595,2026-07-17T13:18:29.060850+00:00,completed
hight64_rkmp_controls_v1,analysis,HIGHT-64,hight64,cipher.hight,12,32,202,202,10000,64,128,0x4000000000000000,0x00000000000000000000000040000000,97,msb0,delta_C||C||C_star,grouped,shared,uint8,"[10000, 32, 192]",/mnt/d/#PROJECT_RKNDIncECA/Related-key-mcp-attention-Inception-based-ND/analysis_data/hight64_rkmp_controls_v1/analysis/hight64/r12/k32/seed202/D1_structured.npy,/mnt/d/#PROJECT_RKNDIncECA/Related-key-mcp-attention-Inception-based-ND/analysis_data/hight64_rkmp_controls_v1/analysis/hight64/r12/k32/seed202/D0_null.npy,/mnt/d/#PROJECT_RKNDIncECA/Related-key-mcp-attention-Inception-based-ND/analysis_data/hight64_rkmp_controls_v1/analysis/hight64/r12/k32/seed202/D1_labels.npy,/mnt/d/#PROJECT_RKNDIncECA/Related-key-mcp-attention-Inception-based-ND/analysis_data/hight64_rkmp_controls_v1/analysis/hight64/r12/k32/seed202/D0_labels.npy,/mnt/d/#PROJECT_RKNDIncECA/Related-key-mcp-attention-Inception-based-ND/analysis_data/hight64_rkmp_controls_v1/analysis/hight64/r12/k32/seed202/controls/D0_vs_D0/D0_control_a.npy,/mnt/d/#PROJECT_RKNDIncECA/Related-key-mcp-attention-Inception-based-ND/analysis_data/hight64_rkmp_controls_v1/analysis/hight64/r12/k32/seed202/controls/D0_vs_D0/D0_control_b.npy,/mnt/d/#PROJECT_RKNDIncECA/Related-key-mcp-attention-Inception-based-ND/analysis_data/hight64_rkmp_controls_v1/analysis/hight64/r12/k32/seed202/controls/D1_vs_D1/D1_control_a.npy,/mnt/d/#PROJECT_RKNDIncECA/Related-key-mcp-attention-Inception-based-ND/analysis_data/hight64_rkmp_controls_v1/analysis/hight64/r12/k32/seed202/controls/D1_vs_D1/D1_control_b.npy,/mnt/d/#PROJECT_RKNDIncECA/Related-key-mcp-attention-Inception-based-ND/analysis_data/hight64_rkmp_controls_v1/analysis/hight64/r12/k32/seed202/controls/pair_shuffled/D1_pair_shuffled.npy,18d1c27c46de23578b6b729c7c18356905f41c11e4513cbf6857268948879508,5bbd642a55c09f3dcf24fee873e929f0556c65eea73c815ab578665c9cbdbffc,edb3995967912cf30bb33688dd401389456f34d15aae20f35644db9629ea7d4e,be215277e22c16d9df2ccf0cd62720becfc045ed485d4553de5ad78deee60eb0,/mnt/d/#PROJECT_RKNDIncECA/Related-key-mcp-attention-Inception-based-ND/analysis_data/hight64_rkmp_controls_v1/analysis/hight64/r12/k32/seed202/run_config.json,/mnt/d/#PROJECT_RKNDIncECA/Related-key-mcp-attention-Inception-based-ND/analysis_data/hight64_rkmp_controls_v1/analysis/hight64/r12/k32/seed202/protocol_validation.json,/mnt/d/#PROJECT_RKNDIncECA/Related-key-mcp-attention-Inception-based-ND/analysis_data/hight64_rkmp_controls_v1/analysis/hight64/r12/k32/seed202/control_metadata.json,True,29.866033,430101152,b4a2fc4ba1f11bc1c90a3374bd1203845aafceab6ed49cb80c432db7deb66920,2026-07-17T13:19:02.565228+00:00,completed
hight64_rkmp_controls_v1,analysis,HIGHT-64,hight64,cipher.hight,12,32,203,203,10000,64,128,0x4000000000000000,0x00000000000000000000000040000000,97,msb0,delta_C||C||C_star,grouped,shared,uint8,"[10000, 32, 192]",/mnt/d/#PROJECT_RKNDIncECA/Related-key-mcp-attention-Inception-based-ND/analysis_data/hight64_rkmp_controls_v1/analysis/hight64/r12/k32/seed203/D1_structured.npy,/mnt/d/#PROJECT_RKNDIncECA/Related-key-mcp-attention-Inception-based-ND/analysis_data/hight64_rkmp_controls_v1/analysis/hight64/r12/k32/seed203/D0_null.npy,/mnt/d/#PROJECT_RKNDIncECA/Related-key-mcp-attention-Inception-based-ND/analysis_data/hight64_rkmp_controls_v1/analysis/hight64/r12/k32/seed203/D1_labels.npy,/mnt/d/#PROJECT_RKNDIncECA/Related-key-mcp-attention-Inception-based-ND/analysis_data/hight64_rkmp_controls_v1/analysis/hight64/r12/k32/seed203/D0_labels.npy,/mnt/d/#PROJECT_RKNDIncECA/Related-key-mcp-attention-Inception-based-ND/analysis_data/hight64_rkmp_controls_v1/analysis/hight64/r12/k32/seed203/controls/D0_vs_D0/D0_control_a.npy,/mnt/d/#PROJECT_RKNDIncECA/Related-key-mcp-attention-Inception-based-ND/analysis_data/hight64_rkmp_controls_v1/analysis/hight64/r12/k32/seed203/controls/D0_vs_D0/D0_control_b.npy,/mnt/d/#PROJECT_RKNDIncECA/Related-key-mcp-attention-Inception-based-ND/analysis_data/hight64_rkmp_controls_v1/analysis/hight64/r12/k32/seed203/controls/D1_vs_D1/D1_control_a.npy,/mnt/d/#PROJECT_RKNDIncECA/Related-key-mcp-attention-Inception-based-ND/analysis_data/hight64_rkmp_controls_v1/analysis/hight64/r12/k32/seed203/controls/D1_vs_D1/D1_control_b.npy,/mnt/d/#PROJECT_RKNDIncECA/Related-key-mcp-attention-Inception-based-ND/analysis_data/hight64_rkmp_controls_v1/analysis/hight64/r12/k32/seed203/controls/pair_shuffled/D1_pair_shuffled.npy,1fbf96512775b27f90740511279f4d314da7ce2307d5dc46517b6d5e548a9989,8559611e9cb0681e39f079f4d61eb496101679c6b55768723dd67191bfeb4140,64f03efc5d2299a6abc8ce192994d7a25393414176df724d7bc2e4080d675680,3a9d925a6716a02e759c6a1ba5a9d9bae2c6f71b5aaefb90416e939dd6438b4c,/mnt/d/#PROJECT_RKNDIncECA/Related-key-mcp-attention-Inception-based-ND/analysis_data/hight64_rkmp_controls_v1/analysis/hight64/r12/k32/seed203/run_config.json,/mnt/d/#PROJECT_RKNDIncECA/Related-key-mcp-attention-Inception-based-ND/analysis_data/hight64_rkmp_controls_v1/analysis/hight64/r12/k32/seed203/protocol_validation.json,/mnt/d/#PROJECT_RKNDIncECA/Related-key-mcp-attention-Inception-based-ND/analysis_data/hight64_rkmp_controls_v1/analysis/hight64/r12/k32/seed203/control_metadata.json,True,35.943925,430101152,047cf9575350822a05c7b297afb10b5ef96b3c9b49d74e530c32e39245825e28,2026-07-17T13:19:42.154216+00:00,completed
hight64_rkmp_controls_v1,analysis,HIGHT-64,hight64,cipher.hight,13,1,201,201,10000,64,128,0x4000000000000000,0x00000000000000000000000040000000,97,msb0,delta_C||C||C_star,grouped,shared,uint8,"[10000, 1, 192]",/mnt/d/#PROJECT_RKNDIncECA/Related-key-mcp-attention-Inception-based-ND/analysis_data/hight64_rkmp_controls_v1/analysis/hight64/r13/k1/seed201/D1_structured.npy,/mnt/d/#PROJECT_RKNDIncECA/Related-key-mcp-attention-Inception-based-ND/analysis_data/hight64_rkmp_controls_v1/analysis/hight64/r13/k1/seed201/D0_null.npy,/mnt/d/#PROJECT_RKNDIncECA/Related-key-mcp-attention-Inception-based-ND/analysis_data/hight64_rkmp_controls_v1/analysis/hight64/r13/k1/seed201/D1_labels.npy,/mnt/d/#PROJECT_RKNDIncECA/Related-key-mcp-attention-Inception-based-ND/analysis_data/hight64_rkmp_controls_v1/analysis/hight64/r13/k1/seed201/D0_labels.npy,/mnt/d/#PROJECT_RKNDIncECA/Related-key-mcp-attention-Inception-based-ND/analysis_data/hight64_rkmp_controls_v1/analysis/hight64/r13/k1/seed201/controls/D0_vs_D0/D0_control_a.npy,/mnt/d/#PROJECT_RKNDIncECA/Related-key-mcp-attention-Inception-based-ND/analysis_data/hight64_rkmp_controls_v1/analysis/hight64/r13/k1/seed201/controls/D0_vs_D0/D0_control_b.npy,/mnt/d/#PROJECT_RKNDIncECA/Related-key-mcp-attention-Inception-based-ND/analysis_data/hight64_rkmp_controls_v1/analysis/hight64/r13/k1/seed201/controls/D1_vs_D1/D1_control_a.npy,/mnt/d/#PROJECT_RKNDIncECA/Related-key-mcp-attention-Inception-based-ND/analysis_data/hight64_rkmp_controls_v1/analysis/hight64/r13/k1/seed201/controls/D1_vs_D1/D1_control_b.npy,/mnt/d/#PROJECT_RKNDIncECA/Related-key-mcp-attention-Inception-based-ND/analysis_data/hight64_rkmp_controls_v1/analysis/hight64/r13/k1/seed201/controls/pair_shuffled/D1_pair_shuffled.npy,e6ee04af7ef6bd958424202643b2040994fe6e0076815aa9010463267debc78d,7a79198d853961f694015c287f9c52022908a9ff9bd33f89629efff4b29cd027,918cee55a5e8d2c39774b6e0b5d26f1ae259211ace228698372edeabff1cebee,675ab7f7572a894c32f72ca4771c99659a460adab23233601277c18e4dd64440,/mnt/d/#PROJECT_RKNDIncECA/Related-key-mcp-attention-Inception-based-ND/analysis_data/hight64_rkmp_controls_v1/analysis/hight64/r13/k1/seed201/run_config.json,/mnt/d/#PROJECT_RKNDIncECA/Related-key-mcp-attention-Inception-based-ND/analysis_data/hight64_rkmp_controls_v1/analysis/hight64/r13/k1/seed201/protocol_validation.json,/mnt/d/#PROJECT_RKNDIncECA/Related-key-mcp-attention-Inception-based-ND/analysis_data/hight64_rkmp_controls_v1/analysis/hight64/r13/k1/seed201/control_metadata.json,True,1.273121,13461152,25bcd59188e3f06eddf7f79d65c521e57c948ca492f31895035cb4a7b8df6aa4,2026-07-17T13:19:43.513541+00:00,completed
hight64_rkmp_controls_v1,analysis,HIGHT-64,hight64,cipher.hight,13,1,202,202,10000,64,128,0x4000000000000000,0x00000000000000000000000040000000,97,msb0,delta_C||C||C_star,grouped,shared,uint8,"[10000, 1, 192]",/mnt/d/#PROJECT_RKNDIncECA/Related-key-mcp-attention-Inception-based-ND/analysis_data/hight64_rkmp_controls_v1/analysis/hight64/r13/k1/seed202/D1_structured.npy,/mnt/d/#PROJECT_RKNDIncECA/Related-key-mcp-attention-Inception-based-ND/analysis_data/hight64_rkmp_controls_v1/analysis/hight64/r13/k1/seed202/D0_null.npy,/mnt/d/#PROJECT_RKNDIncECA/Related-key-mcp-attention-Inception-based-ND/analysis_data/hight64_rkmp_controls_v1/analysis/hight64/r13/k1/seed202/D1_labels.npy,/mnt/d/#PROJECT_RKNDIncECA/Related-key-mcp-attention-Inception-based-ND/analysis_data/hight64_rkmp_controls_v1/analysis/hight64/r13/k1/seed202/D0_labels.npy,/mnt/d/#PROJECT_RKNDIncECA/Related-key-mcp-attention-Inception-based-ND/analysis_data/hight64_rkmp_controls_v1/analysis/hight64/r13/k1/seed202/controls/D0_vs_D0/D0_control_a.npy,/mnt/d/#PROJECT_RKNDIncECA/Related-key-mcp-attention-Inception-based-ND/analysis_data/hight64_rkmp_controls_v1/analysis/hight64/r13/k1/seed202/controls/D0_vs_D0/D0_control_b.npy,/mnt/d/#PROJECT_RKNDIncECA/Related-key-mcp-attention-Inception-based-ND/analysis_data/hight64_rkmp_controls_v1/analysis/hight64/r13/k1/seed202/controls/D1_vs_D1/D1_control_a.npy,/mnt/d/#PROJECT_RKNDIncECA/Related-key-mcp-attention-Inception-based-ND/analysis_data/hight64_rkmp_controls_v1/analysis/hight64/r13/k1/seed202/controls/D1_vs_D1/D1_control_b.npy,/mnt/d/#PROJECT_RKNDIncECA/Related-key-mcp-attention-Inception-based-ND/analysis_data/hight64_rkmp_controls_v1/analysis/hight64/r13/k1/seed202/controls/pair_shuffled/D1_pair_shuffled.npy,82827f9e9b8e00432897b8b3f5f8a2905d69a2b93d26fd36e167ddf734c13b9e,89274dfae755ffb252b0983eb5d5a06fbcfe60f12271dc0a00200c3eec2e5a6e,511c9ce60b194ba9fd8e0cedcdfc5a03837f75bc70ea67a48bb157d85ab56a4b,48b49868ee10100a451afb45b5d63eb283d395f5f429f3ae69193840d8c65a8b,/mnt/d/#PROJECT_RKNDIncECA/Related-key-mcp-attention-Inception-based-ND/analysis_data/hight64_rkmp_controls_v1/analysis/hight64/r13/k1/seed202/run_config.json,/mnt/d/#PROJECT_RKNDIncECA/Related-key-mcp-attention-Inception-based-ND/analysis_data/hight64_rkmp_controls_v1/analysis/hight64/r13/k1/seed202/protocol_validation.json,/mnt/d/#PROJECT_RKNDIncECA/Related-key-mcp-attention-Inception-based-ND/analysis_data/hight64_rkmp_controls_v1/analysis/hight64/r13/k1/seed202/control_metadata.json,True,1.563078,13461152,e245492779b73e1daaa0f20823a5e01b24d97fb86021c1e7f57ff8ce1d864129,2026-07-17T13:19:45.127785+00:00,completed
hight64_rkmp_controls_v1,analysis,HIGHT-64,hight64,cipher.hight,13,1,203,203,10000,64,128,0x4000000000000000,0x00000000000000000000000040000000,97,msb0,delta_C||C||C_star,grouped,shared,uint8,"[10000, 1, 192]",/mnt/d/#PROJECT_RKNDIncECA/Related-key-mcp-attention-Inception-based-ND/analysis_data/hight64_rkmp_controls_v1/analysis/hight64/r13/k1/seed203/D1_structured.npy,/mnt/d/#PROJECT_RKNDIncECA/Related-key-mcp-attention-Inception-based-ND/analysis_data/hight64_rkmp_controls_v1/analysis/hight64/r13/k1/seed203/D0_null.npy,/mnt/d/#PROJECT_RKNDIncECA/Related-key-mcp-attention-Inception-based-ND/analysis_data/hight64_rkmp_controls_v1/analysis/hight64/r13/k1/seed203/D1_labels.npy,/mnt/d/#PROJECT_RKNDIncECA/Related-key-mcp-attention-Inception-based-ND/analysis_data/hight64_rkmp_controls_v1/analysis/hight64/r13/k1/seed203/D0_labels.npy,/mnt/d/#PROJECT_RKNDIncECA/Related-key-mcp-attention-Inception-based-ND/analysis_data/hight64_rkmp_controls_v1/analysis/hight64/r13/k1/seed203/controls/D0_vs_D0/D0_control_a.npy,/mnt/d/#PROJECT_RKNDIncECA/Related-key-mcp-attention-Inception-based-ND/analysis_data/hight64_rkmp_controls_v1/analysis/hight64/r13/k1/seed203/controls/D0_vs_D0/D0_control_b.npy,/mnt/d/#PROJECT_RKNDIncECA/Related-key-mcp-attention-Inception-based-ND/analysis_data/hight64_rkmp_controls_v1/analysis/hight64/r13/k1/seed203/controls/D1_vs_D1/D1_control_a.npy,/mnt/d/#PROJECT_RKNDIncECA/Related-key-mcp-attention-Inception-based-ND/analysis_data/hight64_rkmp_controls_v1/analysis/hight64/r13/k1/seed203/controls/D1_vs_D1/D1_control_b.npy,/mnt/d/#PROJECT_RKNDIncECA/Related-key-mcp-attention-Inception-based-ND/analysis_data/hight64_rkmp_controls_v1/analysis/hight64/r13/k1/seed203/controls/pair_shuffled/D1_pair_shuffled.npy,07e3c04289cfcfd597559ae4b748f98816860f1632ffd299423187c68a41c3b2,ef95033ae7a0df90633a9dd7027931f235655c273ae7e2d58d863b3efb928f6c,3d92b25dd595ea304e53167706107f8752f59572daca19aa115ceaff9b3fec44,84d4c47e7f59ecfb17dd8e8d8d054e22c6fc5298df21ccacaf93222c380ad0e9,/mnt/d/#PROJECT_RKNDIncECA/Related-key-mcp-attention-Inception-based-ND/analysis_data/hight64_rkmp_controls_v1/analysis/hight64/r13/k1/seed203/run_config.json,/mnt/d/#PROJECT_RKNDIncECA/Related-key-mcp-attention-Inception-based-ND/analysis_data/hight64_rkmp_controls_v1/analysis/hight64/r13/k1/seed203/protocol_validation.json,/mnt/d/#PROJECT_RKNDIncECA/Related-key-mcp-attention-Inception-based-ND/analysis_data/hight64_rkmp_controls_v1/analysis/hight64/r13/k1/seed203/control_metadata.json,True,1.698236,13461152,5970835c5cc30343e7c73e87978288087774bd5268055ae88e34dd518f4c04c8,2026-07-17T13:19:46.903705+00:00,completed
hight64_rkmp_controls_v1,analysis,HIGHT-64,hight64,cipher.hight,13,2,201,201,10000,64,128,0x4000000000000000,0x00000000000000000000000040000000,97,msb0,delta_C||C||C_star,grouped,shared,uint8,"[10000, 2, 192]",/mnt/d/#PROJECT_RKNDIncECA/Related-key-mcp-attention-Inception-based-ND/analysis_data/hight64_rkmp_controls_v1/analysis/hight64/r13/k2/seed201/D1_structured.npy,/mnt/d/#PROJECT_RKNDIncECA/Related-key-mcp-attention-Inception-based-ND/analysis_data/hight64_rkmp_controls_v1/analysis/hight64/r13/k2/seed201/D0_null.npy,/mnt/d/#PROJECT_RKNDIncECA/Related-key-mcp-attention-Inception-based-ND/analysis_data/hight64_rkmp_controls_v1/analysis/hight64/r13/k2/seed201/D1_labels.npy,/mnt/d/#PROJECT_RKNDIncECA/Related-key-mcp-attention-Inception-based-ND/analysis_data/hight64_rkmp_controls_v1/analysis/hight64/r13/k2/seed201/D0_labels.npy,/mnt/d/#PROJECT_RKNDIncECA/Related-key-mcp-attention-Inception-based-ND/analysis_data/hight64_rkmp_controls_v1/analysis/hight64/r13/k2/seed201/controls/D0_vs_D0/D0_control_a.npy,/mnt/d/#PROJECT_RKNDIncECA/Related-key-mcp-attention-Inception-based-ND/analysis_data/hight64_rkmp_controls_v1/analysis/hight64/r13/k2/seed201/controls/D0_vs_D0/D0_control_b.npy,/mnt/d/#PROJECT_RKNDIncECA/Related-key-mcp-attention-Inception-based-ND/analysis_data/hight64_rkmp_controls_v1/analysis/hight64/r13/k2/seed201/controls/D1_vs_D1/D1_control_a.npy,/mnt/d/#PROJECT_RKNDIncECA/Related-key-mcp-attention-Inception-based-ND/analysis_data/hight64_rkmp_controls_v1/analysis/hight64/r13/k2/seed201/controls/D1_vs_D1/D1_control_b.npy,/mnt/d/#PROJECT_RKNDIncECA/Related-key-mcp-attention-Inception-based-ND/analysis_data/hight64_rkmp_controls_v1/analysis/hight64/r13/k2/seed201/controls/pair_shuffled/D1_pair_shuffled.npy,13a83d57479c1edb39911cd454202d55c68d7a4812465d1ea2f0736abb701027,0d61220eb250d446e24e94f2488a31a132a88aff077d3d31a6ffb9fc7ef9c647,2a97a811dc86b6e07ed39e965de9da219078891de1616157815680c61127a0be,09adb804fe1bd43c3b4ee90ac9ab07f7abf78bac9e9f052ad62ef19e264b2fc2,/mnt/d/#PROJECT_RKNDIncECA/Related-key-mcp-attention-Inception-based-ND/analysis_data/hight64_rkmp_controls_v1/analysis/hight64/r13/k2/seed201/run_config.json,/mnt/d/#PROJECT_RKNDIncECA/Related-key-mcp-attention-Inception-based-ND/analysis_data/hight64_rkmp_controls_v1/analysis/hight64/r13/k2/seed201/protocol_validation.json,/mnt/d/#PROJECT_RKNDIncECA/Related-key-mcp-attention-Inception-based-ND/analysis_data/hight64_rkmp_controls_v1/analysis/hight64/r13/k2/seed201/control_metadata.json,True,2.451406,26901152,fe21fab7b4e38223360919aa0a95dfb55065093f422d3f55106b8c3aedc61877,2026-07-17T13:19:49.431496+00:00,completed
hight64_rkmp_controls_v1,analysis,HIGHT-64,hight64,cipher.hight,13,2,202,202,10000,64,128,0x4000000000000000,0x00000000000000000000000040000000,97,msb0,delta_C||C||C_star,grouped,shared,uint8,"[10000, 2, 192]",/mnt/d/#PROJECT_RKNDIncECA/Related-key-mcp-attention-Inception-based-ND/analysis_data/hight64_rkmp_controls_v1/analysis/hight64/r13/k2/seed202/D1_structured.npy,/mnt/d/#PROJECT_RKNDIncECA/Related-key-mcp-attention-Inception-based-ND/analysis_data/hight64_rkmp_controls_v1/analysis/hight64/r13/k2/seed202/D0_null.npy,/mnt/d/#PROJECT_RKNDIncECA/Related-key-mcp-attention-Inception-based-ND/analysis_data/hight64_rkmp_controls_v1/analysis/hight64/r13/k2/seed202/D1_labels.npy,/mnt/d/#PROJECT_RKNDIncECA/Related-key-mcp-attention-Inception-based-ND/analysis_data/hight64_rkmp_controls_v1/analysis/hight64/r13/k2/seed202/D0_labels.npy,/mnt/d/#PROJECT_RKNDIncECA/Related-key-mcp-attention-Inception-based-ND/analysis_data/hight64_rkmp_controls_v1/analysis/hight64/r13/k2/seed202/controls/D0_vs_D0/D0_control_a.npy,/mnt/d/#PROJECT_RKNDIncECA/Related-key-mcp-attention-Inception-based-ND/analysis_data/hight64_rkmp_controls_v1/analysis/hight64/r13/k2/seed202/controls/D0_vs_D0/D0_control_b.npy,/mnt/d/#PROJECT_RKNDIncECA/Related-key-mcp-attention-Inception-based-ND/analysis_data/hight64_rkmp_controls_v1/analysis/hight64/r13/k2/seed202/controls/D1_vs_D1/D1_control_a.npy,/mnt/d/#PROJECT_RKNDIncECA/Related-key-mcp-attention-Inception-based-ND/analysis_data/hight64_rkmp_controls_v1/analysis/hight64/r13/k2/seed202/controls/D1_vs_D1/D1_control_b.npy,/mnt/d/#PROJECT_RKNDIncECA/Related-key-mcp-attention-Inception-based-ND/analysis_data/hight64_rkmp_controls_v1/analysis/hight64/r13/k2/seed202/controls/pair_shuffled/D1_pair_shuffled.npy,c0ba1d1ef3f87cd06042f70fd949fb9d704a00cd89c13ac652b9ca72fc937f60,d48900970c24c6a5072297502943c566fe3c98a32276788ef9f83c74717f369c,3fbfe85b7e722efb84a156fec6a6617f46238f6aa41f1e7f59be8368f0966e4d,1927c69efde6cbbabe84022f95d7473a251b2c16904a25fa0015f680f871d3be,/mnt/d/#PROJECT_RKNDIncECA/Related-key-mcp-attention-Inception-based-ND/analysis_data/hight64_rkmp_controls_v1/analysis/hight64/r13/k2/seed202/run_config.json,/mnt/d/#PROJECT_RKNDIncECA/Related-key-mcp-attention-Inception-based-ND/analysis_data/hight64_rkmp_controls_v1/analysis/hight64/r13/k2/seed202/protocol_validation.json,/mnt/d/#PROJECT_RKNDIncECA/Related-key-mcp-attention-Inception-based-ND/analysis_data/hight64_rkmp_controls_v1/analysis/hight64/r13/k2/seed202/control_metadata.json,True,2.814506,26901152,031091696174f9039b67a3699c68511670f70d7a654325350f225f403c894225,2026-07-17T13:19:52.311739+00:00,completed
hight64_rkmp_controls_v1,analysis,HIGHT-64,hight64,cipher.hight,13,2,203,203,10000,64,128,0x4000000000000000,0x00000000000000000000000040000000,97,msb0,delta_C||C||C_star,grouped,shared,uint8,"[10000, 2, 192]",/mnt/d/#PROJECT_RKNDIncECA/Related-key-mcp-attention-Inception-based-ND/analysis_data/hight64_rkmp_controls_v1/analysis/hight64/r13/k2/seed203/D1_structured.npy,/mnt/d/#PROJECT_RKNDIncECA/Related-key-mcp-attention-Inception-based-ND/analysis_data/hight64_rkmp_controls_v1/analysis/hight64/r13/k2/seed203/D0_null.npy,/mnt/d/#PROJECT_RKNDIncECA/Related-key-mcp-attention-Inception-based-ND/analysis_data/hight64_rkmp_controls_v1/analysis/hight64/r13/k2/seed203/D1_labels.npy,/mnt/d/#PROJECT_RKNDIncECA/Related-key-mcp-attention-Inception-based-ND/analysis_data/hight64_rkmp_controls_v1/analysis/hight64/r13/k2/seed203/D0_labels.npy,/mnt/d/#PROJECT_RKNDIncECA/Related-key-mcp-attention-Inception-based-ND/analysis_data/hight64_rkmp_controls_v1/analysis/hight64/r13/k2/seed203/controls/D0_vs_D0/D0_control_a.npy,/mnt/d/#PROJECT_RKNDIncECA/Related-key-mcp-attention-Inception-based-ND/analysis_data/hight64_rkmp_controls_v1/analysis/hight64/r13/k2/seed203/controls/D0_vs_D0/D0_control_b.npy,/mnt/d/#PROJECT_RKNDIncECA/Related-key-mcp-attention-Inception-based-ND/analysis_data/hight64_rkmp_controls_v1/analysis/hight64/r13/k2/seed203/controls/D1_vs_D1/D1_control_a.npy,/mnt/d/#PROJECT_RKNDIncECA/Related-key-mcp-attention-Inception-based-ND/analysis_data/hight64_rkmp_controls_v1/analysis/hight64/r13/k2/seed203/controls/D1_vs_D1/D1_control_b.npy,/mnt/d/#PROJECT_RKNDIncECA/Related-key-mcp-attention-Inception-based-ND/analysis_data/hight64_rkmp_controls_v1/analysis/hight64/r13/k2/seed203/controls/pair_shuffled/D1_pair_shuffled.npy,07bf97234d37a1d31cc3fa4a3b6e9d0e908b1829e75e54cffaa568218b01dff4,3ea3306ad08e6d1fb52ccab13481049049095d2a2721d4fd61e0d793732bfd2e,7d51dc362151d617c8e9cb76461305f75e97e109f1f0f510fe2d73ee6770d2cf,8f1ed287d10b1636ff6fec12f53372d73878967d37ba7bf5c326314131c5b91d,/mnt/d/#PROJECT_RKNDIncECA/Related-key-mcp-attention-Inception-based-ND/analysis_data/hight64_rkmp_controls_v1/analysis/hight64/r13/k2/seed203/run_config.json,/mnt/d/#PROJECT_RKNDIncECA/Related-key-mcp-attention-Inception-based-ND/analysis_data/hight64_rkmp_controls_v1/analysis/hight64/r13/k2/seed203/protocol_validation.json,/mnt/d/#PROJECT_RKNDIncECA/Related-key-mcp-attention-Inception-based-ND/analysis_data/hight64_rkmp_controls_v1/analysis/hight64/r13/k2/seed203/control_metadata.json,True,2.293473,26901152,663058eb26214b4b083244c4aae14f3472afb4327f26e46d0ddaa63ad4e99a52,2026-07-17T13:19:54.667019+00:00,completed
hight64_rkmp_controls_v1,analysis,HIGHT-64,hight64,cipher.hight,13,4,201,201,10000,64,128,0x4000000000000000,0x00000000000000000000000040000000,97,msb0,delta_C||C||C_star,grouped,shared,uint8,"[10000, 4, 192]",/mnt/d/#PROJECT_RKNDIncECA/Related-key-mcp-attention-Inception-based-ND/analysis_data/hight64_rkmp_controls_v1/analysis/hight64/r13/k4/seed201/D1_structured.npy,/mnt/d/#PROJECT_RKNDIncECA/Related-key-mcp-attention-Inception-based-ND/analysis_data/hight64_rkmp_controls_v1/analysis/hight64/r13/k4/seed201/D0_null.npy,/mnt/d/#PROJECT_RKNDIncECA/Related-key-mcp-attention-Inception-based-ND/analysis_data/hight64_rkmp_controls_v1/analysis/hight64/r13/k4/seed201/D1_labels.npy,/mnt/d/#PROJECT_RKNDIncECA/Related-key-mcp-attention-Inception-based-ND/analysis_data/hight64_rkmp_controls_v1/analysis/hight64/r13/k4/seed201/D0_labels.npy,/mnt/d/#PROJECT_RKNDIncECA/Related-key-mcp-attention-Inception-based-ND/analysis_data/hight64_rkmp_controls_v1/analysis/hight64/r13/k4/seed201/controls/D0_vs_D0/D0_control_a.npy,/mnt/d/#PROJECT_RKNDIncECA/Related-key-mcp-attention-Inception-based-ND/analysis_data/hight64_rkmp_controls_v1/analysis/hight64/r13/k4/seed201/controls/D0_vs_D0/D0_control_b.npy,/mnt/d/#PROJECT_RKNDIncECA/Related-key-mcp-attention-Inception-based-ND/analysis_data/hight64_rkmp_controls_v1/analysis/hight64/r13/k4/seed201/controls/D1_vs_D1/D1_control_a.npy,/mnt/d/#PROJECT_RKNDIncECA/Related-key-mcp-attention-Inception-based-ND/analysis_data/hight64_rkmp_controls_v1/analysis/hight64/r13/k4/seed201/controls/D1_vs_D1/D1_control_b.npy,/mnt/d/#PROJECT_RKNDIncECA/Related-key-mcp-attention-Inception-based-ND/analysis_data/hight64_rkmp_controls_v1/analysis/hight64/r13/k4/seed201/controls/pair_shuffled/D1_pair_shuffled.npy,54245790a68d7b465a0ceea8d00a29762db6dcddc6c183400a3e5f353e1ce5f5,9bef1ebc2a6907fa9e05f6775a918402e53d6e879d648264417d7049d5475a56,37bff5ff24124eb1f48dc88079cee204d06e77cee96366e52b304661a56e8273,3365d63f3c3710bc4f443404ab4f6eff5cafe11f839179dd015cf95bfe48ce1d,/mnt/d/#PROJECT_RKNDIncECA/Related-key-mcp-attention-Inception-based-ND/analysis_data/hight64_rkmp_controls_v1/analysis/hight64/r13/k4/seed201/run_config.json,/mnt/d/#PROJECT_RKNDIncECA/Related-key-mcp-attention-Inception-based-ND/analysis_data/hight64_rkmp_controls_v1/analysis/hight64/r13/k4/seed201/protocol_validation.json,/mnt/d/#PROJECT_RKNDIncECA/Related-key-mcp-attention-Inception-based-ND/analysis_data/hight64_rkmp_controls_v1/analysis/hight64/r13/k4/seed201/control_metadata.json,True,4.729975,53781152,6b61f86ad2f2959993a3908e61ea9a186eeabfd8b4af73a6b138d3e4eebb11fd,2026-07-17T13:19:59.464565+00:00,completed
hight64_rkmp_controls_v1,analysis,HIGHT-64,hight64,cipher.hight,13,4,202,202,10000,64,128,0x4000000000000000,0x00000000000000000000000040000000,97,msb0,delta_C||C||C_star,grouped,shared,uint8,"[10000, 4, 192]",/mnt/d/#PROJECT_RKNDIncECA/Related-key-mcp-attention-Inception-based-ND/analysis_data/hight64_rkmp_controls_v1/analysis/hight64/r13/k4/seed202/D1_structured.npy,/mnt/d/#PROJECT_RKNDIncECA/Related-key-mcp-attention-Inception-based-ND/analysis_data/hight64_rkmp_controls_v1/analysis/hight64/r13/k4/seed202/D0_null.npy,/mnt/d/#PROJECT_RKNDIncECA/Related-key-mcp-attention-Inception-based-ND/analysis_data/hight64_rkmp_controls_v1/analysis/hight64/r13/k4/seed202/D1_labels.npy,/mnt/d/#PROJECT_RKNDIncECA/Related-key-mcp-attention-Inception-based-ND/analysis_data/hight64_rkmp_controls_v1/analysis/hight64/r13/k4/seed202/D0_labels.npy,/mnt/d/#PROJECT_RKNDIncECA/Related-key-mcp-attention-Inception-based-ND/analysis_data/hight64_rkmp_controls_v1/analysis/hight64/r13/k4/seed202/controls/D0_vs_D0/D0_control_a.npy,/mnt/d/#PROJECT_RKNDIncECA/Related-key-mcp-attention-Inception-based-ND/analysis_data/hight64_rkmp_controls_v1/analysis/hight64/r13/k4/seed202/controls/D0_vs_D0/D0_control_b.npy,/mnt/d/#PROJECT_RKNDIncECA/Related-key-mcp-attention-Inception-based-ND/analysis_data/hight64_rkmp_controls_v1/analysis/hight64/r13/k4/seed202/controls/D1_vs_D1/D1_control_a.npy,/mnt/d/#PROJECT_RKNDIncECA/Related-key-mcp-attention-Inception-based-ND/analysis_data/hight64_rkmp_controls_v1/analysis/hight64/r13/k4/seed202/controls/D1_vs_D1/D1_control_b.npy,/mnt/d/#PROJECT_RKNDIncECA/Related-key-mcp-attention-Inception-based-ND/analysis_data/hight64_rkmp_controls_v1/analysis/hight64/r13/k4/seed202/controls/pair_shuffled/D1_pair_shuffled.npy,01e994d54946fe115bc37a3b5b01d25ed0122ed829f12bdc6d0d82ce055ee397,2a174d5ecefa0ba088e23d69c7135863e8443ebe53abf09b8d35e38bf0444202,fa71b5b13f7013bb866ea461d0a29683720d51991f2bcbf9dabed5f89f1382d8,bdb4493515e4820036b69ba67929b4420f51ecbffe18e8a221e153b1fdec3a7c,/mnt/d/#PROJECT_RKNDIncECA/Related-key-mcp-attention-Inception-based-ND/analysis_data/hight64_rkmp_controls_v1/analysis/hight64/r13/k4/seed202/run_config.json,/mnt/d/#PROJECT_RKNDIncECA/Related-key-mcp-attention-Inception-based-ND/analysis_data/hight64_rkmp_controls_v1/analysis/hight64/r13/k4/seed202/protocol_validation.json,/mnt/d/#PROJECT_RKNDIncECA/Related-key-mcp-attention-Inception-based-ND/analysis_data/hight64_rkmp_controls_v1/analysis/hight64/r13/k4/seed202/control_metadata.json,True,6.55087,53781152,45fc7210dc1d3e6f8989db4b250d7bf323d7de741e8d4b3feae6e5165d3b29a8,2026-07-17T13:20:06.103727+00:00,completed
hight64_rkmp_controls_v1,analysis,HIGHT-64,hight64,cipher.hight,13,4,203,203,10000,64,128,0x4000000000000000,0x00000000000000000000000040000000,97,msb0,delta_C||C||C_star,grouped,shared,uint8,"[10000, 4, 192]",/mnt/d/#PROJECT_RKNDIncECA/Related-key-mcp-attention-Inception-based-ND/analysis_data/hight64_rkmp_controls_v1/analysis/hight64/r13/k4/seed203/D1_structured.npy,/mnt/d/#PROJECT_RKNDIncECA/Related-key-mcp-attention-Inception-based-ND/analysis_data/hight64_rkmp_controls_v1/analysis/hight64/r13/k4/seed203/D0_null.npy,/mnt/d/#PROJECT_RKNDIncECA/Related-key-mcp-attention-Inception-based-ND/analysis_data/hight64_rkmp_controls_v1/analysis/hight64/r13/k4/seed203/D1_labels.npy,/mnt/d/#PROJECT_RKNDIncECA/Related-key-mcp-attention-Inception-based-ND/analysis_data/hight64_rkmp_controls_v1/analysis/hight64/r13/k4/seed203/D0_labels.npy,/mnt/d/#PROJECT_RKNDIncECA/Related-key-mcp-attention-Inception-based-ND/analysis_data/hight64_rkmp_controls_v1/analysis/hight64/r13/k4/seed203/controls/D0_vs_D0/D0_control_a.npy,/mnt/d/#PROJECT_RKNDIncECA/Related-key-mcp-attention-Inception-based-ND/analysis_data/hight64_rkmp_controls_v1/analysis/hight64/r13/k4/seed203/controls/D0_vs_D0/D0_control_b.npy,/mnt/d/#PROJECT_RKNDIncECA/Related-key-mcp-attention-Inception-based-ND/analysis_data/hight64_rkmp_controls_v1/analysis/hight64/r13/k4/seed203/controls/D1_vs_D1/D1_control_a.npy,/mnt/d/#PROJECT_RKNDIncECA/Related-key-mcp-attention-Inception-based-ND/analysis_data/hight64_rkmp_controls_v1/analysis/hight64/r13/k4/seed203/controls/D1_vs_D1/D1_control_b.npy,/mnt/d/#PROJECT_RKNDIncECA/Related-key-mcp-attention-Inception-based-ND/analysis_data/hight64_rkmp_controls_v1/analysis/hight64/r13/k4/seed203/controls/pair_shuffled/D1_pair_shuffled.npy,f808a6def1862b835c99e96f898222401a773649952a15dc76b7612416380914,6b28683e528dd743580ed1909cb5207352672789c5e03aeb5f1aab3d4acc8837,e5ef6aae015cb75d94521441e863dbc4bfea103dc6caabaa1fc6282c0bd65bf9,13de1baa5ea1c278aa26f5bbf34bac7ae169a1ec367aca27ba3a212182eaf21b,/mnt/d/#PROJECT_RKNDIncECA/Related-key-mcp-attention-Inception-based-ND/analysis_data/hight64_rkmp_controls_v1/analysis/hight64/r13/k4/seed203/run_config.json,/mnt/d/#PROJECT_RKNDIncECA/Related-key-mcp-attention-Inception-based-ND/analysis_data/hight64_rkmp_controls_v1/analysis/hight64/r13/k4/seed203/protocol_validation.json,/mnt/d/#PROJECT_RKNDIncECA/Related-key-mcp-attention-Inception-based-ND/analysis_data/hight64_rkmp_controls_v1/analysis/hight64/r13/k4/seed203/control_metadata.json,True,5.398956,53781152,6e30eb6c00b3e226f815538b1f5182c2a545202636afdf665eeedf99d49cbfa7,2026-07-17T13:20:15.158214+00:00,completed
hight64_rkmp_controls_v1,analysis,HIGHT-64,hight64,cipher.hight,13,8,201,201,10000,64,128,0x4000000000000000,0x00000000000000000000000040000000,97,msb0,delta_C||C||C_star,grouped,shared,uint8,"[10000, 8, 192]",/mnt/d/#PROJECT_RKNDIncECA/Related-key-mcp-attention-Inception-based-ND/analysis_data/hight64_rkmp_controls_v1/analysis/hight64/r13/k8/seed201/D1_structured.npy,/mnt/d/#PROJECT_RKNDIncECA/Related-key-mcp-attention-Inception-based-ND/analysis_data/hight64_rkmp_controls_v1/analysis/hight64/r13/k8/seed201/D0_null.npy,/mnt/d/#PROJECT_RKNDIncECA/Related-key-mcp-attention-Inception-based-ND/analysis_data/hight64_rkmp_controls_v1/analysis/hight64/r13/k8/seed201/D1_labels.npy,/mnt/d/#PROJECT_RKNDIncECA/Related-key-mcp-attention-Inception-based-ND/analysis_data/hight64_rkmp_controls_v1/analysis/hight64/r13/k8/seed201/D0_labels.npy,/mnt/d/#PROJECT_RKNDIncECA/Related-key-mcp-attention-Inception-based-ND/analysis_data/hight64_rkmp_controls_v1/analysis/hight64/r13/k8/seed201/controls/D0_vs_D0/D0_control_a.npy,/mnt/d/#PROJECT_RKNDIncECA/Related-key-mcp-attention-Inception-based-ND/analysis_data/hight64_rkmp_controls_v1/analysis/hight64/r13/k8/seed201/controls/D0_vs_D0/D0_control_b.npy,/mnt/d/#PROJECT_RKNDIncECA/Related-key-mcp-attention-Inception-based-ND/analysis_data/hight64_rkmp_controls_v1/analysis/hight64/r13/k8/seed201/controls/D1_vs_D1/D1_control_a.npy,/mnt/d/#PROJECT_RKNDIncECA/Related-key-mcp-attention-Inception-based-ND/analysis_data/hight64_rkmp_controls_v1/analysis/hight64/r13/k8/seed201/controls/D1_vs_D1/D1_control_b.npy,/mnt/d/#PROJECT_RKNDIncECA/Related-key-mcp-attention-Inception-based-ND/analysis_data/hight64_rkmp_controls_v1/analysis/hight64/r13/k8/seed201/controls/pair_shuffled/D1_pair_shuffled.npy,789ae2e5ee1f59880ecdf4b281cbc1f792af45c022f0676cbf1079585886e71d,261defb48c75d6b3e62aa31299551de102e94552dea6cac739cdd349208f8dc3,6fb8360ff34b52aff81d43499a5b6b2fca860eca50ecc26a09153fc382d6d044,e2ec93e320abf3461e29eb9055ecb717c470b16b1ca9a8ea77b83c452c28246e,/mnt/d/#PROJECT_RKNDIncECA/Related-key-mcp-attention-Inception-based-ND/analysis_data/hight64_rkmp_controls_v1/analysis/hight64/r13/k8/seed201/run_config.json,/mnt/d/#PROJECT_RKNDIncECA/Related-key-mcp-attention-Inception-based-ND/analysis_data/hight64_rkmp_controls_v1/analysis/hight64/r13/k8/seed201/protocol_validation.json,/mnt/d/#PROJECT_RKNDIncECA/Related-key-mcp-attention-Inception-based-ND/analysis_data/hight64_rkmp_controls_v1/analysis/hight64/r13/k8/seed201/control_metadata.json,True,7.928069,107541152,bd43bf42f79b73da1fd898db51dd230930a0f528797ab8dee1cd94a82ffbb1f8,2026-07-17T13:20:23.165157+00:00,completed
hight64_rkmp_controls_v1,analysis,HIGHT-64,hight64,cipher.hight,13,8,202,202,10000,64,128,0x4000000000000000,0x00000000000000000000000040000000,97,msb0,delta_C||C||C_star,grouped,shared,uint8,"[10000, 8, 192]",/mnt/d/#PROJECT_RKNDIncECA/Related-key-mcp-attention-Inception-based-ND/analysis_data/hight64_rkmp_controls_v1/analysis/hight64/r13/k8/seed202/D1_structured.npy,/mnt/d/#PROJECT_RKNDIncECA/Related-key-mcp-attention-Inception-based-ND/analysis_data/hight64_rkmp_controls_v1/analysis/hight64/r13/k8/seed202/D0_null.npy,/mnt/d/#PROJECT_RKNDIncECA/Related-key-mcp-attention-Inception-based-ND/analysis_data/hight64_rkmp_controls_v1/analysis/hight64/r13/k8/seed202/D1_labels.npy,/mnt/d/#PROJECT_RKNDIncECA/Related-key-mcp-attention-Inception-based-ND/analysis_data/hight64_rkmp_controls_v1/analysis/hight64/r13/k8/seed202/D0_labels.npy,/mnt/d/#PROJECT_RKNDIncECA/Related-key-mcp-attention-Inception-based-ND/analysis_data/hight64_rkmp_controls_v1/analysis/hight64/r13/k8/seed202/controls/D0_vs_D0/D0_control_a.npy,/mnt/d/#PROJECT_RKNDIncECA/Related-key-mcp-attention-Inception-based-ND/analysis_data/hight64_rkmp_controls_v1/analysis/hight64/r13/k8/seed202/controls/D0_vs_D0/D0_control_b.npy,/mnt/d/#PROJECT_RKNDIncECA/Related-key-mcp-attention-Inception-based-ND/analysis_data/hight64_rkmp_controls_v1/analysis/hight64/r13/k8/seed202/controls/D1_vs_D1/D1_control_a.npy,/mnt/d/#PROJECT_RKNDIncECA/Related-key-mcp-attention-Inception-based-ND/analysis_data/hight64_rkmp_controls_v1/analysis/hight64/r13/k8/seed202/controls/D1_vs_D1/D1_control_b.npy,/mnt/d/#PROJECT_RKNDIncECA/Related-key-mcp-attention-Inception-based-ND/analysis_data/hight64_rkmp_controls_v1/analysis/hight64/r13/k8/seed202/controls/pair_shuffled/D1_pair_shuffled.npy,ae47246f920c3a48effde774c06aefabd9cee93742245f482288b8129a7d2496,154cac93414ddba9ff5159731309966523cb3369d705000fa3ad07d5ec0371b9,210718d93509c4b8dc700e2f190b4382dc57d31a8eedf7eb960e13a5682a033b,e971a0daa6b01879fba0587916627cb15198d33d8ba052673f5326b676c4686b,/mnt/d/#PROJECT_RKNDIncECA/Related-key-mcp-attention-Inception-based-ND/analysis_data/hight64_rkmp_controls_v1/analysis/hight64/r13/k8/seed202/run_config.json,/mnt/d/#PROJECT_RKNDIncECA/Related-key-mcp-attention-Inception-based-ND/analysis_data/hight64_rkmp_controls_v1/analysis/hight64/r13/k8/seed202/protocol_validation.json,/mnt/d/#PROJECT_RKNDIncECA/Related-key-mcp-attention-Inception-based-ND/analysis_data/hight64_rkmp_controls_v1/analysis/hight64/r13/k8/seed202/control_metadata.json,True,7.718154,107541152,8477e8ed13fc73414b188d4d313177cf867e159ab151a7ef86711efdb8cd954e,2026-07-17T13:20:30.938433+00:00,completed
hight64_rkmp_controls_v1,analysis,HIGHT-64,hight64,cipher.hight,13,8,203,203,10000,64,128,0x4000000000000000,0x00000000000000000000000040000000,97,msb0,delta_C||C||C_star,grouped,shared,uint8,"[10000, 8, 192]",/mnt/d/#PROJECT_RKNDIncECA/Related-key-mcp-attention-Inception-based-ND/analysis_data/hight64_rkmp_controls_v1/analysis/hight64/r13/k8/seed203/D1_structured.npy,/mnt/d/#PROJECT_RKNDIncECA/Related-key-mcp-attention-Inception-based-ND/analysis_data/hight64_rkmp_controls_v1/analysis/hight64/r13/k8/seed203/D0_null.npy,/mnt/d/#PROJECT_RKNDIncECA/Related-key-mcp-attention-Inception-based-ND/analysis_data/hight64_rkmp_controls_v1/analysis/hight64/r13/k8/seed203/D1_labels.npy,/mnt/d/#PROJECT_RKNDIncECA/Related-key-mcp-attention-Inception-based-ND/analysis_data/hight64_rkmp_controls_v1/analysis/hight64/r13/k8/seed203/D0_labels.npy,/mnt/d/#PROJECT_RKNDIncECA/Related-key-mcp-attention-Inception-based-ND/analysis_data/hight64_rkmp_controls_v1/analysis/hight64/r13/k8/seed203/controls/D0_vs_D0/D0_control_a.npy,/mnt/d/#PROJECT_RKNDIncECA/Related-key-mcp-attention-Inception-based-ND/analysis_data/hight64_rkmp_controls_v1/analysis/hight64/r13/k8/seed203/controls/D0_vs_D0/D0_control_b.npy,/mnt/d/#PROJECT_RKNDIncECA/Related-key-mcp-attention-Inception-based-ND/analysis_data/hight64_rkmp_controls_v1/analysis/hight64/r13/k8/seed203/controls/D1_vs_D1/D1_control_a.npy,/mnt/d/#PROJECT_RKNDIncECA/Related-key-mcp-attention-Inception-based-ND/analysis_data/hight64_rkmp_controls_v1/analysis/hight64/r13/k8/seed203/controls/D1_vs_D1/D1_control_b.npy,/mnt/d/#PROJECT_RKNDIncECA/Related-key-mcp-attention-Inception-based-ND/analysis_data/hight64_rkmp_controls_v1/analysis/hight64/r13/k8/seed203/controls/pair_shuffled/D1_pair_shuffled.npy,59832be0d578ebe2ab02cd579ef50ea8774052095b24740fb91c61d5af231ed7,74337fb86b908008c85d876cb75a9868c99b1afdc0cb88bef6a4091962bb158f,8e8f74b44d14faff147430572ef9209eeff5577a67897baa52bcf46a522773b0,22a39e7f103a4e6ed06351664263597ea613d6bdafe737d45871f33e5d988eec,/mnt/d/#PROJECT_RKNDIncECA/Related-key-mcp-attention-Inception-based-ND/analysis_data/hight64_rkmp_controls_v1/analysis/hight64/r13/k8/seed203/run_config.json,/mnt/d/#PROJECT_RKNDIncECA/Related-key-mcp-attention-Inception-based-ND/analysis_data/hight64_rkmp_controls_v1/analysis/hight64/r13/k8/seed203/protocol_validation.json,/mnt/d/#PROJECT_RKNDIncECA/Related-key-mcp-attention-Inception-based-ND/analysis_data/hight64_rkmp_controls_v1/analysis/hight64/r13/k8/seed203/control_metadata.json,True,7.284407,107541152,2abb54818827026a9aa54f2b855fd5a29d22168b44f11e9360a7b87b48946ef1,2026-07-17T13:20:38.280710+00:00,completed
hight64_rkmp_controls_v1,analysis,HIGHT-64,hight64,cipher.hight,13,16,201,201,10000,64,128,0x4000000000000000,0x00000000000000000000000040000000,97,msb0,delta_C||C||C_star,grouped,shared,uint8,"[10000, 16, 192]",/mnt/d/#PROJECT_RKNDIncECA/Related-key-mcp-attention-Inception-based-ND/analysis_data/hight64_rkmp_controls_v1/analysis/hight64/r13/k16/seed201/D1_structured.npy,/mnt/d/#PROJECT_RKNDIncECA/Related-key-mcp-attention-Inception-based-ND/analysis_data/hight64_rkmp_controls_v1/analysis/hight64/r13/k16/seed201/D0_null.npy,/mnt/d/#PROJECT_RKNDIncECA/Related-key-mcp-attention-Inception-based-ND/analysis_data/hight64_rkmp_controls_v1/analysis/hight64/r13/k16/seed201/D1_labels.npy,/mnt/d/#PROJECT_RKNDIncECA/Related-key-mcp-attention-Inception-based-ND/analysis_data/hight64_rkmp_controls_v1/analysis/hight64/r13/k16/seed201/D0_labels.npy,/mnt/d/#PROJECT_RKNDIncECA/Related-key-mcp-attention-Inception-based-ND/analysis_data/hight64_rkmp_controls_v1/analysis/hight64/r13/k16/seed201/controls/D0_vs_D0/D0_control_a.npy,/mnt/d/#PROJECT_RKNDIncECA/Related-key-mcp-attention-Inception-based-ND/analysis_data/hight64_rkmp_controls_v1/analysis/hight64/r13/k16/seed201/controls/D0_vs_D0/D0_control_b.npy,/mnt/d/#PROJECT_RKNDIncECA/Related-key-mcp-attention-Inception-based-ND/analysis_data/hight64_rkmp_controls_v1/analysis/hight64/r13/k16/seed201/controls/D1_vs_D1/D1_control_a.npy,/mnt/d/#PROJECT_RKNDIncECA/Related-key-mcp-attention-Inception-based-ND/analysis_data/hight64_rkmp_controls_v1/analysis/hight64/r13/k16/seed201/controls/D1_vs_D1/D1_control_b.npy,/mnt/d/#PROJECT_RKNDIncECA/Related-key-mcp-attention-Inception-based-ND/analysis_data/hight64_rkmp_controls_v1/analysis/hight64/r13/k16/seed201/controls/pair_shuffled/D1_pair_shuffled.npy,5e70ca7285d79fc0507093825dca3744dd78e0eb79b65e7c6ef74df550d14d6b,dbca40f8a49daad1eba317a407fa2599dc6a82395be8712a6c624ecd40207c1e,6d835846809338165299dbe2d2c93df5944ec5b68902f889ec55f45d0eacfa42,532d6be73925a0475c30001735c705504c55cb953a60dc31b06d30963b056d9c,/mnt/d/#PROJECT_RKNDIncECA/Related-key-mcp-attention-Inception-based-ND/analysis_data/hight64_rkmp_controls_v1/analysis/hight64/r13/k16/seed201/run_config.json,/mnt/d/#PROJECT_RKNDIncECA/Related-key-mcp-attention-Inception-based-ND/analysis_data/hight64_rkmp_controls_v1/analysis/hight64/r13/k16/seed201/protocol_validation.json,/mnt/d/#PROJECT_RKNDIncECA/Related-key-mcp-attention-Inception-based-ND/analysis_data/hight64_rkmp_controls_v1/analysis/hight64/r13/k16/seed201/control_metadata.json,True,15.474251,215061152,24b3d0bf8a3f1fb909acca58e6994fd33718266ec88d95801b41653d7777c70a,2026-07-17T13:20:57.397681+00:00,completed
hight64_rkmp_controls_v1,analysis,HIGHT-64,hight64,cipher.hight,13,16,202,202,10000,64,128,0x4000000000000000,0x00000000000000000000000040000000,97,msb0,delta_C||C||C_star,grouped,shared,uint8,"[10000, 16, 192]",/mnt/d/#PROJECT_RKNDIncECA/Related-key-mcp-attention-Inception-based-ND/analysis_data/hight64_rkmp_controls_v1/analysis/hight64/r13/k16/seed202/D1_structured.npy,/mnt/d/#PROJECT_RKNDIncECA/Related-key-mcp-attention-Inception-based-ND/analysis_data/hight64_rkmp_controls_v1/analysis/hight64/r13/k16/seed202/D0_null.npy,/mnt/d/#PROJECT_RKNDIncECA/Related-key-mcp-attention-Inception-based-ND/analysis_data/hight64_rkmp_controls_v1/analysis/hight64/r13/k16/seed202/D1_labels.npy,/mnt/d/#PROJECT_RKNDIncECA/Related-key-mcp-attention-Inception-based-ND/analysis_data/hight64_rkmp_controls_v1/analysis/hight64/r13/k16/seed202/D0_labels.npy,/mnt/d/#PROJECT_RKNDIncECA/Related-key-mcp-attention-Inception-based-ND/analysis_data/hight64_rkmp_controls_v1/analysis/hight64/r13/k16/seed202/controls/D0_vs_D0/D0_control_a.npy,/mnt/d/#PROJECT_RKNDIncECA/Related-key-mcp-attention-Inception-based-ND/analysis_data/hight64_rkmp_controls_v1/analysis/hight64/r13/k16/seed202/controls/D0_vs_D0/D0_control_b.npy,/mnt/d/#PROJECT_RKNDIncECA/Related-key-mcp-attention-Inception-based-ND/analysis_data/hight64_rkmp_controls_v1/analysis/hight64/r13/k16/seed202/controls/D1_vs_D1/D1_control_a.npy,/mnt/d/#PROJECT_RKNDIncECA/Related-key-mcp-attention-Inception-based-ND/analysis_data/hight64_rkmp_controls_v1/analysis/hight64/r13/k16/seed202/controls/D1_vs_D1/D1_control_b.npy,/mnt/d/#PROJECT_RKNDIncECA/Related-key-mcp-attention-Inception-based-ND/analysis_data/hight64_rkmp_controls_v1/analysis/hight64/r13/k16/seed202/controls/pair_shuffled/D1_pair_shuffled.npy,e90d2c3cccee555a76dcfb01a37f6cae313423f99907a6544d15bc18ce6c7fc8,d8ae963f25c33b942338e9dc26179deecd90fc28a88ae299829e0a4fa7e23d1d,f35c4344a9b2d9852cab4eadc5a9303641bc789f1dec60530255aaa0c7d39827,cb757650f323fb6687ca0172a544645d4a21af6a98fd64b080ca18529ff21c81,/mnt/d/#PROJECT_RKNDIncECA/Related-key-mcp-attention-Inception-based-ND/analysis_data/hight64_rkmp_controls_v1/analysis/hight64/r13/k16/seed202/run_config.json,/mnt/d/#PROJECT_RKNDIncECA/Related-key-mcp-attention-Inception-based-ND/analysis_data/hight64_rkmp_controls_v1/analysis/hight64/r13/k16/seed202/protocol_validation.json,/mnt/d/#PROJECT_RKNDIncECA/Related-key-mcp-attention-Inception-based-ND/analysis_data/hight64_rkmp_controls_v1/analysis/hight64/r13/k16/seed202/control_metadata.json,True,15.328511,215061152,f59ab6a74cd4bf0559ba0ad9c18c9426c5ff60e3dcc3290dfa2bafaf607c2991,2026-07-17T13:21:12.781790+00:00,completed
hight64_rkmp_controls_v1,analysis,HIGHT-64,hight64,cipher.hight,13,16,203,203,10000,64,128,0x4000000000000000,0x00000000000000000000000040000000,97,msb0,delta_C||C||C_star,grouped,shared,uint8,"[10000, 16, 192]",/mnt/d/#PROJECT_RKNDIncECA/Related-key-mcp-attention-Inception-based-ND/analysis_data/hight64_rkmp_controls_v1/analysis/hight64/r13/k16/seed203/D1_structured.npy,/mnt/d/#PROJECT_RKNDIncECA/Related-key-mcp-attention-Inception-based-ND/analysis_data/hight64_rkmp_controls_v1/analysis/hight64/r13/k16/seed203/D0_null.npy,/mnt/d/#PROJECT_RKNDIncECA/Related-key-mcp-attention-Inception-based-ND/analysis_data/hight64_rkmp_controls_v1/analysis/hight64/r13/k16/seed203/D1_labels.npy,/mnt/d/#PROJECT_RKNDIncECA/Related-key-mcp-attention-Inception-based-ND/analysis_data/hight64_rkmp_controls_v1/analysis/hight64/r13/k16/seed203/D0_labels.npy,/mnt/d/#PROJECT_RKNDIncECA/Related-key-mcp-attention-Inception-based-ND/analysis_data/hight64_rkmp_controls_v1/analysis/hight64/r13/k16/seed203/controls/D0_vs_D0/D0_control_a.npy,/mnt/d/#PROJECT_RKNDIncECA/Related-key-mcp-attention-Inception-based-ND/analysis_data/hight64_rkmp_controls_v1/analysis/hight64/r13/k16/seed203/controls/D0_vs_D0/D0_control_b.npy,/mnt/d/#PROJECT_RKNDIncECA/Related-key-mcp-attention-Inception-based-ND/analysis_data/hight64_rkmp_controls_v1/analysis/hight64/r13/k16/seed203/controls/D1_vs_D1/D1_control_a.npy,/mnt/d/#PROJECT_RKNDIncECA/Related-key-mcp-attention-Inception-based-ND/analysis_data/hight64_rkmp_controls_v1/analysis/hight64/r13/k16/seed203/controls/D1_vs_D1/D1_control_b.npy,/mnt/d/#PROJECT_RKNDIncECA/Related-key-mcp-attention-Inception-based-ND/analysis_data/hight64_rkmp_controls_v1/analysis/hight64/r13/k16/seed203/controls/pair_shuffled/D1_pair_shuffled.npy,1b23d2327c27ba63399c2abb19bff3646ac664053087c2ffe22e9869968d2a6c,d8d185ce75eed7d3eeebf203f8f2528a78bb8af279c0ec8273075cef02387e32,ae0aa9a6b327ca77cbbe7131fcf8cca3d40070fe3460942864579ae315205ef0,9ab5f665c983b301504803d7d5909dff515168ef6736065a3d008c0b9dfbcd02,/mnt/d/#PROJECT_RKNDIncECA/Related-key-mcp-attention-Inception-based-ND/analysis_data/hight64_rkmp_controls_v1/analysis/hight64/r13/k16/seed203/run_config.json,/mnt/d/#PROJECT_RKNDIncECA/Related-key-mcp-attention-Inception-based-ND/analysis_data/hight64_rkmp_controls_v1/analysis/hight64/r13/k16/seed203/protocol_validation.json,/mnt/d/#PROJECT_RKNDIncECA/Related-key-mcp-attention-Inception-based-ND/analysis_data/hight64_rkmp_controls_v1/analysis/hight64/r13/k16/seed203/control_metadata.json,True,17.992376,215061152,313e19e0eece64b2f501fe8f8f3c20a0d9e1caf96902fb4b0d10db7ac94e74ad,2026-07-17T13:21:34.532286+00:00,completed
hight64_rkmp_controls_v1,analysis,HIGHT-64,hight64,cipher.hight,13,32,201,201,10000,64,128,0x4000000000000000,0x00000000000000000000000040000000,97,msb0,delta_C||C||C_star,grouped,shared,uint8,"[10000, 32, 192]",/mnt/d/#PROJECT_RKNDIncECA/Related-key-mcp-attention-Inception-based-ND/analysis_data/hight64_rkmp_controls_v1/analysis/hight64/r13/k32/seed201/D1_structured.npy,/mnt/d/#PROJECT_RKNDIncECA/Related-key-mcp-attention-Inception-based-ND/analysis_data/hight64_rkmp_controls_v1/analysis/hight64/r13/k32/seed201/D0_null.npy,/mnt/d/#PROJECT_RKNDIncECA/Related-key-mcp-attention-Inception-based-ND/analysis_data/hight64_rkmp_controls_v1/analysis/hight64/r13/k32/seed201/D1_labels.npy,/mnt/d/#PROJECT_RKNDIncECA/Related-key-mcp-attention-Inception-based-ND/analysis_data/hight64_rkmp_controls_v1/analysis/hight64/r13/k32/seed201/D0_labels.npy,/mnt/d/#PROJECT_RKNDIncECA/Related-key-mcp-attention-Inception-based-ND/analysis_data/hight64_rkmp_controls_v1/analysis/hight64/r13/k32/seed201/controls/D0_vs_D0/D0_control_a.npy,/mnt/d/#PROJECT_RKNDIncECA/Related-key-mcp-attention-Inception-based-ND/analysis_data/hight64_rkmp_controls_v1/analysis/hight64/r13/k32/seed201/controls/D0_vs_D0/D0_control_b.npy,/mnt/d/#PROJECT_RKNDIncECA/Related-key-mcp-attention-Inception-based-ND/analysis_data/hight64_rkmp_controls_v1/analysis/hight64/r13/k32/seed201/controls/D1_vs_D1/D1_control_a.npy,/mnt/d/#PROJECT_RKNDIncECA/Related-key-mcp-attention-Inception-based-ND/analysis_data/hight64_rkmp_controls_v1/analysis/hight64/r13/k32/seed201/controls/D1_vs_D1/D1_control_b.npy,/mnt/d/#PROJECT_RKNDIncECA/Related-key-mcp-attention-Inception-based-ND/analysis_data/hight64_rkmp_controls_v1/analysis/hight64/r13/k32/seed201/controls/pair_shuffled/D1_pair_shuffled.npy,9355ab475a1d4926316e8d44a43518cf879bc22b43ea84bb291e29240c1a4494,d048679ca991494bfa895cc455bcd089f1110ac429af98b5da637d107e46121a,4e1bd8581f3e62066a2ea164ef0954988d086d9eb429a374c90463666e4d04b6,51689ea11885baa6d42544337567c6d609bfeb2f30f2e85012f4f9e602800d41,/mnt/d/#PROJECT_RKNDIncECA/Related-key-mcp-attention-Inception-based-ND/analysis_data/hight64_rkmp_controls_v1/analysis/hight64/r13/k32/seed201/run_config.json,/mnt/d/#PROJECT_RKNDIncECA/Related-key-mcp-attention-Inception-based-ND/analysis_data/hight64_rkmp_controls_v1/analysis/hight64/r13/k32/seed201/protocol_validation.json,/mnt/d/#PROJECT_RKNDIncECA/Related-key-mcp-attention-Inception-based-ND/analysis_data/hight64_rkmp_controls_v1/analysis/hight64/r13/k32/seed201/control_metadata.json,True,35.502737,430101152,2822b492ec74d071d9752868769232c998863196feb4b97bb98afb935a8dde35,2026-07-17T13:22:13.796643+00:00,completed
hight64_rkmp_controls_v1,analysis,HIGHT-64,hight64,cipher.hight,13,32,202,202,10000,64,128,0x4000000000000000,0x00000000000000000000000040000000,97,msb0,delta_C||C||C_star,grouped,shared,uint8,"[10000, 32, 192]",/mnt/d/#PROJECT_RKNDIncECA/Related-key-mcp-attention-Inception-based-ND/analysis_data/hight64_rkmp_controls_v1/analysis/hight64/r13/k32/seed202/D1_structured.npy,/mnt/d/#PROJECT_RKNDIncECA/Related-key-mcp-attention-Inception-based-ND/analysis_data/hight64_rkmp_controls_v1/analysis/hight64/r13/k32/seed202/D0_null.npy,/mnt/d/#PROJECT_RKNDIncECA/Related-key-mcp-attention-Inception-based-ND/analysis_data/hight64_rkmp_controls_v1/analysis/hight64/r13/k32/seed202/D1_labels.npy,/mnt/d/#PROJECT_RKNDIncECA/Related-key-mcp-attention-Inception-based-ND/analysis_data/hight64_rkmp_controls_v1/analysis/hight64/r13/k32/seed202/D0_labels.npy,/mnt/d/#PROJECT_RKNDIncECA/Related-key-mcp-attention-Inception-based-ND/analysis_data/hight64_rkmp_controls_v1/analysis/hight64/r13/k32/seed202/controls/D0_vs_D0/D0_control_a.npy,/mnt/d/#PROJECT_RKNDIncECA/Related-key-mcp-attention-Inception-based-ND/analysis_data/hight64_rkmp_controls_v1/analysis/hight64/r13/k32/seed202/controls/D0_vs_D0/D0_control_b.npy,/mnt/d/#PROJECT_RKNDIncECA/Related-key-mcp-attention-Inception-based-ND/analysis_data/hight64_rkmp_controls_v1/analysis/hight64/r13/k32/seed202/controls/D1_vs_D1/D1_control_a.npy,/mnt/d/#PROJECT_RKNDIncECA/Related-key-mcp-attention-Inception-based-ND/analysis_data/hight64_rkmp_controls_v1/analysis/hight64/r13/k32/seed202/controls/D1_vs_D1/D1_control_b.npy,/mnt/d/#PROJECT_RKNDIncECA/Related-key-mcp-attention-Inception-based-ND/analysis_data/hight64_rkmp_controls_v1/analysis/hight64/r13/k32/seed202/controls/pair_shuffled/D1_pair_shuffled.npy,55343cf25fda72b9ecc56f5497f963397adb125924e5b64899a2a76406b1c7cb,e2c4478739d10ab5452b5cba2d6086a713deb500388aaa9f2bf6f7ec3d19538e,010d1cfcd7158eb277346c80232c9d36c31b01b5fbbdb969cdc0c2c227527dd0,4cf844b8dbee71564699c2486f59e9fd37f771785decc7c35cc7c7034af27671,/mnt/d/#PROJECT_RKNDIncECA/Related-key-mcp-attention-Inception-based-ND/analysis_data/hight64_rkmp_controls_v1/analysis/hight64/r13/k32/seed202/run_config.json,/mnt/d/#PROJECT_RKNDIncECA/Related-key-mcp-attention-Inception-based-ND/analysis_data/hight64_rkmp_controls_v1/analysis/hight64/r13/k32/seed202/protocol_validation.json,/mnt/d/#PROJECT_RKNDIncECA/Related-key-mcp-attention-Inception-based-ND/analysis_data/hight64_rkmp_controls_v1/analysis/hight64/r13/k32/seed202/control_metadata.json,True,35.776914,430101152,a35076db542c337e80cb19454ea0cf8ab236bbf50f2014c9c2761aa3b783c526,2026-07-17T13:22:53.214524+00:00,completed
hight64_rkmp_controls_v1,analysis,HIGHT-64,hight64,cipher.hight,13,32,203,203,10000,64,128,0x4000000000000000,0x00000000000000000000000040000000,97,msb0,delta_C||C||C_star,grouped,shared,uint8,"[10000, 32, 192]",/mnt/d/#PROJECT_RKNDIncECA/Related-key-mcp-attention-Inception-based-ND/analysis_data/hight64_rkmp_controls_v1/analysis/hight64/r13/k32/seed203/D1_structured.npy,/mnt/d/#PROJECT_RKNDIncECA/Related-key-mcp-attention-Inception-based-ND/analysis_data/hight64_rkmp_controls_v1/analysis/hight64/r13/k32/seed203/D0_null.npy,/mnt/d/#PROJECT_RKNDIncECA/Related-key-mcp-attention-Inception-based-ND/analysis_data/hight64_rkmp_controls_v1/analysis/hight64/r13/k32/seed203/D1_labels.npy,/mnt/d/#PROJECT_RKNDIncECA/Related-key-mcp-attention-Inception-based-ND/analysis_data/hight64_rkmp_controls_v1/analysis/hight64/r13/k32/seed203/D0_labels.npy,/mnt/d/#PROJECT_RKNDIncECA/Related-key-mcp-attention-Inception-based-ND/analysis_data/hight64_rkmp_controls_v1/analysis/hight64/r13/k32/seed203/controls/D0_vs_D0/D0_control_a.npy,/mnt/d/#PROJECT_RKNDIncECA/Related-key-mcp-attention-Inception-based-ND/analysis_data/hight64_rkmp_controls_v1/analysis/hight64/r13/k32/seed203/controls/D0_vs_D0/D0_control_b.npy,/mnt/d/#PROJECT_RKNDIncECA/Related-key-mcp-attention-Inception-based-ND/analysis_data/hight64_rkmp_controls_v1/analysis/hight64/r13/k32/seed203/controls/D1_vs_D1/D1_control_a.npy,/mnt/d/#PROJECT_RKNDIncECA/Related-key-mcp-attention-Inception-based-ND/analysis_data/hight64_rkmp_controls_v1/analysis/hight64/r13/k32/seed203/controls/D1_vs_D1/D1_control_b.npy,/mnt/d/#PROJECT_RKNDIncECA/Related-key-mcp-attention-Inception-based-ND/analysis_data/hight64_rkmp_controls_v1/analysis/hight64/r13/k32/seed203/controls/pair_shuffled/D1_pair_shuffled.npy,c02eca8a5dfa1068108940647d7935384a23dc711f21fedd65153da6d5460793,96fb6a913fc78d83890f44fe1f398eb9713f4f78f5c3d5461b1b40a360c06d0a,3d86e1787ba9e2e5adc5cef50bb4687244b2e5a18675fce639425f7691f15c92,f8af457ae82af3bdd8711e64c5311be53e1f33ab6a1dc386c570be09e62509ad,/mnt/d/#PROJECT_RKNDIncECA/Related-key-mcp-attention-Inception-based-ND/analysis_data/hight64_rkmp_controls_v1/analysis/hight64/r13/k32/seed203/run_config.json,/mnt/d/#PROJECT_RKNDIncECA/Related-key-mcp-attention-Inception-based-ND/analysis_data/hight64_rkmp_controls_v1/analysis/hight64/r13/k32/seed203/protocol_validation.json,/mnt/d/#PROJECT_RKNDIncECA/Related-key-mcp-attention-Inception-based-ND/analysis_data/hight64_rkmp_controls_v1/analysis/hight64/r13/k32/seed203/control_metadata.json,True,32.098389,430101152,b2d5fa1014552997deb00d72776e8b8e529802afb04f86316767eb8d966f4346,2026-07-17T13:23:28.987778+00:00,completed
hight64_rkmp_controls_v1,analysis,HIGHT-64,hight64,cipher.hight,14,1,201,201,10000,64,128,0x4000000000000000,0x00000000000000000000000040000000,97,msb0,delta_C||C||C_star,grouped,shared,uint8,"[10000, 1, 192]",/mnt/d/#PROJECT_RKNDIncECA/Related-key-mcp-attention-Inception-based-ND/analysis_data/hight64_rkmp_controls_v1/analysis/hight64/r14/k1/seed201/D1_structured.npy,/mnt/d/#PROJECT_RKNDIncECA/Related-key-mcp-attention-Inception-based-ND/analysis_data/hight64_rkmp_controls_v1/analysis/hight64/r14/k1/seed201/D0_null.npy,/mnt/d/#PROJECT_RKNDIncECA/Related-key-mcp-attention-Inception-based-ND/analysis_data/hight64_rkmp_controls_v1/analysis/hight64/r14/k1/seed201/D1_labels.npy,/mnt/d/#PROJECT_RKNDIncECA/Related-key-mcp-attention-Inception-based-ND/analysis_data/hight64_rkmp_controls_v1/analysis/hight64/r14/k1/seed201/D0_labels.npy,/mnt/d/#PROJECT_RKNDIncECA/Related-key-mcp-attention-Inception-based-ND/analysis_data/hight64_rkmp_controls_v1/analysis/hight64/r14/k1/seed201/controls/D0_vs_D0/D0_control_a.npy,/mnt/d/#PROJECT_RKNDIncECA/Related-key-mcp-attention-Inception-based-ND/analysis_data/hight64_rkmp_controls_v1/analysis/hight64/r14/k1/seed201/controls/D0_vs_D0/D0_control_b.npy,/mnt/d/#PROJECT_RKNDIncECA/Related-key-mcp-attention-Inception-based-ND/analysis_data/hight64_rkmp_controls_v1/analysis/hight64/r14/k1/seed201/controls/D1_vs_D1/D1_control_a.npy,/mnt/d/#PROJECT_RKNDIncECA/Related-key-mcp-attention-Inception-based-ND/analysis_data/hight64_rkmp_controls_v1/analysis/hight64/r14/k1/seed201/controls/D1_vs_D1/D1_control_b.npy,/mnt/d/#PROJECT_RKNDIncECA/Related-key-mcp-attention-Inception-based-ND/analysis_data/hight64_rkmp_controls_v1/analysis/hight64/r14/k1/seed201/controls/pair_shuffled/D1_pair_shuffled.npy,e595591ef50dcc4bb64d46e5c2054eca8a4a45f45146ce6f8f0202aacd2dc415,241de8380e9ef0140f4a0dd95bb23677a499e38d02cc968e5f77d441d7c9fc9c,06eb11da5e285370a77e202d519b1c8a8c4c84be9e46aba5808077a5e597322b,a88abb5b1f9788a7da9d12b5fb4f0a0a7f234db8e20c64ba346eb5d96598b75c,/mnt/d/#PROJECT_RKNDIncECA/Related-key-mcp-attention-Inception-based-ND/analysis_data/hight64_rkmp_controls_v1/analysis/hight64/r14/k1/seed201/run_config.json,/mnt/d/#PROJECT_RKNDIncECA/Related-key-mcp-attention-Inception-based-ND/analysis_data/hight64_rkmp_controls_v1/analysis/hight64/r14/k1/seed201/protocol_validation.json,/mnt/d/#PROJECT_RKNDIncECA/Related-key-mcp-attention-Inception-based-ND/analysis_data/hight64_rkmp_controls_v1/analysis/hight64/r14/k1/seed201/control_metadata.json,True,1.487126,13461152,4a13aff4a27328750ac0808137107a13f44d0cacca6fa25602788002f39b89d6,2026-07-17T13:23:30.542676+00:00,completed
hight64_rkmp_controls_v1,analysis,HIGHT-64,hight64,cipher.hight,14,1,202,202,10000,64,128,0x4000000000000000,0x00000000000000000000000040000000,97,msb0,delta_C||C||C_star,grouped,shared,uint8,"[10000, 1, 192]",/mnt/d/#PROJECT_RKNDIncECA/Related-key-mcp-attention-Inception-based-ND/analysis_data/hight64_rkmp_controls_v1/analysis/hight64/r14/k1/seed202/D1_structured.npy,/mnt/d/#PROJECT_RKNDIncECA/Related-key-mcp-attention-Inception-based-ND/analysis_data/hight64_rkmp_controls_v1/analysis/hight64/r14/k1/seed202/D0_null.npy,/mnt/d/#PROJECT_RKNDIncECA/Related-key-mcp-attention-Inception-based-ND/analysis_data/hight64_rkmp_controls_v1/analysis/hight64/r14/k1/seed202/D1_labels.npy,/mnt/d/#PROJECT_RKNDIncECA/Related-key-mcp-attention-Inception-based-ND/analysis_data/hight64_rkmp_controls_v1/analysis/hight64/r14/k1/seed202/D0_labels.npy,/mnt/d/#PROJECT_RKNDIncECA/Related-key-mcp-attention-Inception-based-ND/analysis_data/hight64_rkmp_controls_v1/analysis/hight64/r14/k1/seed202/controls/D0_vs_D0/D0_control_a.npy,/mnt/d/#PROJECT_RKNDIncECA/Related-key-mcp-attention-Inception-based-ND/analysis_data/hight64_rkmp_controls_v1/analysis/hight64/r14/k1/seed202/controls/D0_vs_D0/D0_control_b.npy,/mnt/d/#PROJECT_RKNDIncECA/Related-key-mcp-attention-Inception-based-ND/analysis_data/hight64_rkmp_controls_v1/analysis/hight64/r14/k1/seed202/controls/D1_vs_D1/D1_control_a.npy,/mnt/d/#PROJECT_RKNDIncECA/Related-key-mcp-attention-Inception-based-ND/analysis_data/hight64_rkmp_controls_v1/analysis/hight64/r14/k1/seed202/controls/D1_vs_D1/D1_control_b.npy,/mnt/d/#PROJECT_RKNDIncECA/Related-key-mcp-attention-Inception-based-ND/analysis_data/hight64_rkmp_controls_v1/analysis/hight64/r14/k1/seed202/controls/pair_shuffled/D1_pair_shuffled.npy,956744dcb91807dce84953985d79644a3fdb1b14d3a492573b3469c8d0d6952f,0ae53f8e206bdad6d32e6b6307112cad77d51a6a92ace3b7a1649b8d5ddbc7f5,6ddfda4146a16b309b342c1d936688aeceec26ed0265c607ba0c3a8576797235,f49c663da8bdc19f4d139bd54f0e91bbbe7a7714a7ccdd317ce0c3a27b50ca1f,/mnt/d/#PROJECT_RKNDIncECA/Related-key-mcp-attention-Inception-based-ND/analysis_data/hight64_rkmp_controls_v1/analysis/hight64/r14/k1/seed202/run_config.json,/mnt/d/#PROJECT_RKNDIncECA/Related-key-mcp-attention-Inception-based-ND/analysis_data/hight64_rkmp_controls_v1/analysis/hight64/r14/k1/seed202/protocol_validation.json,/mnt/d/#PROJECT_RKNDIncECA/Related-key-mcp-attention-Inception-based-ND/analysis_data/hight64_rkmp_controls_v1/analysis/hight64/r14/k1/seed202/control_metadata.json,True,1.515434,13461152,f67524312e99f28ba3cb9587da4d269b7a14533e92fba5999f7d289ebff558f7,2026-07-17T13:23:32.120362+00:00,completed
hight64_rkmp_controls_v1,analysis,HIGHT-64,hight64,cipher.hight,14,1,203,203,10000,64,128,0x4000000000000000,0x00000000000000000000000040000000,97,msb0,delta_C||C||C_star,grouped,shared,uint8,"[10000, 1, 192]",/mnt/d/#PROJECT_RKNDIncECA/Related-key-mcp-attention-Inception-based-ND/analysis_data/hight64_rkmp_controls_v1/analysis/hight64/r14/k1/seed203/D1_structured.npy,/mnt/d/#PROJECT_RKNDIncECA/Related-key-mcp-attention-Inception-based-ND/analysis_data/hight64_rkmp_controls_v1/analysis/hight64/r14/k1/seed203/D0_null.npy,/mnt/d/#PROJECT_RKNDIncECA/Related-key-mcp-attention-Inception-based-ND/analysis_data/hight64_rkmp_controls_v1/analysis/hight64/r14/k1/seed203/D1_labels.npy,/mnt/d/#PROJECT_RKNDIncECA/Related-key-mcp-attention-Inception-based-ND/analysis_data/hight64_rkmp_controls_v1/analysis/hight64/r14/k1/seed203/D0_labels.npy,/mnt/d/#PROJECT_RKNDIncECA/Related-key-mcp-attention-Inception-based-ND/analysis_data/hight64_rkmp_controls_v1/analysis/hight64/r14/k1/seed203/controls/D0_vs_D0/D0_control_a.npy,/mnt/d/#PROJECT_RKNDIncECA/Related-key-mcp-attention-Inception-based-ND/analysis_data/hight64_rkmp_controls_v1/analysis/hight64/r14/k1/seed203/controls/D0_vs_D0/D0_control_b.npy,/mnt/d/#PROJECT_RKNDIncECA/Related-key-mcp-attention-Inception-based-ND/analysis_data/hight64_rkmp_controls_v1/analysis/hight64/r14/k1/seed203/controls/D1_vs_D1/D1_control_a.npy,/mnt/d/#PROJECT_RKNDIncECA/Related-key-mcp-attention-Inception-based-ND/analysis_data/hight64_rkmp_controls_v1/analysis/hight64/r14/k1/seed203/controls/D1_vs_D1/D1_control_b.npy,/mnt/d/#PROJECT_RKNDIncECA/Related-key-mcp-attention-Inception-based-ND/analysis_data/hight64_rkmp_controls_v1/analysis/hight64/r14/k1/seed203/controls/pair_shuffled/D1_pair_shuffled.npy,9c12d1bf29ac24b3cf078bbaa258e2492c1f7a39d92ddafd0c88b6ac287124fc,c3004e57c8c6863a3fbbcc7cd97493f75497d8540be9f05f7ab3d97194f1a517,7211b0d57068f86e8288c5f06d8e8aceccef98add754205cd6436567aac06b99,245e3e6bb9a039ae33c4ad77f6c661904a8935c4d08f7b192b5f29144068ce72,/mnt/d/#PROJECT_RKNDIncECA/Related-key-mcp-attention-Inception-based-ND/analysis_data/hight64_rkmp_controls_v1/analysis/hight64/r14/k1/seed203/run_config.json,/mnt/d/#PROJECT_RKNDIncECA/Related-key-mcp-attention-Inception-based-ND/analysis_data/hight64_rkmp_controls_v1/analysis/hight64/r14/k1/seed203/protocol_validation.json,/mnt/d/#PROJECT_RKNDIncECA/Related-key-mcp-attention-Inception-based-ND/analysis_data/hight64_rkmp_controls_v1/analysis/hight64/r14/k1/seed203/control_metadata.json,True,1.388331,13461152,ebe5e2aa8792808b20b1f36aa3f3801b0ae2f56f8461d224a4c2d9e974fc4981,2026-07-17T13:23:33.564780+00:00,completed
hight64_rkmp_controls_v1,analysis,HIGHT-64,hight64,cipher.hight,14,2,201,201,10000,64,128,0x4000000000000000,0x00000000000000000000000040000000,97,msb0,delta_C||C||C_star,grouped,shared,uint8,"[10000, 2, 192]",/mnt/d/#PROJECT_RKNDIncECA/Related-key-mcp-attention-Inception-based-ND/analysis_data/hight64_rkmp_controls_v1/analysis/hight64/r14/k2/seed201/D1_structured.npy,/mnt/d/#PROJECT_RKNDIncECA/Related-key-mcp-attention-Inception-based-ND/analysis_data/hight64_rkmp_controls_v1/analysis/hight64/r14/k2/seed201/D0_null.npy,/mnt/d/#PROJECT_RKNDIncECA/Related-key-mcp-attention-Inception-based-ND/analysis_data/hight64_rkmp_controls_v1/analysis/hight64/r14/k2/seed201/D1_labels.npy,/mnt/d/#PROJECT_RKNDIncECA/Related-key-mcp-attention-Inception-based-ND/analysis_data/hight64_rkmp_controls_v1/analysis/hight64/r14/k2/seed201/D0_labels.npy,/mnt/d/#PROJECT_RKNDIncECA/Related-key-mcp-attention-Inception-based-ND/analysis_data/hight64_rkmp_controls_v1/analysis/hight64/r14/k2/seed201/controls/D0_vs_D0/D0_control_a.npy,/mnt/d/#PROJECT_RKNDIncECA/Related-key-mcp-attention-Inception-based-ND/analysis_data/hight64_rkmp_controls_v1/analysis/hight64/r14/k2/seed201/controls/D0_vs_D0/D0_control_b.npy,/mnt/d/#PROJECT_RKNDIncECA/Related-key-mcp-attention-Inception-based-ND/analysis_data/hight64_rkmp_controls_v1/analysis/hight64/r14/k2/seed201/controls/D1_vs_D1/D1_control_a.npy,/mnt/d/#PROJECT_RKNDIncECA/Related-key-mcp-attention-Inception-based-ND/analysis_data/hight64_rkmp_controls_v1/analysis/hight64/r14/k2/seed201/controls/D1_vs_D1/D1_control_b.npy,/mnt/d/#PROJECT_RKNDIncECA/Related-key-mcp-attention-Inception-based-ND/analysis_data/hight64_rkmp_controls_v1/analysis/hight64/r14/k2/seed201/controls/pair_shuffled/D1_pair_shuffled.npy,4c29457841628f823c91fddd3a3a4af1cb35bf92257c78d09a3fc995573d49ae,bf99f3e658f0ef5a692431be2dcbc0764025dd4aeffa1e71a97800e51b4c8fb1,14c99f38cd76859b5318b538e0c0d4419d0543eae3c9160a81bfde1bfbd164a5,508683b90a514dfe351a5fb5dd26983b7dfa942fdf4ab2b15c90b36886c7d40a,/mnt/d/#PROJECT_RKNDIncECA/Related-key-mcp-attention-Inception-based-ND/analysis_data/hight64_rkmp_controls_v1/analysis/hight64/r14/k2/seed201/run_config.json,/mnt/d/#PROJECT_RKNDIncECA/Related-key-mcp-attention-Inception-based-ND/analysis_data/hight64_rkmp_controls_v1/analysis/hight64/r14/k2/seed201/protocol_validation.json,/mnt/d/#PROJECT_RKNDIncECA/Related-key-mcp-attention-Inception-based-ND/analysis_data/hight64_rkmp_controls_v1/analysis/hight64/r14/k2/seed201/control_metadata.json,True,2.173311,26901152,9d8b5001180f6763aba2e20fa16a6b26f4463d0ed8b9aea7734e382277785af8,2026-07-17T13:23:35.799052+00:00,completed
hight64_rkmp_controls_v1,analysis,HIGHT-64,hight64,cipher.hight,14,2,202,202,10000,64,128,0x4000000000000000,0x00000000000000000000000040000000,97,msb0,delta_C||C||C_star,grouped,shared,uint8,"[10000, 2, 192]",/mnt/d/#PROJECT_RKNDIncECA/Related-key-mcp-attention-Inception-based-ND/analysis_data/hight64_rkmp_controls_v1/analysis/hight64/r14/k2/seed202/D1_structured.npy,/mnt/d/#PROJECT_RKNDIncECA/Related-key-mcp-attention-Inception-based-ND/analysis_data/hight64_rkmp_controls_v1/analysis/hight64/r14/k2/seed202/D0_null.npy,/mnt/d/#PROJECT_RKNDIncECA/Related-key-mcp-attention-Inception-based-ND/analysis_data/hight64_rkmp_controls_v1/analysis/hight64/r14/k2/seed202/D1_labels.npy,/mnt/d/#PROJECT_RKNDIncECA/Related-key-mcp-attention-Inception-based-ND/analysis_data/hight64_rkmp_controls_v1/analysis/hight64/r14/k2/seed202/D0_labels.npy,/mnt/d/#PROJECT_RKNDIncECA/Related-key-mcp-attention-Inception-based-ND/analysis_data/hight64_rkmp_controls_v1/analysis/hight64/r14/k2/seed202/controls/D0_vs_D0/D0_control_a.npy,/mnt/d/#PROJECT_RKNDIncECA/Related-key-mcp-attention-Inception-based-ND/analysis_data/hight64_rkmp_controls_v1/analysis/hight64/r14/k2/seed202/controls/D0_vs_D0/D0_control_b.npy,/mnt/d/#PROJECT_RKNDIncECA/Related-key-mcp-attention-Inception-based-ND/analysis_data/hight64_rkmp_controls_v1/analysis/hight64/r14/k2/seed202/controls/D1_vs_D1/D1_control_a.npy,/mnt/d/#PROJECT_RKNDIncECA/Related-key-mcp-attention-Inception-based-ND/analysis_data/hight64_rkmp_controls_v1/analysis/hight64/r14/k2/seed202/controls/D1_vs_D1/D1_control_b.npy,/mnt/d/#PROJECT_RKNDIncECA/Related-key-mcp-attention-Inception-based-ND/analysis_data/hight64_rkmp_controls_v1/analysis/hight64/r14/k2/seed202/controls/pair_shuffled/D1_pair_shuffled.npy,b79ed6d26d994f1e1fbcc7c7f94c54f53c44f78d58afa39fa20193461d83672d,b5d2ffa2cad401f5ef5bf7c752b954d9eb97575f7ee980f312b15d4e5bd9c6d6,5b754d25fa9542a9ae319ba505415758b19dee42439c18965c7cfaaeead7b5fe,987daded0e3788c0ca3c6d76ee3f82ba99ed2dda541fd6db0c73160fa02b982c,/mnt/d/#PROJECT_RKNDIncECA/Related-key-mcp-attention-Inception-based-ND/analysis_data/hight64_rkmp_controls_v1/analysis/hight64/r14/k2/seed202/run_config.json,/mnt/d/#PROJECT_RKNDIncECA/Related-key-mcp-attention-Inception-based-ND/analysis_data/hight64_rkmp_controls_v1/analysis/hight64/r14/k2/seed202/protocol_validation.json,/mnt/d/#PROJECT_RKNDIncECA/Related-key-mcp-attention-Inception-based-ND/analysis_data/hight64_rkmp_controls_v1/analysis/hight64/r14/k2/seed202/control_metadata.json,True,2.229715,26901152,7be3932ab9a154ff90767ad943b0479ec9a2589561b5ff985c9a4fd24bb0c5ce,2026-07-17T13:23:38.082952+00:00,completed
hight64_rkmp_controls_v1,analysis,HIGHT-64,hight64,cipher.hight,14,2,203,203,10000,64,128,0x4000000000000000,0x00000000000000000000000040000000,97,msb0,delta_C||C||C_star,grouped,shared,uint8,"[10000, 2, 192]",/mnt/d/#PROJECT_RKNDIncECA/Related-key-mcp-attention-Inception-based-ND/analysis_data/hight64_rkmp_controls_v1/analysis/hight64/r14/k2/seed203/D1_structured.npy,/mnt/d/#PROJECT_RKNDIncECA/Related-key-mcp-attention-Inception-based-ND/analysis_data/hight64_rkmp_controls_v1/analysis/hight64/r14/k2/seed203/D0_null.npy,/mnt/d/#PROJECT_RKNDIncECA/Related-key-mcp-attention-Inception-based-ND/analysis_data/hight64_rkmp_controls_v1/analysis/hight64/r14/k2/seed203/D1_labels.npy,/mnt/d/#PROJECT_RKNDIncECA/Related-key-mcp-attention-Inception-based-ND/analysis_data/hight64_rkmp_controls_v1/analysis/hight64/r14/k2/seed203/D0_labels.npy,/mnt/d/#PROJECT_RKNDIncECA/Related-key-mcp-attention-Inception-based-ND/analysis_data/hight64_rkmp_controls_v1/analysis/hight64/r14/k2/seed203/controls/D0_vs_D0/D0_control_a.npy,/mnt/d/#PROJECT_RKNDIncECA/Related-key-mcp-attention-Inception-based-ND/analysis_data/hight64_rkmp_controls_v1/analysis/hight64/r14/k2/seed203/controls/D0_vs_D0/D0_control_b.npy,/mnt/d/#PROJECT_RKNDIncECA/Related-key-mcp-attention-Inception-based-ND/analysis_data/hight64_rkmp_controls_v1/analysis/hight64/r14/k2/seed203/controls/D1_vs_D1/D1_control_a.npy,/mnt/d/#PROJECT_RKNDIncECA/Related-key-mcp-attention-Inception-based-ND/analysis_data/hight64_rkmp_controls_v1/analysis/hight64/r14/k2/seed203/controls/D1_vs_D1/D1_control_b.npy,/mnt/d/#PROJECT_RKNDIncECA/Related-key-mcp-attention-Inception-based-ND/analysis_data/hight64_rkmp_controls_v1/analysis/hight64/r14/k2/seed203/controls/pair_shuffled/D1_pair_shuffled.npy,9d6a635eaf055bbcbf183fdb1f61036b8921b98ae54fd9b2857e57dbe904fa2c,1da1efd701a554433e6ce620b09d0e4fe98b2ee5756d4de2415dd0c21083962a,a35f68e24b7db048db1cfd1bd368f42cf3262dff26d9b8439293b2969358ea43,417bcabec4c35cf74d852f2b5d1728d9a0b13d7a35ce56c748dd2dbfba4d3dd1,/mnt/d/#PROJECT_RKNDIncECA/Related-key-mcp-attention-Inception-based-ND/analysis_data/hight64_rkmp_controls_v1/analysis/hight64/r14/k2/seed203/run_config.json,/mnt/d/#PROJECT_RKNDIncECA/Related-key-mcp-attention-Inception-based-ND/analysis_data/hight64_rkmp_controls_v1/analysis/hight64/r14/k2/seed203/protocol_validation.json,/mnt/d/#PROJECT_RKNDIncECA/Related-key-mcp-attention-Inception-based-ND/analysis_data/hight64_rkmp_controls_v1/analysis/hight64/r14/k2/seed203/control_metadata.json,True,2.228883,26901152,73bd516a2879886e2976d8235f47125a3a44197bf085eabb022b99815abce27c,2026-07-17T13:23:40.374058+00:00,completed
hight64_rkmp_controls_v1,analysis,HIGHT-64,hight64,cipher.hight,14,4,201,201,10000,64,128,0x4000000000000000,0x00000000000000000000000040000000,97,msb0,delta_C||C||C_star,grouped,shared,uint8,"[10000, 4, 192]",/mnt/d/#PROJECT_RKNDIncECA/Related-key-mcp-attention-Inception-based-ND/analysis_data/hight64_rkmp_controls_v1/analysis/hight64/r14/k4/seed201/D1_structured.npy,/mnt/d/#PROJECT_RKNDIncECA/Related-key-mcp-attention-Inception-based-ND/analysis_data/hight64_rkmp_controls_v1/analysis/hight64/r14/k4/seed201/D0_null.npy,/mnt/d/#PROJECT_RKNDIncECA/Related-key-mcp-attention-Inception-based-ND/analysis_data/hight64_rkmp_controls_v1/analysis/hight64/r14/k4/seed201/D1_labels.npy,/mnt/d/#PROJECT_RKNDIncECA/Related-key-mcp-attention-Inception-based-ND/analysis_data/hight64_rkmp_controls_v1/analysis/hight64/r14/k4/seed201/D0_labels.npy,/mnt/d/#PROJECT_RKNDIncECA/Related-key-mcp-attention-Inception-based-ND/analysis_data/hight64_rkmp_controls_v1/analysis/hight64/r14/k4/seed201/controls/D0_vs_D0/D0_control_a.npy,/mnt/d/#PROJECT_RKNDIncECA/Related-key-mcp-attention-Inception-based-ND/analysis_data/hight64_rkmp_controls_v1/analysis/hight64/r14/k4/seed201/controls/D0_vs_D0/D0_control_b.npy,/mnt/d/#PROJECT_RKNDIncECA/Related-key-mcp-attention-Inception-based-ND/analysis_data/hight64_rkmp_controls_v1/analysis/hight64/r14/k4/seed201/controls/D1_vs_D1/D1_control_a.npy,/mnt/d/#PROJECT_RKNDIncECA/Related-key-mcp-attention-Inception-based-ND/analysis_data/hight64_rkmp_controls_v1/analysis/hight64/r14/k4/seed201/controls/D1_vs_D1/D1_control_b.npy,/mnt/d/#PROJECT_RKNDIncECA/Related-key-mcp-attention-Inception-based-ND/analysis_data/hight64_rkmp_controls_v1/analysis/hight64/r14/k4/seed201/controls/pair_shuffled/D1_pair_shuffled.npy,7f4542ee51f07633e2edd9c0f8e7c91eb3f33e05a13b74b1675d58d39736272c,121bf75b3e9c8dca67b4f17f2e6b3e555c74f73a0f95697dd887daa3d9406164,d0f82142825555ba95aa7c741f7f0193886706559b92f672d801d49d2867aad7,73c992c52b7df8e59760d20f53b6bb55d99b45533b6aa6130ee8bff252b28d54,/mnt/d/#PROJECT_RKNDIncECA/Related-key-mcp-attention-Inception-based-ND/analysis_data/hight64_rkmp_controls_v1/analysis/hight64/r14/k4/seed201/run_config.json,/mnt/d/#PROJECT_RKNDIncECA/Related-key-mcp-attention-Inception-based-ND/analysis_data/hight64_rkmp_controls_v1/analysis/hight64/r14/k4/seed201/protocol_validation.json,/mnt/d/#PROJECT_RKNDIncECA/Related-key-mcp-attention-Inception-based-ND/analysis_data/hight64_rkmp_controls_v1/analysis/hight64/r14/k4/seed201/control_metadata.json,True,4.31632,53781152,fa732cb1f5aed963de4be275178f1a060bcf6c37eacec9a377d342f5764db86a,2026-07-17T13:23:48.350554+00:00,completed
hight64_rkmp_controls_v1,analysis,HIGHT-64,hight64,cipher.hight,14,4,202,202,10000,64,128,0x4000000000000000,0x00000000000000000000000040000000,97,msb0,delta_C||C||C_star,grouped,shared,uint8,"[10000, 4, 192]",/mnt/d/#PROJECT_RKNDIncECA/Related-key-mcp-attention-Inception-based-ND/analysis_data/hight64_rkmp_controls_v1/analysis/hight64/r14/k4/seed202/D1_structured.npy,/mnt/d/#PROJECT_RKNDIncECA/Related-key-mcp-attention-Inception-based-ND/analysis_data/hight64_rkmp_controls_v1/analysis/hight64/r14/k4/seed202/D0_null.npy,/mnt/d/#PROJECT_RKNDIncECA/Related-key-mcp-attention-Inception-based-ND/analysis_data/hight64_rkmp_controls_v1/analysis/hight64/r14/k4/seed202/D1_labels.npy,/mnt/d/#PROJECT_RKNDIncECA/Related-key-mcp-attention-Inception-based-ND/analysis_data/hight64_rkmp_controls_v1/analysis/hight64/r14/k4/seed202/D0_labels.npy,/mnt/d/#PROJECT_RKNDIncECA/Related-key-mcp-attention-Inception-based-ND/analysis_data/hight64_rkmp_controls_v1/analysis/hight64/r14/k4/seed202/controls/D0_vs_D0/D0_control_a.npy,/mnt/d/#PROJECT_RKNDIncECA/Related-key-mcp-attention-Inception-based-ND/analysis_data/hight64_rkmp_controls_v1/analysis/hight64/r14/k4/seed202/controls/D0_vs_D0/D0_control_b.npy,/mnt/d/#PROJECT_RKNDIncECA/Related-key-mcp-attention-Inception-based-ND/analysis_data/hight64_rkmp_controls_v1/analysis/hight64/r14/k4/seed202/controls/D1_vs_D1/D1_control_a.npy,/mnt/d/#PROJECT_RKNDIncECA/Related-key-mcp-attention-Inception-based-ND/analysis_data/hight64_rkmp_controls_v1/analysis/hight64/r14/k4/seed202/controls/D1_vs_D1/D1_control_b.npy,/mnt/d/#PROJECT_RKNDIncECA/Related-key-mcp-attention-Inception-based-ND/analysis_data/hight64_rkmp_controls_v1/analysis/hight64/r14/k4/seed202/controls/pair_shuffled/D1_pair_shuffled.npy,f4ff51ae6f0f92543474c3cca8b03c5a1f147d9bdab5c3ccd7a7dcc11c69c334,9419b6c8ddcbca00039eee8571be9a2623007650661e13470e8b65595a406527,c53ba268b8155c35bf7299299ede4cae5f46c505502f971519ce6d5fce30011e,f09a1cb4525f2b432d0ad721a4726e984ac3ba1eba92261a7e9048e91fd2c5c9,/mnt/d/#PROJECT_RKNDIncECA/Related-key-mcp-attention-Inception-based-ND/analysis_data/hight64_rkmp_controls_v1/analysis/hight64/r14/k4/seed202/run_config.json,/mnt/d/#PROJECT_RKNDIncECA/Related-key-mcp-attention-Inception-based-ND/analysis_data/hight64_rkmp_controls_v1/analysis/hight64/r14/k4/seed202/protocol_validation.json,/mnt/d/#PROJECT_RKNDIncECA/Related-key-mcp-attention-Inception-based-ND/analysis_data/hight64_rkmp_controls_v1/analysis/hight64/r14/k4/seed202/control_metadata.json,True,4.389929,53781152,9873322d0577bcf000213e0a0ea326f706b42ca96007308a8094fe395ded5378,2026-07-17T13:23:52.796362+00:00,completed
hight64_rkmp_controls_v1,analysis,HIGHT-64,hight64,cipher.hight,14,4,203,203,10000,64,128,0x4000000000000000,0x00000000000000000000000040000000,97,msb0,delta_C||C||C_star,grouped,shared,uint8,"[10000, 4, 192]",/mnt/d/#PROJECT_RKNDIncECA/Related-key-mcp-attention-Inception-based-ND/analysis_data/hight64_rkmp_controls_v1/analysis/hight64/r14/k4/seed203/D1_structured.npy,/mnt/d/#PROJECT_RKNDIncECA/Related-key-mcp-attention-Inception-based-ND/analysis_data/hight64_rkmp_controls_v1/analysis/hight64/r14/k4/seed203/D0_null.npy,/mnt/d/#PROJECT_RKNDIncECA/Related-key-mcp-attention-Inception-based-ND/analysis_data/hight64_rkmp_controls_v1/analysis/hight64/r14/k4/seed203/D1_labels.npy,/mnt/d/#PROJECT_RKNDIncECA/Related-key-mcp-attention-Inception-based-ND/analysis_data/hight64_rkmp_controls_v1/analysis/hight64/r14/k4/seed203/D0_labels.npy,/mnt/d/#PROJECT_RKNDIncECA/Related-key-mcp-attention-Inception-based-ND/analysis_data/hight64_rkmp_controls_v1/analysis/hight64/r14/k4/seed203/controls/D0_vs_D0/D0_control_a.npy,/mnt/d/#PROJECT_RKNDIncECA/Related-key-mcp-attention-Inception-based-ND/analysis_data/hight64_rkmp_controls_v1/analysis/hight64/r14/k4/seed203/controls/D0_vs_D0/D0_control_b.npy,/mnt/d/#PROJECT_RKNDIncECA/Related-key-mcp-attention-Inception-based-ND/analysis_data/hight64_rkmp_controls_v1/analysis/hight64/r14/k4/seed203/controls/D1_vs_D1/D1_control_a.npy,/mnt/d/#PROJECT_RKNDIncECA/Related-key-mcp-attention-Inception-based-ND/analysis_data/hight64_rkmp_controls_v1/analysis/hight64/r14/k4/seed203/controls/D1_vs_D1/D1_control_b.npy,/mnt/d/#PROJECT_RKNDIncECA/Related-key-mcp-attention-Inception-based-ND/analysis_data/hight64_rkmp_controls_v1/analysis/hight64/r14/k4/seed203/controls/pair_shuffled/D1_pair_shuffled.npy,157523c628fcb4142146918db00d2969cc3b012dd5f9a975879fc4323ee1fd6e,a2630c74c3f121bedd2c40565391dac9023efb35b3ffc973035192766d1ed47a,afb3e3e19ec0f8545af06af860ea724966617f0be1f3ca94cb44901ef8db589e,1282c60ea33fa414b4bb6af0719b414c02c065be042c28000198011fdf114f1a,/mnt/d/#PROJECT_RKNDIncECA/Related-key-mcp-attention-Inception-based-ND/analysis_data/hight64_rkmp_controls_v1/analysis/hight64/r14/k4/seed203/run_config.json,/mnt/d/#PROJECT_RKNDIncECA/Related-key-mcp-attention-Inception-based-ND/analysis_data/hight64_rkmp_controls_v1/analysis/hight64/r14/k4/seed203/protocol_validation.json,/mnt/d/#PROJECT_RKNDIncECA/Related-key-mcp-attention-Inception-based-ND/analysis_data/hight64_rkmp_controls_v1/analysis/hight64/r14/k4/seed203/control_metadata.json,True,4.169529,53781152,d8b00d71f56a6ec99fbd838e506103d4075de70a263c0c1d5008d5c3db85dcec,2026-07-17T13:23:57.031135+00:00,completed
hight64_rkmp_controls_v1,analysis,HIGHT-64,hight64,cipher.hight,14,8,201,201,10000,64,128,0x4000000000000000,0x00000000000000000000000040000000,97,msb0,delta_C||C||C_star,grouped,shared,uint8,"[10000, 8, 192]",/mnt/d/#PROJECT_RKNDIncECA/Related-key-mcp-attention-Inception-based-ND/analysis_data/hight64_rkmp_controls_v1/analysis/hight64/r14/k8/seed201/D1_structured.npy,/mnt/d/#PROJECT_RKNDIncECA/Related-key-mcp-attention-Inception-based-ND/analysis_data/hight64_rkmp_controls_v1/analysis/hight64/r14/k8/seed201/D0_null.npy,/mnt/d/#PROJECT_RKNDIncECA/Related-key-mcp-attention-Inception-based-ND/analysis_data/hight64_rkmp_controls_v1/analysis/hight64/r14/k8/seed201/D1_labels.npy,/mnt/d/#PROJECT_RKNDIncECA/Related-key-mcp-attention-Inception-based-ND/analysis_data/hight64_rkmp_controls_v1/analysis/hight64/r14/k8/seed201/D0_labels.npy,/mnt/d/#PROJECT_RKNDIncECA/Related-key-mcp-attention-Inception-based-ND/analysis_data/hight64_rkmp_controls_v1/analysis/hight64/r14/k8/seed201/controls/D0_vs_D0/D0_control_a.npy,/mnt/d/#PROJECT_RKNDIncECA/Related-key-mcp-attention-Inception-based-ND/analysis_data/hight64_rkmp_controls_v1/analysis/hight64/r14/k8/seed201/controls/D0_vs_D0/D0_control_b.npy,/mnt/d/#PROJECT_RKNDIncECA/Related-key-mcp-attention-Inception-based-ND/analysis_data/hight64_rkmp_controls_v1/analysis/hight64/r14/k8/seed201/controls/D1_vs_D1/D1_control_a.npy,/mnt/d/#PROJECT_RKNDIncECA/Related-key-mcp-attention-Inception-based-ND/analysis_data/hight64_rkmp_controls_v1/analysis/hight64/r14/k8/seed201/controls/D1_vs_D1/D1_control_b.npy,/mnt/d/#PROJECT_RKNDIncECA/Related-key-mcp-attention-Inception-based-ND/analysis_data/hight64_rkmp_controls_v1/analysis/hight64/r14/k8/seed201/controls/pair_shuffled/D1_pair_shuffled.npy,c447fd9f4fa3829e8a415bc09f0e1fff2cfd96b0b1c56ed180d493c9233d22b5,aa99d594fd5ac53fa2f3ff8a4f1f145c8075249f7e7f34069fb31d59db139d7b,1570424fea0e70040148ddd187b94abfc10f48df9816f12b736ca33e815a962b,7c3395500059fe3e360a9999c71844c7683db76d7b5c7e4bc89b4d9e064c5d37,/mnt/d/#PROJECT_RKNDIncECA/Related-key-mcp-attention-Inception-based-ND/analysis_data/hight64_rkmp_controls_v1/analysis/hight64/r14/k8/seed201/run_config.json,/mnt/d/#PROJECT_RKNDIncECA/Related-key-mcp-attention-Inception-based-ND/analysis_data/hight64_rkmp_controls_v1/analysis/hight64/r14/k8/seed201/protocol_validation.json,/mnt/d/#PROJECT_RKNDIncECA/Related-key-mcp-attention-Inception-based-ND/analysis_data/hight64_rkmp_controls_v1/analysis/hight64/r14/k8/seed201/control_metadata.json,True,8.233405,107541152,e1e2a271a9abdbf9f7f293b1742cbf05fb886a899fb3888c5d05c225aced78a8,2026-07-17T13:24:05.341396+00:00,completed
hight64_rkmp_controls_v1,analysis,HIGHT-64,hight64,cipher.hight,14,8,202,202,10000,64,128,0x4000000000000000,0x00000000000000000000000040000000,97,msb0,delta_C||C||C_star,grouped,shared,uint8,"[10000, 8, 192]",/mnt/d/#PROJECT_RKNDIncECA/Related-key-mcp-attention-Inception-based-ND/analysis_data/hight64_rkmp_controls_v1/analysis/hight64/r14/k8/seed202/D1_structured.npy,/mnt/d/#PROJECT_RKNDIncECA/Related-key-mcp-attention-Inception-based-ND/analysis_data/hight64_rkmp_controls_v1/analysis/hight64/r14/k8/seed202/D0_null.npy,/mnt/d/#PROJECT_RKNDIncECA/Related-key-mcp-attention-Inception-based-ND/analysis_data/hight64_rkmp_controls_v1/analysis/hight64/r14/k8/seed202/D1_labels.npy,/mnt/d/#PROJECT_RKNDIncECA/Related-key-mcp-attention-Inception-based-ND/analysis_data/hight64_rkmp_controls_v1/analysis/hight64/r14/k8/seed202/D0_labels.npy,/mnt/d/#PROJECT_RKNDIncECA/Related-key-mcp-attention-Inception-based-ND/analysis_data/hight64_rkmp_controls_v1/analysis/hight64/r14/k8/seed202/controls/D0_vs_D0/D0_control_a.npy,/mnt/d/#PROJECT_RKNDIncECA/Related-key-mcp-attention-Inception-based-ND/analysis_data/hight64_rkmp_controls_v1/analysis/hight64/r14/k8/seed202/controls/D0_vs_D0/D0_control_b.npy,/mnt/d/#PROJECT_RKNDIncECA/Related-key-mcp-attention-Inception-based-ND/analysis_data/hight64_rkmp_controls_v1/analysis/hight64/r14/k8/seed202/controls/D1_vs_D1/D1_control_a.npy,/mnt/d/#PROJECT_RKNDIncECA/Related-key-mcp-attention-Inception-based-ND/analysis_data/hight64_rkmp_controls_v1/analysis/hight64/r14/k8/seed202/controls/D1_vs_D1/D1_control_b.npy,/mnt/d/#PROJECT_RKNDIncECA/Related-key-mcp-attention-Inception-based-ND/analysis_data/hight64_rkmp_controls_v1/analysis/hight64/r14/k8/seed202/controls/pair_shuffled/D1_pair_shuffled.npy,f3483c5d302a334eca71c9cd77a094d84e75d4dacf485987fe5fe5792c9eb3c2,cf619a4398bed7eb47e9ebf0ef60b991313dc0b5a02d25268cf6c11a28148613,fc50230fea125dd1859ecc41ac74aa92a4d9d2bbaaa77bf7c20a77a7396fa48e,501a0e2283d6eb8e30f92be3338bcb367c0e80db7631644ab2609dd60679272b,/mnt/d/#PROJECT_RKNDIncECA/Related-key-mcp-attention-Inception-based-ND/analysis_data/hight64_rkmp_controls_v1/analysis/hight64/r14/k8/seed202/run_config.json,/mnt/d/#PROJECT_RKNDIncECA/Related-key-mcp-attention-Inception-based-ND/analysis_data/hight64_rkmp_controls_v1/analysis/hight64/r14/k8/seed202/protocol_validation.json,/mnt/d/#PROJECT_RKNDIncECA/Related-key-mcp-attention-Inception-based-ND/analysis_data/hight64_rkmp_controls_v1/analysis/hight64/r14/k8/seed202/control_metadata.json,True,8.919062,107541152,2ba54ad0a19df1b44154f997047dc9720805097291d4669310426051a204ba98,2026-07-17T13:24:14.325420+00:00,completed
hight64_rkmp_controls_v1,analysis,HIGHT-64,hight64,cipher.hight,14,8,203,203,10000,64,128,0x4000000000000000,0x00000000000000000000000040000000,97,msb0,delta_C||C||C_star,grouped,shared,uint8,"[10000, 8, 192]",/mnt/d/#PROJECT_RKNDIncECA/Related-key-mcp-attention-Inception-based-ND/analysis_data/hight64_rkmp_controls_v1/analysis/hight64/r14/k8/seed203/D1_structured.npy,/mnt/d/#PROJECT_RKNDIncECA/Related-key-mcp-attention-Inception-based-ND/analysis_data/hight64_rkmp_controls_v1/analysis/hight64/r14/k8/seed203/D0_null.npy,/mnt/d/#PROJECT_RKNDIncECA/Related-key-mcp-attention-Inception-based-ND/analysis_data/hight64_rkmp_controls_v1/analysis/hight64/r14/k8/seed203/D1_labels.npy,/mnt/d/#PROJECT_RKNDIncECA/Related-key-mcp-attention-Inception-based-ND/analysis_data/hight64_rkmp_controls_v1/analysis/hight64/r14/k8/seed203/D0_labels.npy,/mnt/d/#PROJECT_RKNDIncECA/Related-key-mcp-attention-Inception-based-ND/analysis_data/hight64_rkmp_controls_v1/analysis/hight64/r14/k8/seed203/controls/D0_vs_D0/D0_control_a.npy,/mnt/d/#PROJECT_RKNDIncECA/Related-key-mcp-attention-Inception-based-ND/analysis_data/hight64_rkmp_controls_v1/analysis/hight64/r14/k8/seed203/controls/D0_vs_D0/D0_control_b.npy,/mnt/d/#PROJECT_RKNDIncECA/Related-key-mcp-attention-Inception-based-ND/analysis_data/hight64_rkmp_controls_v1/analysis/hight64/r14/k8/seed203/controls/D1_vs_D1/D1_control_a.npy,/mnt/d/#PROJECT_RKNDIncECA/Related-key-mcp-attention-Inception-based-ND/analysis_data/hight64_rkmp_controls_v1/analysis/hight64/r14/k8/seed203/controls/D1_vs_D1/D1_control_b.npy,/mnt/d/#PROJECT_RKNDIncECA/Related-key-mcp-attention-Inception-based-ND/analysis_data/hight64_rkmp_controls_v1/analysis/hight64/r14/k8/seed203/controls/pair_shuffled/D1_pair_shuffled.npy,98d97daff8a882f06f4e9236423a7cb2815be24ff668d86f6f88cb8146a272d3,d628afa1935c5ebf258e4c818e71fd8a336a80a565fa77c3195f7bf412a7b64b,055a0e7298630986ce45f87b24e4f2b92f3e911e32a4a5bf64fcb9a3ef0e77b9,b008af2b849920e3b6843e56a174d0f6d04ef56afa6fe1b2edd0e779db12a4d4,/mnt/d/#PROJECT_RKNDIncECA/Related-key-mcp-attention-Inception-based-ND/analysis_data/hight64_rkmp_controls_v1/analysis/hight64/r14/k8/seed203/run_config.json,/mnt/d/#PROJECT_RKNDIncECA/Related-key-mcp-attention-Inception-based-ND/analysis_data/hight64_rkmp_controls_v1/analysis/hight64/r14/k8/seed203/protocol_validation.json,/mnt/d/#PROJECT_RKNDIncECA/Related-key-mcp-attention-Inception-based-ND/analysis_data/hight64_rkmp_controls_v1/analysis/hight64/r14/k8/seed203/control_metadata.json,True,10.545494,107541152,64b420f0f0a058817a54ca1d3ad5ed1d307fe4f77eabd1e390dff71f0545fd68,2026-07-17T13:24:28.517105+00:00,completed
hight64_rkmp_controls_v1,analysis,HIGHT-64,hight64,cipher.hight,14,16,201,201,10000,64,128,0x4000000000000000,0x00000000000000000000000040000000,97,msb0,delta_C||C||C_star,grouped,shared,uint8,"[10000, 16, 192]",/mnt/d/#PROJECT_RKNDIncECA/Related-key-mcp-attention-Inception-based-ND/analysis_data/hight64_rkmp_controls_v1/analysis/hight64/r14/k16/seed201/D1_structured.npy,/mnt/d/#PROJECT_RKNDIncECA/Related-key-mcp-attention-Inception-based-ND/analysis_data/hight64_rkmp_controls_v1/analysis/hight64/r14/k16/seed201/D0_null.npy,/mnt/d/#PROJECT_RKNDIncECA/Related-key-mcp-attention-Inception-based-ND/analysis_data/hight64_rkmp_controls_v1/analysis/hight64/r14/k16/seed201/D1_labels.npy,/mnt/d/#PROJECT_RKNDIncECA/Related-key-mcp-attention-Inception-based-ND/analysis_data/hight64_rkmp_controls_v1/analysis/hight64/r14/k16/seed201/D0_labels.npy,/mnt/d/#PROJECT_RKNDIncECA/Related-key-mcp-attention-Inception-based-ND/analysis_data/hight64_rkmp_controls_v1/analysis/hight64/r14/k16/seed201/controls/D0_vs_D0/D0_control_a.npy,/mnt/d/#PROJECT_RKNDIncECA/Related-key-mcp-attention-Inception-based-ND/analysis_data/hight64_rkmp_controls_v1/analysis/hight64/r14/k16/seed201/controls/D0_vs_D0/D0_control_b.npy,/mnt/d/#PROJECT_RKNDIncECA/Related-key-mcp-attention-Inception-based-ND/analysis_data/hight64_rkmp_controls_v1/analysis/hight64/r14/k16/seed201/controls/D1_vs_D1/D1_control_a.npy,/mnt/d/#PROJECT_RKNDIncECA/Related-key-mcp-attention-Inception-based-ND/analysis_data/hight64_rkmp_controls_v1/analysis/hight64/r14/k16/seed201/controls/D1_vs_D1/D1_control_b.npy,/mnt/d/#PROJECT_RKNDIncECA/Related-key-mcp-attention-Inception-based-ND/analysis_data/hight64_rkmp_controls_v1/analysis/hight64/r14/k16/seed201/controls/pair_shuffled/D1_pair_shuffled.npy,e5ad8820c7f8941d8437c5acb66d394a30515c584b62ea804f202e8309733be8,62cd1fbb70b688f676443b9be2583e500284fdc4e9a8fcf8c921c97c4d7f1ec4,3397515388badfbe76723ea6394ac7948252c6e03e1a6a031660e13aee887291,8b6280084b5c8bf3c0f7c0d55ef73c10bb42f8dc9a7e1a1ec8c80dd87e09418d,/mnt/d/#PROJECT_RKNDIncECA/Related-key-mcp-attention-Inception-based-ND/analysis_data/hight64_rkmp_controls_v1/analysis/hight64/r14/k16/seed201/run_config.json,/mnt/d/#PROJECT_RKNDIncECA/Related-key-mcp-attention-Inception-based-ND/analysis_data/hight64_rkmp_controls_v1/analysis/hight64/r14/k16/seed201/protocol_validation.json,/mnt/d/#PROJECT_RKNDIncECA/Related-key-mcp-attention-Inception-based-ND/analysis_data/hight64_rkmp_controls_v1/analysis/hight64/r14/k16/seed201/control_metadata.json,True,19.818273,215061152,7324ab270cf303ef38dc8c30c7b08a7ed0a9cfff55a813937a3abbc31071038f,2026-07-17T13:24:48.461136+00:00,completed
hight64_rkmp_controls_v1,analysis,HIGHT-64,hight64,cipher.hight,14,16,202,202,10000,64,128,0x4000000000000000,0x00000000000000000000000040000000,97,msb0,delta_C||C||C_star,grouped,shared,uint8,"[10000, 16, 192]",/mnt/d/#PROJECT_RKNDIncECA/Related-key-mcp-attention-Inception-based-ND/analysis_data/hight64_rkmp_controls_v1/analysis/hight64/r14/k16/seed202/D1_structured.npy,/mnt/d/#PROJECT_RKNDIncECA/Related-key-mcp-attention-Inception-based-ND/analysis_data/hight64_rkmp_controls_v1/analysis/hight64/r14/k16/seed202/D0_null.npy,/mnt/d/#PROJECT_RKNDIncECA/Related-key-mcp-attention-Inception-based-ND/analysis_data/hight64_rkmp_controls_v1/analysis/hight64/r14/k16/seed202/D1_labels.npy,/mnt/d/#PROJECT_RKNDIncECA/Related-key-mcp-attention-Inception-based-ND/analysis_data/hight64_rkmp_controls_v1/analysis/hight64/r14/k16/seed202/D0_labels.npy,/mnt/d/#PROJECT_RKNDIncECA/Related-key-mcp-attention-Inception-based-ND/analysis_data/hight64_rkmp_controls_v1/analysis/hight64/r14/k16/seed202/controls/D0_vs_D0/D0_control_a.npy,/mnt/d/#PROJECT_RKNDIncECA/Related-key-mcp-attention-Inception-based-ND/analysis_data/hight64_rkmp_controls_v1/analysis/hight64/r14/k16/seed202/controls/D0_vs_D0/D0_control_b.npy,/mnt/d/#PROJECT_RKNDIncECA/Related-key-mcp-attention-Inception-based-ND/analysis_data/hight64_rkmp_controls_v1/analysis/hight64/r14/k16/seed202/controls/D1_vs_D1/D1_control_a.npy,/mnt/d/#PROJECT_RKNDIncECA/Related-key-mcp-attention-Inception-based-ND/analysis_data/hight64_rkmp_controls_v1/analysis/hight64/r14/k16/seed202/controls/D1_vs_D1/D1_control_b.npy,/mnt/d/#PROJECT_RKNDIncECA/Related-key-mcp-attention-Inception-based-ND/analysis_data/hight64_rkmp_controls_v1/analysis/hight64/r14/k16/seed202/controls/pair_shuffled/D1_pair_shuffled.npy,f2c2f34b75e122ec3096287de9676adc0757a49cff6646ffd2c490ef2c2b3eac,825f6559d1f3419fef84a7ab0d47607905b7aa5a9e6db05366ce64cf2597c806,4c217dadacd08c1d557b07d6f45136d0dab3be66898eeb0405d77a9b9071f215,da7a817dfccd7f9fb4e750c5a66b9e7058f8693ca5205ba6cf1f504df64eadf6,/mnt/d/#PROJECT_RKNDIncECA/Related-key-mcp-attention-Inception-based-ND/analysis_data/hight64_rkmp_controls_v1/analysis/hight64/r14/k16/seed202/run_config.json,/mnt/d/#PROJECT_RKNDIncECA/Related-key-mcp-attention-Inception-based-ND/analysis_data/hight64_rkmp_controls_v1/analysis/hight64/r14/k16/seed202/protocol_validation.json,/mnt/d/#PROJECT_RKNDIncECA/Related-key-mcp-attention-Inception-based-ND/analysis_data/hight64_rkmp_controls_v1/analysis/hight64/r14/k16/seed202/control_metadata.json,True,20.28343,215061152,dcefa3baacf504a0157d3bd7b4549fbfcc4dc533f58314a56562dcc9d46b05a0,2026-07-17T13:25:12.396842+00:00,completed
hight64_rkmp_controls_v1,analysis,HIGHT-64,hight64,cipher.hight,14,16,203,203,10000,64,128,0x4000000000000000,0x00000000000000000000000040000000,97,msb0,delta_C||C||C_star,grouped,shared,uint8,"[10000, 16, 192]",/mnt/d/#PROJECT_RKNDIncECA/Related-key-mcp-attention-Inception-based-ND/analysis_data/hight64_rkmp_controls_v1/analysis/hight64/r14/k16/seed203/D1_structured.npy,/mnt/d/#PROJECT_RKNDIncECA/Related-key-mcp-attention-Inception-based-ND/analysis_data/hight64_rkmp_controls_v1/analysis/hight64/r14/k16/seed203/D0_null.npy,/mnt/d/#PROJECT_RKNDIncECA/Related-key-mcp-attention-Inception-based-ND/analysis_data/hight64_rkmp_controls_v1/analysis/hight64/r14/k16/seed203/D1_labels.npy,/mnt/d/#PROJECT_RKNDIncECA/Related-key-mcp-attention-Inception-based-ND/analysis_data/hight64_rkmp_controls_v1/analysis/hight64/r14/k16/seed203/D0_labels.npy,/mnt/d/#PROJECT_RKNDIncECA/Related-key-mcp-attention-Inception-based-ND/analysis_data/hight64_rkmp_controls_v1/analysis/hight64/r14/k16/seed203/controls/D0_vs_D0/D0_control_a.npy,/mnt/d/#PROJECT_RKNDIncECA/Related-key-mcp-attention-Inception-based-ND/analysis_data/hight64_rkmp_controls_v1/analysis/hight64/r14/k16/seed203/controls/D0_vs_D0/D0_control_b.npy,/mnt/d/#PROJECT_RKNDIncECA/Related-key-mcp-attention-Inception-based-ND/analysis_data/hight64_rkmp_controls_v1/analysis/hight64/r14/k16/seed203/controls/D1_vs_D1/D1_control_a.npy,/mnt/d/#PROJECT_RKNDIncECA/Related-key-mcp-attention-Inception-based-ND/analysis_data/hight64_rkmp_controls_v1/analysis/hight64/r14/k16/seed203/controls/D1_vs_D1/D1_control_b.npy,/mnt/d/#PROJECT_RKNDIncECA/Related-key-mcp-attention-Inception-based-ND/analysis_data/hight64_rkmp_controls_v1/analysis/hight64/r14/k16/seed203/controls/pair_shuffled/D1_pair_shuffled.npy,bb3c8f373108ae553a088b959e9d7232cf5bd3ebb862904ab673c485ec8e806a,670f7743eb6fcf2b85655443e1b76760b657c88f4642a5145152c5673a0d5c8c,cd315ade226a1e1393746022c18456f10ee835aac22715e4a73c3e4d3988c157,4977ef0ddec79ede24b713bb3c3c400b44c0dfc9a3a09d74c4f327df68bdb4ca,/mnt/d/#PROJECT_RKNDIncECA/Related-key-mcp-attention-Inception-based-ND/analysis_data/hight64_rkmp_controls_v1/analysis/hight64/r14/k16/seed203/run_config.json,/mnt/d/#PROJECT_RKNDIncECA/Related-key-mcp-attention-Inception-based-ND/analysis_data/hight64_rkmp_controls_v1/analysis/hight64/r14/k16/seed203/protocol_validation.json,/mnt/d/#PROJECT_RKNDIncECA/Related-key-mcp-attention-Inception-based-ND/analysis_data/hight64_rkmp_controls_v1/analysis/hight64/r14/k16/seed203/control_metadata.json,True,27.606394,215061152,14366881cf017ca19d5fd3c0e785dcf9d93a31279dd6bfec3c580f1b27b5cc67,2026-07-17T13:25:43.665396+00:00,completed
hight64_rkmp_controls_v1,analysis,HIGHT-64,hight64,cipher.hight,14,32,201,201,10000,64,128,0x4000000000000000,0x00000000000000000000000040000000,97,msb0,delta_C||C||C_star,grouped,shared,uint8,"[10000, 32, 192]",/mnt/d/#PROJECT_RKNDIncECA/Related-key-mcp-attention-Inception-based-ND/analysis_data/hight64_rkmp_controls_v1/analysis/hight64/r14/k32/seed201/D1_structured.npy,/mnt/d/#PROJECT_RKNDIncECA/Related-key-mcp-attention-Inception-based-ND/analysis_data/hight64_rkmp_controls_v1/analysis/hight64/r14/k32/seed201/D0_null.npy,/mnt/d/#PROJECT_RKNDIncECA/Related-key-mcp-attention-Inception-based-ND/analysis_data/hight64_rkmp_controls_v1/analysis/hight64/r14/k32/seed201/D1_labels.npy,/mnt/d/#PROJECT_RKNDIncECA/Related-key-mcp-attention-Inception-based-ND/analysis_data/hight64_rkmp_controls_v1/analysis/hight64/r14/k32/seed201/D0_labels.npy,/mnt/d/#PROJECT_RKNDIncECA/Related-key-mcp-attention-Inception-based-ND/analysis_data/hight64_rkmp_controls_v1/analysis/hight64/r14/k32/seed201/controls/D0_vs_D0/D0_control_a.npy,/mnt/d/#PROJECT_RKNDIncECA/Related-key-mcp-attention-Inception-based-ND/analysis_data/hight64_rkmp_controls_v1/analysis/hight64/r14/k32/seed201/controls/D0_vs_D0/D0_control_b.npy,/mnt/d/#PROJECT_RKNDIncECA/Related-key-mcp-attention-Inception-based-ND/analysis_data/hight64_rkmp_controls_v1/analysis/hight64/r14/k32/seed201/controls/D1_vs_D1/D1_control_a.npy,/mnt/d/#PROJECT_RKNDIncECA/Related-key-mcp-attention-Inception-based-ND/analysis_data/hight64_rkmp_controls_v1/analysis/hight64/r14/k32/seed201/controls/D1_vs_D1/D1_control_b.npy,/mnt/d/#PROJECT_RKNDIncECA/Related-key-mcp-attention-Inception-based-ND/analysis_data/hight64_rkmp_controls_v1/analysis/hight64/r14/k32/seed201/controls/pair_shuffled/D1_pair_shuffled.npy,8954d601b25f58cdc7eb8ff126b3e8e36dd0fddf0e3a1db18f04c61dce30f48d,fcc7fa14545b17e41c3d28a6bee9ac42329baf96584714b33fd1931cff1fad0e,4265682bb027d3dee84f149581bc2858c9cf2b17ea53d462b9978aeefc989e60,6440ffdfb664a673d333b0759870eeecd8e79108cf1e29b186163a2e33275716,/mnt/d/#PROJECT_RKNDIncECA/Related-key-mcp-attention-Inception-based-ND/analysis_data/hight64_rkmp_controls_v1/analysis/hight64/r14/k32/seed201/run_config.json,/mnt/d/#PROJECT_RKNDIncECA/Related-key-mcp-attention-Inception-based-ND/analysis_data/hight64_rkmp_controls_v1/analysis/hight64/r14/k32/seed201/protocol_validation.json,/mnt/d/#PROJECT_RKNDIncECA/Related-key-mcp-attention-Inception-based-ND/analysis_data/hight64_rkmp_controls_v1/analysis/hight64/r14/k32/seed201/control_metadata.json,True,32.350485,430101152,fe98baa8580da857c39a5af99956d5f6afbd146eb24b73ab487ba6cde7e47c78,2026-07-17T13:26:19.641895+00:00,completed
hight64_rkmp_controls_v1,analysis,HIGHT-64,hight64,cipher.hight,14,32,202,202,10000,64,128,0x4000000000000000,0x00000000000000000000000040000000,97,msb0,delta_C||C||C_star,grouped,shared,uint8,"[10000, 32, 192]",/mnt/d/#PROJECT_RKNDIncECA/Related-key-mcp-attention-Inception-based-ND/analysis_data/hight64_rkmp_controls_v1/analysis/hight64/r14/k32/seed202/D1_structured.npy,/mnt/d/#PROJECT_RKNDIncECA/Related-key-mcp-attention-Inception-based-ND/analysis_data/hight64_rkmp_controls_v1/analysis/hight64/r14/k32/seed202/D0_null.npy,/mnt/d/#PROJECT_RKNDIncECA/Related-key-mcp-attention-Inception-based-ND/analysis_data/hight64_rkmp_controls_v1/analysis/hight64/r14/k32/seed202/D1_labels.npy,/mnt/d/#PROJECT_RKNDIncECA/Related-key-mcp-attention-Inception-based-ND/analysis_data/hight64_rkmp_controls_v1/analysis/hight64/r14/k32/seed202/D0_labels.npy,/mnt/d/#PROJECT_RKNDIncECA/Related-key-mcp-attention-Inception-based-ND/analysis_data/hight64_rkmp_controls_v1/analysis/hight64/r14/k32/seed202/controls/D0_vs_D0/D0_control_a.npy,/mnt/d/#PROJECT_RKNDIncECA/Related-key-mcp-attention-Inception-based-ND/analysis_data/hight64_rkmp_controls_v1/analysis/hight64/r14/k32/seed202/controls/D0_vs_D0/D0_control_b.npy,/mnt/d/#PROJECT_RKNDIncECA/Related-key-mcp-attention-Inception-based-ND/analysis_data/hight64_rkmp_controls_v1/analysis/hight64/r14/k32/seed202/controls/D1_vs_D1/D1_control_a.npy,/mnt/d/#PROJECT_RKNDIncECA/Related-key-mcp-attention-Inception-based-ND/analysis_data/hight64_rkmp_controls_v1/analysis/hight64/r14/k32/seed202/controls/D1_vs_D1/D1_control_b.npy,/mnt/d/#PROJECT_RKNDIncECA/Related-key-mcp-attention-Inception-based-ND/analysis_data/hight64_rkmp_controls_v1/analysis/hight64/r14/k32/seed202/controls/pair_shuffled/D1_pair_shuffled.npy,6f6ac4ba469e469bc3aedef977bc0ed677894856e2d7d1570a69df52fc049a08,dfcdd2bb1e030b2f66021a38feafb6a2a6a3f07b18f361f99d93c204df17a45f,9fa55ebc567b85498825239a9116262821e0f4fea13ee9a5ec0635b8c5b8762b,91d147e4cec5796a65ac92c5c35dad6fb46acf82d49aca6475f754257e0339a8,/mnt/d/#PROJECT_RKNDIncECA/Related-key-mcp-attention-Inception-based-ND/analysis_data/hight64_rkmp_controls_v1/analysis/hight64/r14/k32/seed202/run_config.json,/mnt/d/#PROJECT_RKNDIncECA/Related-key-mcp-attention-Inception-based-ND/analysis_data/hight64_rkmp_controls_v1/analysis/hight64/r14/k32/seed202/protocol_validation.json,/mnt/d/#PROJECT_RKNDIncECA/Related-key-mcp-attention-Inception-based-ND/analysis_data/hight64_rkmp_controls_v1/analysis/hight64/r14/k32/seed202/control_metadata.json,True,31.466167,430101152,41695a1b60dca8c9e0e4147973100406d36c6bfc7367c16c031c81ecf8323ac0,2026-07-17T13:26:54.767730+00:00,completed
hight64_rkmp_controls_v1,analysis,HIGHT-64,hight64,cipher.hight,14,32,203,203,10000,64,128,0x4000000000000000,0x00000000000000000000000040000000,97,msb0,delta_C||C||C_star,grouped,shared,uint8,"[10000, 32, 192]",/mnt/d/#PROJECT_RKNDIncECA/Related-key-mcp-attention-Inception-based-ND/analysis_data/hight64_rkmp_controls_v1/analysis/hight64/r14/k32/seed203/D1_structured.npy,/mnt/d/#PROJECT_RKNDIncECA/Related-key-mcp-attention-Inception-based-ND/analysis_data/hight64_rkmp_controls_v1/analysis/hight64/r14/k32/seed203/D0_null.npy,/mnt/d/#PROJECT_RKNDIncECA/Related-key-mcp-attention-Inception-based-ND/analysis_data/hight64_rkmp_controls_v1/analysis/hight64/r14/k32/seed203/D1_labels.npy,/mnt/d/#PROJECT_RKNDIncECA/Related-key-mcp-attention-Inception-based-ND/analysis_data/hight64_rkmp_controls_v1/analysis/hight64/r14/k32/seed203/D0_labels.npy,/mnt/d/#PROJECT_RKNDIncECA/Related-key-mcp-attention-Inception-based-ND/analysis_data/hight64_rkmp_controls_v1/analysis/hight64/r14/k32/seed203/controls/D0_vs_D0/D0_control_a.npy,/mnt/d/#PROJECT_RKNDIncECA/Related-key-mcp-attention-Inception-based-ND/analysis_data/hight64_rkmp_controls_v1/analysis/hight64/r14/k32/seed203/controls/D0_vs_D0/D0_control_b.npy,/mnt/d/#PROJECT_RKNDIncECA/Related-key-mcp-attention-Inception-based-ND/analysis_data/hight64_rkmp_controls_v1/analysis/hight64/r14/k32/seed203/controls/D1_vs_D1/D1_control_a.npy,/mnt/d/#PROJECT_RKNDIncECA/Related-key-mcp-attention-Inception-based-ND/analysis_data/hight64_rkmp_controls_v1/analysis/hight64/r14/k32/seed203/controls/D1_vs_D1/D1_control_b.npy,/mnt/d/#PROJECT_RKNDIncECA/Related-key-mcp-attention-Inception-based-ND/analysis_data/hight64_rkmp_controls_v1/analysis/hight64/r14/k32/seed203/controls/pair_shuffled/D1_pair_shuffled.npy,14386afa5a9c754355331b20a1e9c254a0bc74c5536ea119d3c017bf8f05a5d8,d50fab0aaf37a2b453c30967380d8ba52b0e12164bc88f94b361c640fbcfc4e7,dbd9c9d0b90d1ad3286c3b2cf506da89fbc55380d2570fd1656217b5502dfafc,4abdbce5a745f07607da98527a3db0ca0b547d956b2a97bc05ebb215e5cdeaf3,/mnt/d/#PROJECT_RKNDIncECA/Related-key-mcp-attention-Inception-based-ND/analysis_data/hight64_rkmp_controls_v1/analysis/hight64/r14/k32/seed203/run_config.json,/mnt/d/#PROJECT_RKNDIncECA/Related-key-mcp-attention-Inception-based-ND/analysis_data/hight64_rkmp_controls_v1/analysis/hight64/r14/k32/seed203/protocol_validation.json,/mnt/d/#PROJECT_RKNDIncECA/Related-key-mcp-attention-Inception-based-ND/analysis_data/hight64_rkmp_controls_v1/analysis/hight64/r14/k32/seed203/control_metadata.json,True,32.135258,430101152,c771157957cdcc4fbb0cfc165fd22fb4ae937b2ad68dec8e1e2fa05b228fa224,2026-07-17T13:27:30.571952+00:00,completed
hight64_rkmp_controls_v1,analysis,HIGHT-64,hight64,cipher.hight,16,1,201,201,10000,64,128,0x4000000000000000,0x00000000000000000000000040000000,97,msb0,delta_C||C||C_star,grouped,shared,uint8,"[10000, 1, 192]",/mnt/d/#PROJECT_RKNDIncECA/Related-key-mcp-attention-Inception-based-ND/analysis_data/hight64_rkmp_controls_v1/analysis/hight64/r16/k1/seed201/D1_structured.npy,/mnt/d/#PROJECT_RKNDIncECA/Related-key-mcp-attention-Inception-based-ND/analysis_data/hight64_rkmp_controls_v1/analysis/hight64/r16/k1/seed201/D0_null.npy,/mnt/d/#PROJECT_RKNDIncECA/Related-key-mcp-attention-Inception-based-ND/analysis_data/hight64_rkmp_controls_v1/analysis/hight64/r16/k1/seed201/D1_labels.npy,/mnt/d/#PROJECT_RKNDIncECA/Related-key-mcp-attention-Inception-based-ND/analysis_data/hight64_rkmp_controls_v1/analysis/hight64/r16/k1/seed201/D0_labels.npy,/mnt/d/#PROJECT_RKNDIncECA/Related-key-mcp-attention-Inception-based-ND/analysis_data/hight64_rkmp_controls_v1/analysis/hight64/r16/k1/seed201/controls/D0_vs_D0/D0_control_a.npy,/mnt/d/#PROJECT_RKNDIncECA/Related-key-mcp-attention-Inception-based-ND/analysis_data/hight64_rkmp_controls_v1/analysis/hight64/r16/k1/seed201/controls/D0_vs_D0/D0_control_b.npy,/mnt/d/#PROJECT_RKNDIncECA/Related-key-mcp-attention-Inception-based-ND/analysis_data/hight64_rkmp_controls_v1/analysis/hight64/r16/k1/seed201/controls/D1_vs_D1/D1_control_a.npy,/mnt/d/#PROJECT_RKNDIncECA/Related-key-mcp-attention-Inception-based-ND/analysis_data/hight64_rkmp_controls_v1/analysis/hight64/r16/k1/seed201/controls/D1_vs_D1/D1_control_b.npy,/mnt/d/#PROJECT_RKNDIncECA/Related-key-mcp-attention-Inception-based-ND/analysis_data/hight64_rkmp_controls_v1/analysis/hight64/r16/k1/seed201/controls/pair_shuffled/D1_pair_shuffled.npy,76fa1d5402a03872e74b15d7f4ae25d41d7123fe9d03963136034b93ba2abfeb,ec416d955ebb3f651f691425485683b7aa80ece0fbe747e72cf20fd5a571a1e5,0937953a6814dfc0a019dc1c60bd27387845be7f40c61cc6be637dcdfe2f5b5b,b137f17ba630a5994caacb6cb49ded30a94922647ac78324efcc177c1b3f2824,/mnt/d/#PROJECT_RKNDIncECA/Related-key-mcp-attention-Inception-based-ND/analysis_data/hight64_rkmp_controls_v1/analysis/hight64/r16/k1/seed201/run_config.json,/mnt/d/#PROJECT_RKNDIncECA/Related-key-mcp-attention-Inception-based-ND/analysis_data/hight64_rkmp_controls_v1/analysis/hight64/r16/k1/seed201/protocol_validation.json,/mnt/d/#PROJECT_RKNDIncECA/Related-key-mcp-attention-Inception-based-ND/analysis_data/hight64_rkmp_controls_v1/analysis/hight64/r16/k1/seed201/control_metadata.json,True,1.830374,13461152,c54438969332ff6a777fc605012563b3d52f4b1954be82354f3dfa32df6303d6,2026-07-17T13:27:32.490735+00:00,completed
hight64_rkmp_controls_v1,analysis,HIGHT-64,hight64,cipher.hight,16,1,202,202,10000,64,128,0x4000000000000000,0x00000000000000000000000040000000,97,msb0,delta_C||C||C_star,grouped,shared,uint8,"[10000, 1, 192]",/mnt/d/#PROJECT_RKNDIncECA/Related-key-mcp-attention-Inception-based-ND/analysis_data/hight64_rkmp_controls_v1/analysis/hight64/r16/k1/seed202/D1_structured.npy,/mnt/d/#PROJECT_RKNDIncECA/Related-key-mcp-attention-Inception-based-ND/analysis_data/hight64_rkmp_controls_v1/analysis/hight64/r16/k1/seed202/D0_null.npy,/mnt/d/#PROJECT_RKNDIncECA/Related-key-mcp-attention-Inception-based-ND/analysis_data/hight64_rkmp_controls_v1/analysis/hight64/r16/k1/seed202/D1_labels.npy,/mnt/d/#PROJECT_RKNDIncECA/Related-key-mcp-attention-Inception-based-ND/analysis_data/hight64_rkmp_controls_v1/analysis/hight64/r16/k1/seed202/D0_labels.npy,/mnt/d/#PROJECT_RKNDIncECA/Related-key-mcp-attention-Inception-based-ND/analysis_data/hight64_rkmp_controls_v1/analysis/hight64/r16/k1/seed202/controls/D0_vs_D0/D0_control_a.npy,/mnt/d/#PROJECT_RKNDIncECA/Related-key-mcp-attention-Inception-based-ND/analysis_data/hight64_rkmp_controls_v1/analysis/hight64/r16/k1/seed202/controls/D0_vs_D0/D0_control_b.npy,/mnt/d/#PROJECT_RKNDIncECA/Related-key-mcp-attention-Inception-based-ND/analysis_data/hight64_rkmp_controls_v1/analysis/hight64/r16/k1/seed202/controls/D1_vs_D1/D1_control_a.npy,/mnt/d/#PROJECT_RKNDIncECA/Related-key-mcp-attention-Inception-based-ND/analysis_data/hight64_rkmp_controls_v1/analysis/hight64/r16/k1/seed202/controls/D1_vs_D1/D1_control_b.npy,/mnt/d/#PROJECT_RKNDIncECA/Related-key-mcp-attention-Inception-based-ND/analysis_data/hight64_rkmp_controls_v1/analysis/hight64/r16/k1/seed202/controls/pair_shuffled/D1_pair_shuffled.npy,b27ddd000a46c4a353b26d12711c4822bbe2d643e3211005b2bb07d7e61c9038,68c44524788f7bb8296d6c7d6939709f7695124bdd2449bf2d1a43e779eae29a,e50828d75f6d12388c03f550d6acf0ff84aa25c18125889212883b49afeebdb4,6c6b1ec80654ff825ff4ada65b172e3441b23336bb1231200067181148a36946,/mnt/d/#PROJECT_RKNDIncECA/Related-key-mcp-attention-Inception-based-ND/analysis_data/hight64_rkmp_controls_v1/analysis/hight64/r16/k1/seed202/run_config.json,/mnt/d/#PROJECT_RKNDIncECA/Related-key-mcp-attention-Inception-based-ND/analysis_data/hight64_rkmp_controls_v1/analysis/hight64/r16/k1/seed202/protocol_validation.json,/mnt/d/#PROJECT_RKNDIncECA/Related-key-mcp-attention-Inception-based-ND/analysis_data/hight64_rkmp_controls_v1/analysis/hight64/r16/k1/seed202/control_metadata.json,True,1.633766,13461152,d677dfb10964852b04bc5d90380ab68f3eb3820992c09d639d2e1392ac0ab8aa,2026-07-17T13:27:34.190841+00:00,completed
hight64_rkmp_controls_v1,analysis,HIGHT-64,hight64,cipher.hight,16,1,203,203,10000,64,128,0x4000000000000000,0x00000000000000000000000040000000,97,msb0,delta_C||C||C_star,grouped,shared,uint8,"[10000, 1, 192]",/mnt/d/#PROJECT_RKNDIncECA/Related-key-mcp-attention-Inception-based-ND/analysis_data/hight64_rkmp_controls_v1/analysis/hight64/r16/k1/seed203/D1_structured.npy,/mnt/d/#PROJECT_RKNDIncECA/Related-key-mcp-attention-Inception-based-ND/analysis_data/hight64_rkmp_controls_v1/analysis/hight64/r16/k1/seed203/D0_null.npy,/mnt/d/#PROJECT_RKNDIncECA/Related-key-mcp-attention-Inception-based-ND/analysis_data/hight64_rkmp_controls_v1/analysis/hight64/r16/k1/seed203/D1_labels.npy,/mnt/d/#PROJECT_RKNDIncECA/Related-key-mcp-attention-Inception-based-ND/analysis_data/hight64_rkmp_controls_v1/analysis/hight64/r16/k1/seed203/D0_labels.npy,/mnt/d/#PROJECT_RKNDIncECA/Related-key-mcp-attention-Inception-based-ND/analysis_data/hight64_rkmp_controls_v1/analysis/hight64/r16/k1/seed203/controls/D0_vs_D0/D0_control_a.npy,/mnt/d/#PROJECT_RKNDIncECA/Related-key-mcp-attention-Inception-based-ND/analysis_data/hight64_rkmp_controls_v1/analysis/hight64/r16/k1/seed203/controls/D0_vs_D0/D0_control_b.npy,/mnt/d/#PROJECT_RKNDIncECA/Related-key-mcp-attention-Inception-based-ND/analysis_data/hight64_rkmp_controls_v1/analysis/hight64/r16/k1/seed203/controls/D1_vs_D1/D1_control_a.npy,/mnt/d/#PROJECT_RKNDIncECA/Related-key-mcp-attention-Inception-based-ND/analysis_data/hight64_rkmp_controls_v1/analysis/hight64/r16/k1/seed203/controls/D1_vs_D1/D1_control_b.npy,/mnt/d/#PROJECT_RKNDIncECA/Related-key-mcp-attention-Inception-based-ND/analysis_data/hight64_rkmp_controls_v1/analysis/hight64/r16/k1/seed203/controls/pair_shuffled/D1_pair_shuffled.npy,c43c283b3d85989fd5d618aa55b6b2a4c9676944fd6460275619a887e03813e0,30f12caa7d82189de217a4d46a3d23b803af3f774ed6341bc1ce3a95c9a39658,5581be97a849ec499dc12ecd9926b09368ba62968db542e4346bd20df37333c0,ef42a1f559a716a5c9b1415b24066a1e9aa51a241e29742758c16300490dc107,/mnt/d/#PROJECT_RKNDIncECA/Related-key-mcp-attention-Inception-based-ND/analysis_data/hight64_rkmp_controls_v1/analysis/hight64/r16/k1/seed203/run_config.json,/mnt/d/#PROJECT_RKNDIncECA/Related-key-mcp-attention-Inception-based-ND/analysis_data/hight64_rkmp_controls_v1/analysis/hight64/r16/k1/seed203/protocol_validation.json,/mnt/d/#PROJECT_RKNDIncECA/Related-key-mcp-attention-Inception-based-ND/analysis_data/hight64_rkmp_controls_v1/analysis/hight64/r16/k1/seed203/control_metadata.json,True,1.667944,13461152,288399e2aa25901f8e24483bf9d8abdd2dfc373f9071a72b7d6e2224e213a7a9,2026-07-17T13:27:35.914649+00:00,completed
hight64_rkmp_controls_v1,analysis,HIGHT-64,hight64,cipher.hight,16,2,201,201,10000,64,128,0x4000000000000000,0x00000000000000000000000040000000,97,msb0,delta_C||C||C_star,grouped,shared,uint8,"[10000, 2, 192]",/mnt/d/#PROJECT_RKNDIncECA/Related-key-mcp-attention-Inception-based-ND/analysis_data/hight64_rkmp_controls_v1/analysis/hight64/r16/k2/seed201/D1_structured.npy,/mnt/d/#PROJECT_RKNDIncECA/Related-key-mcp-attention-Inception-based-ND/analysis_data/hight64_rkmp_controls_v1/analysis/hight64/r16/k2/seed201/D0_null.npy,/mnt/d/#PROJECT_RKNDIncECA/Related-key-mcp-attention-Inception-based-ND/analysis_data/hight64_rkmp_controls_v1/analysis/hight64/r16/k2/seed201/D1_labels.npy,/mnt/d/#PROJECT_RKNDIncECA/Related-key-mcp-attention-Inception-based-ND/analysis_data/hight64_rkmp_controls_v1/analysis/hight64/r16/k2/seed201/D0_labels.npy,/mnt/d/#PROJECT_RKNDIncECA/Related-key-mcp-attention-Inception-based-ND/analysis_data/hight64_rkmp_controls_v1/analysis/hight64/r16/k2/seed201/controls/D0_vs_D0/D0_control_a.npy,/mnt/d/#PROJECT_RKNDIncECA/Related-key-mcp-attention-Inception-based-ND/analysis_data/hight64_rkmp_controls_v1/analysis/hight64/r16/k2/seed201/controls/D0_vs_D0/D0_control_b.npy,/mnt/d/#PROJECT_RKNDIncECA/Related-key-mcp-attention-Inception-based-ND/analysis_data/hight64_rkmp_controls_v1/analysis/hight64/r16/k2/seed201/controls/D1_vs_D1/D1_control_a.npy,/mnt/d/#PROJECT_RKNDIncECA/Related-key-mcp-attention-Inception-based-ND/analysis_data/hight64_rkmp_controls_v1/analysis/hight64/r16/k2/seed201/controls/D1_vs_D1/D1_control_b.npy,/mnt/d/#PROJECT_RKNDIncECA/Related-key-mcp-attention-Inception-based-ND/analysis_data/hight64_rkmp_controls_v1/analysis/hight64/r16/k2/seed201/controls/pair_shuffled/D1_pair_shuffled.npy,5ac74ff1ac710b2bd92535920ef757fb63421b32f6d9c052acc60ea71fd78b00,f3f734a83947ffe024a237161d48278c7627e5f9a2e0556a41b4a1e3b77154bb,afa976d9d98c762569d869719e1740d2272acd3f40cdbbd9f5f60bcc2a412a3f,ba495227f8008d155699cde483f7837304eafceee5ce132b04bd4170ba3a29af,/mnt/d/#PROJECT_RKNDIncECA/Related-key-mcp-attention-Inception-based-ND/analysis_data/hight64_rkmp_controls_v1/analysis/hight64/r16/k2/seed201/run_config.json,/mnt/d/#PROJECT_RKNDIncECA/Related-key-mcp-attention-Inception-based-ND/analysis_data/hight64_rkmp_controls_v1/analysis/hight64/r16/k2/seed201/protocol_validation.json,/mnt/d/#PROJECT_RKNDIncECA/Related-key-mcp-attention-Inception-based-ND/analysis_data/hight64_rkmp_controls_v1/analysis/hight64/r16/k2/seed201/control_metadata.json,True,2.764128,26901152,85ae1ffecdfffb8e4d6fc3090bd50ecbec397327929f2219d27b2fe2fb57914b,2026-07-17T13:27:38.757180+00:00,completed
hight64_rkmp_controls_v1,analysis,HIGHT-64,hight64,cipher.hight,16,2,202,202,10000,64,128,0x4000000000000000,0x00000000000000000000000040000000,97,msb0,delta_C||C||C_star,grouped,shared,uint8,"[10000, 2, 192]",/mnt/d/#PROJECT_RKNDIncECA/Related-key-mcp-attention-Inception-based-ND/analysis_data/hight64_rkmp_controls_v1/analysis/hight64/r16/k2/seed202/D1_structured.npy,/mnt/d/#PROJECT_RKNDIncECA/Related-key-mcp-attention-Inception-based-ND/analysis_data/hight64_rkmp_controls_v1/analysis/hight64/r16/k2/seed202/D0_null.npy,/mnt/d/#PROJECT_RKNDIncECA/Related-key-mcp-attention-Inception-based-ND/analysis_data/hight64_rkmp_controls_v1/analysis/hight64/r16/k2/seed202/D1_labels.npy,/mnt/d/#PROJECT_RKNDIncECA/Related-key-mcp-attention-Inception-based-ND/analysis_data/hight64_rkmp_controls_v1/analysis/hight64/r16/k2/seed202/D0_labels.npy,/mnt/d/#PROJECT_RKNDIncECA/Related-key-mcp-attention-Inception-based-ND/analysis_data/hight64_rkmp_controls_v1/analysis/hight64/r16/k2/seed202/controls/D0_vs_D0/D0_control_a.npy,/mnt/d/#PROJECT_RKNDIncECA/Related-key-mcp-attention-Inception-based-ND/analysis_data/hight64_rkmp_controls_v1/analysis/hight64/r16/k2/seed202/controls/D0_vs_D0/D0_control_b.npy,/mnt/d/#PROJECT_RKNDIncECA/Related-key-mcp-attention-Inception-based-ND/analysis_data/hight64_rkmp_controls_v1/analysis/hight64/r16/k2/seed202/controls/D1_vs_D1/D1_control_a.npy,/mnt/d/#PROJECT_RKNDIncECA/Related-key-mcp-attention-Inception-based-ND/analysis_data/hight64_rkmp_controls_v1/analysis/hight64/r16/k2/seed202/controls/D1_vs_D1/D1_control_b.npy,/mnt/d/#PROJECT_RKNDIncECA/Related-key-mcp-attention-Inception-based-ND/analysis_data/hight64_rkmp_controls_v1/analysis/hight64/r16/k2/seed202/controls/pair_shuffled/D1_pair_shuffled.npy,c9d5d526a8144b6539cf119d570af6e72eb326d1d39bbff5197dd6abdb9debac,3964223f1ead2995f99babe188278b9e68a743f01b2ebc21b86038fd03a6344e,0f2b806952d64fec9d288b09625c9ad8bc6bb23f391f4dd491c859eeb48db20a,4c39d5e5b21076c8517d784e1b4c216b5e8e944666dd7f31acab887b8b88f7f3,/mnt/d/#PROJECT_RKNDIncECA/Related-key-mcp-attention-Inception-based-ND/analysis_data/hight64_rkmp_controls_v1/analysis/hight64/r16/k2/seed202/run_config.json,/mnt/d/#PROJECT_RKNDIncECA/Related-key-mcp-attention-Inception-based-ND/analysis_data/hight64_rkmp_controls_v1/analysis/hight64/r16/k2/seed202/protocol_validation.json,/mnt/d/#PROJECT_RKNDIncECA/Related-key-mcp-attention-Inception-based-ND/analysis_data/hight64_rkmp_controls_v1/analysis/hight64/r16/k2/seed202/control_metadata.json,True,2.404379,26901152,941b152b54579514e5acc48189f6fba27cf4eb1f715976ffdb07352cb29b652b,2026-07-17T13:27:41.217964+00:00,completed
hight64_rkmp_controls_v1,analysis,HIGHT-64,hight64,cipher.hight,16,2,203,203,10000,64,128,0x4000000000000000,0x00000000000000000000000040000000,97,msb0,delta_C||C||C_star,grouped,shared,uint8,"[10000, 2, 192]",/mnt/d/#PROJECT_RKNDIncECA/Related-key-mcp-attention-Inception-based-ND/analysis_data/hight64_rkmp_controls_v1/analysis/hight64/r16/k2/seed203/D1_structured.npy,/mnt/d/#PROJECT_RKNDIncECA/Related-key-mcp-attention-Inception-based-ND/analysis_data/hight64_rkmp_controls_v1/analysis/hight64/r16/k2/seed203/D0_null.npy,/mnt/d/#PROJECT_RKNDIncECA/Related-key-mcp-attention-Inception-based-ND/analysis_data/hight64_rkmp_controls_v1/analysis/hight64/r16/k2/seed203/D1_labels.npy,/mnt/d/#PROJECT_RKNDIncECA/Related-key-mcp-attention-Inception-based-ND/analysis_data/hight64_rkmp_controls_v1/analysis/hight64/r16/k2/seed203/D0_labels.npy,/mnt/d/#PROJECT_RKNDIncECA/Related-key-mcp-attention-Inception-based-ND/analysis_data/hight64_rkmp_controls_v1/analysis/hight64/r16/k2/seed203/controls/D0_vs_D0/D0_control_a.npy,/mnt/d/#PROJECT_RKNDIncECA/Related-key-mcp-attention-Inception-based-ND/analysis_data/hight64_rkmp_controls_v1/analysis/hight64/r16/k2/seed203/controls/D0_vs_D0/D0_control_b.npy,/mnt/d/#PROJECT_RKNDIncECA/Related-key-mcp-attention-Inception-based-ND/analysis_data/hight64_rkmp_controls_v1/analysis/hight64/r16/k2/seed203/controls/D1_vs_D1/D1_control_a.npy,/mnt/d/#PROJECT_RKNDIncECA/Related-key-mcp-attention-Inception-based-ND/analysis_data/hight64_rkmp_controls_v1/analysis/hight64/r16/k2/seed203/controls/D1_vs_D1/D1_control_b.npy,/mnt/d/#PROJECT_RKNDIncECA/Related-key-mcp-attention-Inception-based-ND/analysis_data/hight64_rkmp_controls_v1/analysis/hight64/r16/k2/seed203/controls/pair_shuffled/D1_pair_shuffled.npy,86c195a84acd9bac2c3135cd8021fb801f00de6ca01d0ecc4d56ab2abb307456,6b39efdd39894e70f3f08302df1b8320d855c5dc241e375f0ff11fa7bc75d403,3e3e2db64479c7cbe2681dc74de223f41518aec4182cd480644d6d38e30a2c33,85b996bf8fbb82e4e88c5ed7e8f960ecb6651087ca6e51200f4ab68429c2effe,/mnt/d/#PROJECT_RKNDIncECA/Related-key-mcp-attention-Inception-based-ND/analysis_data/hight64_rkmp_controls_v1/analysis/hight64/r16/k2/seed203/run_config.json,/mnt/d/#PROJECT_RKNDIncECA/Related-key-mcp-attention-Inception-based-ND/analysis_data/hight64_rkmp_controls_v1/analysis/hight64/r16/k2/seed203/protocol_validation.json,/mnt/d/#PROJECT_RKNDIncECA/Related-key-mcp-attention-Inception-based-ND/analysis_data/hight64_rkmp_controls_v1/analysis/hight64/r16/k2/seed203/control_metadata.json,True,2.831764,26901152,8263767b63b4453f7559b21c641c155e4195aeda2d7c09a6349c2bd6464f2fda,2026-07-17T13:27:44.115772+00:00,completed
hight64_rkmp_controls_v1,analysis,HIGHT-64,hight64,cipher.hight,16,4,201,201,10000,64,128,0x4000000000000000,0x00000000000000000000000040000000,97,msb0,delta_C||C||C_star,grouped,shared,uint8,"[10000, 4, 192]",/mnt/d/#PROJECT_RKNDIncECA/Related-key-mcp-attention-Inception-based-ND/analysis_data/hight64_rkmp_controls_v1/analysis/hight64/r16/k4/seed201/D1_structured.npy,/mnt/d/#PROJECT_RKNDIncECA/Related-key-mcp-attention-Inception-based-ND/analysis_data/hight64_rkmp_controls_v1/analysis/hight64/r16/k4/seed201/D0_null.npy,/mnt/d/#PROJECT_RKNDIncECA/Related-key-mcp-attention-Inception-based-ND/analysis_data/hight64_rkmp_controls_v1/analysis/hight64/r16/k4/seed201/D1_labels.npy,/mnt/d/#PROJECT_RKNDIncECA/Related-key-mcp-attention-Inception-based-ND/analysis_data/hight64_rkmp_controls_v1/analysis/hight64/r16/k4/seed201/D0_labels.npy,/mnt/d/#PROJECT_RKNDIncECA/Related-key-mcp-attention-Inception-based-ND/analysis_data/hight64_rkmp_controls_v1/analysis/hight64/r16/k4/seed201/controls/D0_vs_D0/D0_control_a.npy,/mnt/d/#PROJECT_RKNDIncECA/Related-key-mcp-attention-Inception-based-ND/analysis_data/hight64_rkmp_controls_v1/analysis/hight64/r16/k4/seed201/controls/D0_vs_D0/D0_control_b.npy,/mnt/d/#PROJECT_RKNDIncECA/Related-key-mcp-attention-Inception-based-ND/analysis_data/hight64_rkmp_controls_v1/analysis/hight64/r16/k4/seed201/controls/D1_vs_D1/D1_control_a.npy,/mnt/d/#PROJECT_RKNDIncECA/Related-key-mcp-attention-Inception-based-ND/analysis_data/hight64_rkmp_controls_v1/analysis/hight64/r16/k4/seed201/controls/D1_vs_D1/D1_control_b.npy,/mnt/d/#PROJECT_RKNDIncECA/Related-key-mcp-attention-Inception-based-ND/analysis_data/hight64_rkmp_controls_v1/analysis/hight64/r16/k4/seed201/controls/pair_shuffled/D1_pair_shuffled.npy,57ba55d6a70ede31cfe639d654768ec08235760dbc83890c15706e2f1fd693e2,2f58b71dc168debfa2636cf96845e290cbcbcc59cc4b1f0550f6f2d6f8fcf5fb,5a5c2817e8a8bab45ae3edd80b2771df9a512a0406cf588cf947a5c4321ffa9c,e72869514b48dc3b0b8369f1b1842132ea6334c1730e269b185ed303d600edaf,/mnt/d/#PROJECT_RKNDIncECA/Related-key-mcp-attention-Inception-based-ND/analysis_data/hight64_rkmp_controls_v1/analysis/hight64/r16/k4/seed201/run_config.json,/mnt/d/#PROJECT_RKNDIncECA/Related-key-mcp-attention-Inception-based-ND/analysis_data/hight64_rkmp_controls_v1/analysis/hight64/r16/k4/seed201/protocol_validation.json,/mnt/d/#PROJECT_RKNDIncECA/Related-key-mcp-attention-Inception-based-ND/analysis_data/hight64_rkmp_controls_v1/analysis/hight64/r16/k4/seed201/control_metadata.json,True,4.254041,53781152,28ae11e02153a038b1cfd52875e400b2bc2cf8c09fb7f16a8e0092c1dcb60c4f,2026-07-17T13:27:48.437504+00:00,completed
hight64_rkmp_controls_v1,analysis,HIGHT-64,hight64,cipher.hight,16,4,202,202,10000,64,128,0x4000000000000000,0x00000000000000000000000040000000,97,msb0,delta_C||C||C_star,grouped,shared,uint8,"[10000, 4, 192]",/mnt/d/#PROJECT_RKNDIncECA/Related-key-mcp-attention-Inception-based-ND/analysis_data/hight64_rkmp_controls_v1/analysis/hight64/r16/k4/seed202/D1_structured.npy,/mnt/d/#PROJECT_RKNDIncECA/Related-key-mcp-attention-Inception-based-ND/analysis_data/hight64_rkmp_controls_v1/analysis/hight64/r16/k4/seed202/D0_null.npy,/mnt/d/#PROJECT_RKNDIncECA/Related-key-mcp-attention-Inception-based-ND/analysis_data/hight64_rkmp_controls_v1/analysis/hight64/r16/k4/seed202/D1_labels.npy,/mnt/d/#PROJECT_RKNDIncECA/Related-key-mcp-attention-Inception-based-ND/analysis_data/hight64_rkmp_controls_v1/analysis/hight64/r16/k4/seed202/D0_labels.npy,/mnt/d/#PROJECT_RKNDIncECA/Related-key-mcp-attention-Inception-based-ND/analysis_data/hight64_rkmp_controls_v1/analysis/hight64/r16/k4/seed202/controls/D0_vs_D0/D0_control_a.npy,/mnt/d/#PROJECT_RKNDIncECA/Related-key-mcp-attention-Inception-based-ND/analysis_data/hight64_rkmp_controls_v1/analysis/hight64/r16/k4/seed202/controls/D0_vs_D0/D0_control_b.npy,/mnt/d/#PROJECT_RKNDIncECA/Related-key-mcp-attention-Inception-based-ND/analysis_data/hight64_rkmp_controls_v1/analysis/hight64/r16/k4/seed202/controls/D1_vs_D1/D1_control_a.npy,/mnt/d/#PROJECT_RKNDIncECA/Related-key-mcp-attention-Inception-based-ND/analysis_data/hight64_rkmp_controls_v1/analysis/hight64/r16/k4/seed202/controls/D1_vs_D1/D1_control_b.npy,/mnt/d/#PROJECT_RKNDIncECA/Related-key-mcp-attention-Inception-based-ND/analysis_data/hight64_rkmp_controls_v1/analysis/hight64/r16/k4/seed202/controls/pair_shuffled/D1_pair_shuffled.npy,c231289fe5f228e4bc3c2ae98badb46e144a84d14d6ef3716e690acae112ff6d,eb641badf39c1c33b26e2b22d95ac7dc50e454293d94d395d98cb70cc8431999,d03160bf145987eb8fb0222ce3b61a3d3f691fb7ed7fe06032fa8ba2951d2177,388db6ea75283419b0c8a17738583a262aa09b008665c7bb8dfe63b7e1a5d954,/mnt/d/#PROJECT_RKNDIncECA/Related-key-mcp-attention-Inception-based-ND/analysis_data/hight64_rkmp_controls_v1/analysis/hight64/r16/k4/seed202/run_config.json,/mnt/d/#PROJECT_RKNDIncECA/Related-key-mcp-attention-Inception-based-ND/analysis_data/hight64_rkmp_controls_v1/analysis/hight64/r16/k4/seed202/protocol_validation.json,/mnt/d/#PROJECT_RKNDIncECA/Related-key-mcp-attention-Inception-based-ND/analysis_data/hight64_rkmp_controls_v1/analysis/hight64/r16/k4/seed202/control_metadata.json,True,4.67626,53781152,90a19ba0654be4dc86fef59b08646469bc89cbf4052b9b25aedb691d83395e1b,2026-07-17T13:27:53.191910+00:00,completed
hight64_rkmp_controls_v1,analysis,HIGHT-64,hight64,cipher.hight,16,4,203,203,10000,64,128,0x4000000000000000,0x00000000000000000000000040000000,97,msb0,delta_C||C||C_star,grouped,shared,uint8,"[10000, 4, 192]",/mnt/d/#PROJECT_RKNDIncECA/Related-key-mcp-attention-Inception-based-ND/analysis_data/hight64_rkmp_controls_v1/analysis/hight64/r16/k4/seed203/D1_structured.npy,/mnt/d/#PROJECT_RKNDIncECA/Related-key-mcp-attention-Inception-based-ND/analysis_data/hight64_rkmp_controls_v1/analysis/hight64/r16/k4/seed203/D0_null.npy,/mnt/d/#PROJECT_RKNDIncECA/Related-key-mcp-attention-Inception-based-ND/analysis_data/hight64_rkmp_controls_v1/analysis/hight64/r16/k4/seed203/D1_labels.npy,/mnt/d/#PROJECT_RKNDIncECA/Related-key-mcp-attention-Inception-based-ND/analysis_data/hight64_rkmp_controls_v1/analysis/hight64/r16/k4/seed203/D0_labels.npy,/mnt/d/#PROJECT_RKNDIncECA/Related-key-mcp-attention-Inception-based-ND/analysis_data/hight64_rkmp_controls_v1/analysis/hight64/r16/k4/seed203/controls/D0_vs_D0/D0_control_a.npy,/mnt/d/#PROJECT_RKNDIncECA/Related-key-mcp-attention-Inception-based-ND/analysis_data/hight64_rkmp_controls_v1/analysis/hight64/r16/k4/seed203/controls/D0_vs_D0/D0_control_b.npy,/mnt/d/#PROJECT_RKNDIncECA/Related-key-mcp-attention-Inception-based-ND/analysis_data/hight64_rkmp_controls_v1/analysis/hight64/r16/k4/seed203/controls/D1_vs_D1/D1_control_a.npy,/mnt/d/#PROJECT_RKNDIncECA/Related-key-mcp-attention-Inception-based-ND/analysis_data/hight64_rkmp_controls_v1/analysis/hight64/r16/k4/seed203/controls/D1_vs_D1/D1_control_b.npy,/mnt/d/#PROJECT_RKNDIncECA/Related-key-mcp-attention-Inception-based-ND/analysis_data/hight64_rkmp_controls_v1/analysis/hight64/r16/k4/seed203/controls/pair_shuffled/D1_pair_shuffled.npy,1c358a8bbfc498cc09fc13279aa2865f57a89cbfc2e143e22bca48ed106986e8,9295e30213eafe691dfe3b7e5b4966304c7e8dd7bb6e1393b1c516fd252a84b1,26df3fa4086b4260dccacbc5bcb93a814bc3d4c4556bcf4998bcf00983b2a960,e1acc2fa0fafd6b9ace6e8d3f1d262ff9a4681f71851ddfb79747d28175204ca,/mnt/d/#PROJECT_RKNDIncECA/Related-key-mcp-attention-Inception-based-ND/analysis_data/hight64_rkmp_controls_v1/analysis/hight64/r16/k4/seed203/run_config.json,/mnt/d/#PROJECT_RKNDIncECA/Related-key-mcp-attention-Inception-based-ND/analysis_data/hight64_rkmp_controls_v1/analysis/hight64/r16/k4/seed203/protocol_validation.json,/mnt/d/#PROJECT_RKNDIncECA/Related-key-mcp-attention-Inception-based-ND/analysis_data/hight64_rkmp_controls_v1/analysis/hight64/r16/k4/seed203/control_metadata.json,True,4.736511,53781152,e609c7f8a28f0bb9547a592dafccf353314ef206bfc45644ba29c42c7a1ab5b3,2026-07-17T13:28:01.606278+00:00,completed
hight64_rkmp_controls_v1,analysis,HIGHT-64,hight64,cipher.hight,16,8,201,201,10000,64,128,0x4000000000000000,0x00000000000000000000000040000000,97,msb0,delta_C||C||C_star,grouped,shared,uint8,"[10000, 8, 192]",/mnt/d/#PROJECT_RKNDIncECA/Related-key-mcp-attention-Inception-based-ND/analysis_data/hight64_rkmp_controls_v1/analysis/hight64/r16/k8/seed201/D1_structured.npy,/mnt/d/#PROJECT_RKNDIncECA/Related-key-mcp-attention-Inception-based-ND/analysis_data/hight64_rkmp_controls_v1/analysis/hight64/r16/k8/seed201/D0_null.npy,/mnt/d/#PROJECT_RKNDIncECA/Related-key-mcp-attention-Inception-based-ND/analysis_data/hight64_rkmp_controls_v1/analysis/hight64/r16/k8/seed201/D1_labels.npy,/mnt/d/#PROJECT_RKNDIncECA/Related-key-mcp-attention-Inception-based-ND/analysis_data/hight64_rkmp_controls_v1/analysis/hight64/r16/k8/seed201/D0_labels.npy,/mnt/d/#PROJECT_RKNDIncECA/Related-key-mcp-attention-Inception-based-ND/analysis_data/hight64_rkmp_controls_v1/analysis/hight64/r16/k8/seed201/controls/D0_vs_D0/D0_control_a.npy,/mnt/d/#PROJECT_RKNDIncECA/Related-key-mcp-attention-Inception-based-ND/analysis_data/hight64_rkmp_controls_v1/analysis/hight64/r16/k8/seed201/controls/D0_vs_D0/D0_control_b.npy,/mnt/d/#PROJECT_RKNDIncECA/Related-key-mcp-attention-Inception-based-ND/analysis_data/hight64_rkmp_controls_v1/analysis/hight64/r16/k8/seed201/controls/D1_vs_D1/D1_control_a.npy,/mnt/d/#PROJECT_RKNDIncECA/Related-key-mcp-attention-Inception-based-ND/analysis_data/hight64_rkmp_controls_v1/analysis/hight64/r16/k8/seed201/controls/D1_vs_D1/D1_control_b.npy,/mnt/d/#PROJECT_RKNDIncECA/Related-key-mcp-attention-Inception-based-ND/analysis_data/hight64_rkmp_controls_v1/analysis/hight64/r16/k8/seed201/controls/pair_shuffled/D1_pair_shuffled.npy,17aa84e318a793d325d26eed4bc34e4d986983a884f13bf06a29c9d9ebe1fadb,95c13d364f53f716ccb1cddc92960f6f4297575354f188693dd5d40768890361,f414bcb60980314e9206d82c977b29dcb5fc98a174a1493dafaa9c5eb6300ade,42415eeaee18ecfbb38ac1764fae62005b7a07ed373d659120c2bfcccd6fc0bb,/mnt/d/#PROJECT_RKNDIncECA/Related-key-mcp-attention-Inception-based-ND/analysis_data/hight64_rkmp_controls_v1/analysis/hight64/r16/k8/seed201/run_config.json,/mnt/d/#PROJECT_RKNDIncECA/Related-key-mcp-attention-Inception-based-ND/analysis_data/hight64_rkmp_controls_v1/analysis/hight64/r16/k8/seed201/protocol_validation.json,/mnt/d/#PROJECT_RKNDIncECA/Related-key-mcp-attention-Inception-based-ND/analysis_data/hight64_rkmp_controls_v1/analysis/hight64/r16/k8/seed201/control_metadata.json,True,8.334274,107541152,8abbd97d4ce3a00ecc6f7459cfada0a5dd3716d4431ac229d56d9d618db10653,2026-07-17T13:28:10.009463+00:00,completed
hight64_rkmp_controls_v1,analysis,HIGHT-64,hight64,cipher.hight,16,8,202,202,10000,64,128,0x4000000000000000,0x00000000000000000000000040000000,97,msb0,delta_C||C||C_star,grouped,shared,uint8,"[10000, 8, 192]",/mnt/d/#PROJECT_RKNDIncECA/Related-key-mcp-attention-Inception-based-ND/analysis_data/hight64_rkmp_controls_v1/analysis/hight64/r16/k8/seed202/D1_structured.npy,/mnt/d/#PROJECT_RKNDIncECA/Related-key-mcp-attention-Inception-based-ND/analysis_data/hight64_rkmp_controls_v1/analysis/hight64/r16/k8/seed202/D0_null.npy,/mnt/d/#PROJECT_RKNDIncECA/Related-key-mcp-attention-Inception-based-ND/analysis_data/hight64_rkmp_controls_v1/analysis/hight64/r16/k8/seed202/D1_labels.npy,/mnt/d/#PROJECT_RKNDIncECA/Related-key-mcp-attention-Inception-based-ND/analysis_data/hight64_rkmp_controls_v1/analysis/hight64/r16/k8/seed202/D0_labels.npy,/mnt/d/#PROJECT_RKNDIncECA/Related-key-mcp-attention-Inception-based-ND/analysis_data/hight64_rkmp_controls_v1/analysis/hight64/r16/k8/seed202/controls/D0_vs_D0/D0_control_a.npy,/mnt/d/#PROJECT_RKNDIncECA/Related-key-mcp-attention-Inception-based-ND/analysis_data/hight64_rkmp_controls_v1/analysis/hight64/r16/k8/seed202/controls/D0_vs_D0/D0_control_b.npy,/mnt/d/#PROJECT_RKNDIncECA/Related-key-mcp-attention-Inception-based-ND/analysis_data/hight64_rkmp_controls_v1/analysis/hight64/r16/k8/seed202/controls/D1_vs_D1/D1_control_a.npy,/mnt/d/#PROJECT_RKNDIncECA/Related-key-mcp-attention-Inception-based-ND/analysis_data/hight64_rkmp_controls_v1/analysis/hight64/r16/k8/seed202/controls/D1_vs_D1/D1_control_b.npy,/mnt/d/#PROJECT_RKNDIncECA/Related-key-mcp-attention-Inception-based-ND/analysis_data/hight64_rkmp_controls_v1/analysis/hight64/r16/k8/seed202/controls/pair_shuffled/D1_pair_shuffled.npy,790bf25f70f0946d315e3ba307a7279c3103add4dd3ead938b530e5754f47aab,6b47d75fc9a21f0b0fbba8a0de196cc210a97748464bdfc6085f84bbc74499cf,a976d53ce3b6c50fd0497c2ce5b6ecce1c51c04cf3dca8dcb324a9facc077434,521dc5840f7365537788b0b95890aa373fbb070d885aaff0db24252d191f226b,/mnt/d/#PROJECT_RKNDIncECA/Related-key-mcp-attention-Inception-based-ND/analysis_data/hight64_rkmp_controls_v1/analysis/hight64/r16/k8/seed202/run_config.json,/mnt/d/#PROJECT_RKNDIncECA/Related-key-mcp-attention-Inception-based-ND/analysis_data/hight64_rkmp_controls_v1/analysis/hight64/r16/k8/seed202/protocol_validation.json,/mnt/d/#PROJECT_RKNDIncECA/Related-key-mcp-attention-Inception-based-ND/analysis_data/hight64_rkmp_controls_v1/analysis/hight64/r16/k8/seed202/control_metadata.json,True,8.204371,107541152,7e02479db77235bc0bc0d71feac65dda442a773f3baf28f1165f71a41a42b62e,2026-07-17T13:28:18.268923+00:00,completed
hight64_rkmp_controls_v1,analysis,HIGHT-64,hight64,cipher.hight,16,8,203,203,10000,64,128,0x4000000000000000,0x00000000000000000000000040000000,97,msb0,delta_C||C||C_star,grouped,shared,uint8,"[10000, 8, 192]",/mnt/d/#PROJECT_RKNDIncECA/Related-key-mcp-attention-Inception-based-ND/analysis_data/hight64_rkmp_controls_v1/analysis/hight64/r16/k8/seed203/D1_structured.npy,/mnt/d/#PROJECT_RKNDIncECA/Related-key-mcp-attention-Inception-based-ND/analysis_data/hight64_rkmp_controls_v1/analysis/hight64/r16/k8/seed203/D0_null.npy,/mnt/d/#PROJECT_RKNDIncECA/Related-key-mcp-attention-Inception-based-ND/analysis_data/hight64_rkmp_controls_v1/analysis/hight64/r16/k8/seed203/D1_labels.npy,/mnt/d/#PROJECT_RKNDIncECA/Related-key-mcp-attention-Inception-based-ND/analysis_data/hight64_rkmp_controls_v1/analysis/hight64/r16/k8/seed203/D0_labels.npy,/mnt/d/#PROJECT_RKNDIncECA/Related-key-mcp-attention-Inception-based-ND/analysis_data/hight64_rkmp_controls_v1/analysis/hight64/r16/k8/seed203/controls/D0_vs_D0/D0_control_a.npy,/mnt/d/#PROJECT_RKNDIncECA/Related-key-mcp-attention-Inception-based-ND/analysis_data/hight64_rkmp_controls_v1/analysis/hight64/r16/k8/seed203/controls/D0_vs_D0/D0_control_b.npy,/mnt/d/#PROJECT_RKNDIncECA/Related-key-mcp-attention-Inception-based-ND/analysis_data/hight64_rkmp_controls_v1/analysis/hight64/r16/k8/seed203/controls/D1_vs_D1/D1_control_a.npy,/mnt/d/#PROJECT_RKNDIncECA/Related-key-mcp-attention-Inception-based-ND/analysis_data/hight64_rkmp_controls_v1/analysis/hight64/r16/k8/seed203/controls/D1_vs_D1/D1_control_b.npy,/mnt/d/#PROJECT_RKNDIncECA/Related-key-mcp-attention-Inception-based-ND/analysis_data/hight64_rkmp_controls_v1/analysis/hight64/r16/k8/seed203/controls/pair_shuffled/D1_pair_shuffled.npy,0057e7aa8872262da45a69f9d227b3143ec2a1aa331fe5cd184d1d85c9a34b84,cd5a068dd0b9a82ab16a49c943cb52916ebab715ed255643377bf0b9e73574e6,426683e893c88db837e783efaf4b46f10b272ddcd89bc8a0da5833ad4988b302,dbe4b880bd32d25fd28e2077db156fec5a1a5fba29ed636356658a3664e8535f,/mnt/d/#PROJECT_RKNDIncECA/Related-key-mcp-attention-Inception-based-ND/analysis_data/hight64_rkmp_controls_v1/analysis/hight64/r16/k8/seed203/run_config.json,/mnt/d/#PROJECT_RKNDIncECA/Related-key-mcp-attention-Inception-based-ND/analysis_data/hight64_rkmp_controls_v1/analysis/hight64/r16/k8/seed203/protocol_validation.json,/mnt/d/#PROJECT_RKNDIncECA/Related-key-mcp-attention-Inception-based-ND/analysis_data/hight64_rkmp_controls_v1/analysis/hight64/r16/k8/seed203/control_metadata.json,True,8.167844,107541152,5b06e065b0b92bc96e256e5527e08d088b0bfb28ec4cd33efdc6982f04b6ca0c,2026-07-17T13:28:26.491225+00:00,completed
hight64_rkmp_controls_v1,analysis,HIGHT-64,hight64,cipher.hight,16,16,201,201,10000,64,128,0x4000000000000000,0x00000000000000000000000040000000,97,msb0,delta_C||C||C_star,grouped,shared,uint8,"[10000, 16, 192]",/mnt/d/#PROJECT_RKNDIncECA/Related-key-mcp-attention-Inception-based-ND/analysis_data/hight64_rkmp_controls_v1/analysis/hight64/r16/k16/seed201/D1_structured.npy,/mnt/d/#PROJECT_RKNDIncECA/Related-key-mcp-attention-Inception-based-ND/analysis_data/hight64_rkmp_controls_v1/analysis/hight64/r16/k16/seed201/D0_null.npy,/mnt/d/#PROJECT_RKNDIncECA/Related-key-mcp-attention-Inception-based-ND/analysis_data/hight64_rkmp_controls_v1/analysis/hight64/r16/k16/seed201/D1_labels.npy,/mnt/d/#PROJECT_RKNDIncECA/Related-key-mcp-attention-Inception-based-ND/analysis_data/hight64_rkmp_controls_v1/analysis/hight64/r16/k16/seed201/D0_labels.npy,/mnt/d/#PROJECT_RKNDIncECA/Related-key-mcp-attention-Inception-based-ND/analysis_data/hight64_rkmp_controls_v1/analysis/hight64/r16/k16/seed201/controls/D0_vs_D0/D0_control_a.npy,/mnt/d/#PROJECT_RKNDIncECA/Related-key-mcp-attention-Inception-based-ND/analysis_data/hight64_rkmp_controls_v1/analysis/hight64/r16/k16/seed201/controls/D0_vs_D0/D0_control_b.npy,/mnt/d/#PROJECT_RKNDIncECA/Related-key-mcp-attention-Inception-based-ND/analysis_data/hight64_rkmp_controls_v1/analysis/hight64/r16/k16/seed201/controls/D1_vs_D1/D1_control_a.npy,/mnt/d/#PROJECT_RKNDIncECA/Related-key-mcp-attention-Inception-based-ND/analysis_data/hight64_rkmp_controls_v1/analysis/hight64/r16/k16/seed201/controls/D1_vs_D1/D1_control_b.npy,/mnt/d/#PROJECT_RKNDIncECA/Related-key-mcp-attention-Inception-based-ND/analysis_data/hight64_rkmp_controls_v1/analysis/hight64/r16/k16/seed201/controls/pair_shuffled/D1_pair_shuffled.npy,b3d564b504b0839947861cf8b47ef7c92962fe1707d59c22b29caf72f40e2546,a59c786f37ac90a79b9dd1fc568b491b037c99b11907551b2e1973b5ca3f56e5,b79ec18397332906c44a70871fa3cd20bd34e0d24945d363cee62433fcb99b5c,1e073ae8db3500c6a28327e536e4b7bd3c67f097166792360f309bfd49e15f3d,/mnt/d/#PROJECT_RKNDIncECA/Related-key-mcp-attention-Inception-based-ND/analysis_data/hight64_rkmp_controls_v1/analysis/hight64/r16/k16/seed201/run_config.json,/mnt/d/#PROJECT_RKNDIncECA/Related-key-mcp-attention-Inception-based-ND/analysis_data/hight64_rkmp_controls_v1/analysis/hight64/r16/k16/seed201/protocol_validation.json,/mnt/d/#PROJECT_RKNDIncECA/Related-key-mcp-attention-Inception-based-ND/analysis_data/hight64_rkmp_controls_v1/analysis/hight64/r16/k16/seed201/control_metadata.json,True,16.130306,215061152,9e51a78e43d6d1efdc75e4fd8a76e50b1bf2a88dfac824baef1e35f2e75fbce0,2026-07-17T13:28:46.244951+00:00,completed
hight64_rkmp_controls_v1,analysis,HIGHT-64,hight64,cipher.hight,16,16,202,202,10000,64,128,0x4000000000000000,0x00000000000000000000000040000000,97,msb0,delta_C||C||C_star,grouped,shared,uint8,"[10000, 16, 192]",/mnt/d/#PROJECT_RKNDIncECA/Related-key-mcp-attention-Inception-based-ND/analysis_data/hight64_rkmp_controls_v1/analysis/hight64/r16/k16/seed202/D1_structured.npy,/mnt/d/#PROJECT_RKNDIncECA/Related-key-mcp-attention-Inception-based-ND/analysis_data/hight64_rkmp_controls_v1/analysis/hight64/r16/k16/seed202/D0_null.npy,/mnt/d/#PROJECT_RKNDIncECA/Related-key-mcp-attention-Inception-based-ND/analysis_data/hight64_rkmp_controls_v1/analysis/hight64/r16/k16/seed202/D1_labels.npy,/mnt/d/#PROJECT_RKNDIncECA/Related-key-mcp-attention-Inception-based-ND/analysis_data/hight64_rkmp_controls_v1/analysis/hight64/r16/k16/seed202/D0_labels.npy,/mnt/d/#PROJECT_RKNDIncECA/Related-key-mcp-attention-Inception-based-ND/analysis_data/hight64_rkmp_controls_v1/analysis/hight64/r16/k16/seed202/controls/D0_vs_D0/D0_control_a.npy,/mnt/d/#PROJECT_RKNDIncECA/Related-key-mcp-attention-Inception-based-ND/analysis_data/hight64_rkmp_controls_v1/analysis/hight64/r16/k16/seed202/controls/D0_vs_D0/D0_control_b.npy,/mnt/d/#PROJECT_RKNDIncECA/Related-key-mcp-attention-Inception-based-ND/analysis_data/hight64_rkmp_controls_v1/analysis/hight64/r16/k16/seed202/controls/D1_vs_D1/D1_control_a.npy,/mnt/d/#PROJECT_RKNDIncECA/Related-key-mcp-attention-Inception-based-ND/analysis_data/hight64_rkmp_controls_v1/analysis/hight64/r16/k16/seed202/controls/D1_vs_D1/D1_control_b.npy,/mnt/d/#PROJECT_RKNDIncECA/Related-key-mcp-attention-Inception-based-ND/analysis_data/hight64_rkmp_controls_v1/analysis/hight64/r16/k16/seed202/controls/pair_shuffled/D1_pair_shuffled.npy,fc024d10f323c7c61e45cc2906dd9e4630208dc4331e90679b55aca64957447e,1da8902f5894451c9fae686784ddd7659818edaedb7cee6c371596eefc1fc56b,ecf5f04699cc3f892deaf190cb25e35aa800b9b0bafa68c8f45494d4deeef659,94a79b764060cf3c98f447d793f0083379d0137472a8ebfd4f058d632a89d2d4,/mnt/d/#PROJECT_RKNDIncECA/Related-key-mcp-attention-Inception-based-ND/analysis_data/hight64_rkmp_controls_v1/analysis/hight64/r16/k16/seed202/run_config.json,/mnt/d/#PROJECT_RKNDIncECA/Related-key-mcp-attention-Inception-based-ND/analysis_data/hight64_rkmp_controls_v1/analysis/hight64/r16/k16/seed202/protocol_validation.json,/mnt/d/#PROJECT_RKNDIncECA/Related-key-mcp-attention-Inception-based-ND/analysis_data/hight64_rkmp_controls_v1/analysis/hight64/r16/k16/seed202/control_metadata.json,True,15.879913,215061152,c2dba45abe10537b33d098998e157e432d44816b3ef3d8224ae78e19a6b0d20b,2026-07-17T13:29:02.177870+00:00,completed
hight64_rkmp_controls_v1,analysis,HIGHT-64,hight64,cipher.hight,16,16,203,203,10000,64,128,0x4000000000000000,0x00000000000000000000000040000000,97,msb0,delta_C||C||C_star,grouped,shared,uint8,"[10000, 16, 192]",/mnt/d/#PROJECT_RKNDIncECA/Related-key-mcp-attention-Inception-based-ND/analysis_data/hight64_rkmp_controls_v1/analysis/hight64/r16/k16/seed203/D1_structured.npy,/mnt/d/#PROJECT_RKNDIncECA/Related-key-mcp-attention-Inception-based-ND/analysis_data/hight64_rkmp_controls_v1/analysis/hight64/r16/k16/seed203/D0_null.npy,/mnt/d/#PROJECT_RKNDIncECA/Related-key-mcp-attention-Inception-based-ND/analysis_data/hight64_rkmp_controls_v1/analysis/hight64/r16/k16/seed203/D1_labels.npy,/mnt/d/#PROJECT_RKNDIncECA/Related-key-mcp-attention-Inception-based-ND/analysis_data/hight64_rkmp_controls_v1/analysis/hight64/r16/k16/seed203/D0_labels.npy,/mnt/d/#PROJECT_RKNDIncECA/Related-key-mcp-attention-Inception-based-ND/analysis_data/hight64_rkmp_controls_v1/analysis/hight64/r16/k16/seed203/controls/D0_vs_D0/D0_control_a.npy,/mnt/d/#PROJECT_RKNDIncECA/Related-key-mcp-attention-Inception-based-ND/analysis_data/hight64_rkmp_controls_v1/analysis/hight64/r16/k16/seed203/controls/D0_vs_D0/D0_control_b.npy,/mnt/d/#PROJECT_RKNDIncECA/Related-key-mcp-attention-Inception-based-ND/analysis_data/hight64_rkmp_controls_v1/analysis/hight64/r16/k16/seed203/controls/D1_vs_D1/D1_control_a.npy,/mnt/d/#PROJECT_RKNDIncECA/Related-key-mcp-attention-Inception-based-ND/analysis_data/hight64_rkmp_controls_v1/analysis/hight64/r16/k16/seed203/controls/D1_vs_D1/D1_control_b.npy,/mnt/d/#PROJECT_RKNDIncECA/Related-key-mcp-attention-Inception-based-ND/analysis_data/hight64_rkmp_controls_v1/analysis/hight64/r16/k16/seed203/controls/pair_shuffled/D1_pair_shuffled.npy,1ba7e7fd59df7b6c0d240290f259c8c28bc7d02bb0dd60b260ab0a44caac6de1,0935ac8404071424627475198332def3c0671e663561778f97a75e416f10ae1a,9219e33ce5d7a58c396da30fa4b959fefd370a5ec3d4a7c707a33edaad5a8da9,554b6ce1ecee1d5fecc652dfc3a00e43e906a6a4e75a76f535bbc1e5f250c4fd,/mnt/d/#PROJECT_RKNDIncECA/Related-key-mcp-attention-Inception-based-ND/analysis_data/hight64_rkmp_controls_v1/analysis/hight64/r16/k16/seed203/run_config.json,/mnt/d/#PROJECT_RKNDIncECA/Related-key-mcp-attention-Inception-based-ND/analysis_data/hight64_rkmp_controls_v1/analysis/hight64/r16/k16/seed203/protocol_validation.json,/mnt/d/#PROJECT_RKNDIncECA/Related-key-mcp-attention-Inception-based-ND/analysis_data/hight64_rkmp_controls_v1/analysis/hight64/r16/k16/seed203/control_metadata.json,True,19.250638,215061152,1a58c3c74d2e2c3565c9936a1415b63cae778fdc08adce9efb7f67055be64a2c,2026-07-17T13:29:25.081543+00:00,completed
hight64_rkmp_controls_v1,analysis,HIGHT-64,hight64,cipher.hight,16,32,201,201,10000,64,128,0x4000000000000000,0x00000000000000000000000040000000,97,msb0,delta_C||C||C_star,grouped,shared,uint8,"[10000, 32, 192]",/mnt/d/#PROJECT_RKNDIncECA/Related-key-mcp-attention-Inception-based-ND/analysis_data/hight64_rkmp_controls_v1/analysis/hight64/r16/k32/seed201/D1_structured.npy,/mnt/d/#PROJECT_RKNDIncECA/Related-key-mcp-attention-Inception-based-ND/analysis_data/hight64_rkmp_controls_v1/analysis/hight64/r16/k32/seed201/D0_null.npy,/mnt/d/#PROJECT_RKNDIncECA/Related-key-mcp-attention-Inception-based-ND/analysis_data/hight64_rkmp_controls_v1/analysis/hight64/r16/k32/seed201/D1_labels.npy,/mnt/d/#PROJECT_RKNDIncECA/Related-key-mcp-attention-Inception-based-ND/analysis_data/hight64_rkmp_controls_v1/analysis/hight64/r16/k32/seed201/D0_labels.npy,/mnt/d/#PROJECT_RKNDIncECA/Related-key-mcp-attention-Inception-based-ND/analysis_data/hight64_rkmp_controls_v1/analysis/hight64/r16/k32/seed201/controls/D0_vs_D0/D0_control_a.npy,/mnt/d/#PROJECT_RKNDIncECA/Related-key-mcp-attention-Inception-based-ND/analysis_data/hight64_rkmp_controls_v1/analysis/hight64/r16/k32/seed201/controls/D0_vs_D0/D0_control_b.npy,/mnt/d/#PROJECT_RKNDIncECA/Related-key-mcp-attention-Inception-based-ND/analysis_data/hight64_rkmp_controls_v1/analysis/hight64/r16/k32/seed201/controls/D1_vs_D1/D1_control_a.npy,/mnt/d/#PROJECT_RKNDIncECA/Related-key-mcp-attention-Inception-based-ND/analysis_data/hight64_rkmp_controls_v1/analysis/hight64/r16/k32/seed201/controls/D1_vs_D1/D1_control_b.npy,/mnt/d/#PROJECT_RKNDIncECA/Related-key-mcp-attention-Inception-based-ND/analysis_data/hight64_rkmp_controls_v1/analysis/hight64/r16/k32/seed201/controls/pair_shuffled/D1_pair_shuffled.npy,78bd81cb08531bc6aa87292ad7baf7fc67e0821897b57591d3dcc3eaa69124e0,0be6950e52ae6329fec5cbd2e77fe90f40e77f1aa89884cc525e155e48c3a975,33eb89e12e4a774d9438ac0765d8dc0921d15cdb44c8dedb924f1230378c7697,07fa41b146e7f51aec03f0cab4e3029dc12418598c69f339bbf0db9fb2ed45b1,/mnt/d/#PROJECT_RKNDIncECA/Related-key-mcp-attention-Inception-based-ND/analysis_data/hight64_rkmp_controls_v1/analysis/hight64/r16/k32/seed201/run_config.json,/mnt/d/#PROJECT_RKNDIncECA/Related-key-mcp-attention-Inception-based-ND/analysis_data/hight64_rkmp_controls_v1/analysis/hight64/r16/k32/seed201/protocol_validation.json,/mnt/d/#PROJECT_RKNDIncECA/Related-key-mcp-attention-Inception-based-ND/analysis_data/hight64_rkmp_controls_v1/analysis/hight64/r16/k32/seed201/control_metadata.json,True,38.82245,430101152,4db83dce6dbca6440e5661a533ffa531cb9e06d529766d74b65d57eb28dffe2e,2026-07-17T13:30:07.556875+00:00,completed
hight64_rkmp_controls_v1,analysis,HIGHT-64,hight64,cipher.hight,16,32,202,202,10000,64,128,0x4000000000000000,0x00000000000000000000000040000000,97,msb0,delta_C||C||C_star,grouped,shared,uint8,"[10000, 32, 192]",/mnt/d/#PROJECT_RKNDIncECA/Related-key-mcp-attention-Inception-based-ND/analysis_data/hight64_rkmp_controls_v1/analysis/hight64/r16/k32/seed202/D1_structured.npy,/mnt/d/#PROJECT_RKNDIncECA/Related-key-mcp-attention-Inception-based-ND/analysis_data/hight64_rkmp_controls_v1/analysis/hight64/r16/k32/seed202/D0_null.npy,/mnt/d/#PROJECT_RKNDIncECA/Related-key-mcp-attention-Inception-based-ND/analysis_data/hight64_rkmp_controls_v1/analysis/hight64/r16/k32/seed202/D1_labels.npy,/mnt/d/#PROJECT_RKNDIncECA/Related-key-mcp-attention-Inception-based-ND/analysis_data/hight64_rkmp_controls_v1/analysis/hight64/r16/k32/seed202/D0_labels.npy,/mnt/d/#PROJECT_RKNDIncECA/Related-key-mcp-attention-Inception-based-ND/analysis_data/hight64_rkmp_controls_v1/analysis/hight64/r16/k32/seed202/controls/D0_vs_D0/D0_control_a.npy,/mnt/d/#PROJECT_RKNDIncECA/Related-key-mcp-attention-Inception-based-ND/analysis_data/hight64_rkmp_controls_v1/analysis/hight64/r16/k32/seed202/controls/D0_vs_D0/D0_control_b.npy,/mnt/d/#PROJECT_RKNDIncECA/Related-key-mcp-attention-Inception-based-ND/analysis_data/hight64_rkmp_controls_v1/analysis/hight64/r16/k32/seed202/controls/D1_vs_D1/D1_control_a.npy,/mnt/d/#PROJECT_RKNDIncECA/Related-key-mcp-attention-Inception-based-ND/analysis_data/hight64_rkmp_controls_v1/analysis/hight64/r16/k32/seed202/controls/D1_vs_D1/D1_control_b.npy,/mnt/d/#PROJECT_RKNDIncECA/Related-key-mcp-attention-Inception-based-ND/analysis_data/hight64_rkmp_controls_v1/analysis/hight64/r16/k32/seed202/controls/pair_shuffled/D1_pair_shuffled.npy,61730139a2a6c41dfbe59ea77fde5ea2d63238bdb62104b46ea8fe679b631519,7d79cdea79aef300871e5410a399919e4c0134887242ed27dd1bb23d4dead05e,083c34256066afaa4a52089ff6fc0897b0ac39523a065799b9159972bf313f29,053a8d7c7a2c4cb32af1f1d6a1d61bf5d9298432732d8296c0a42685848ce29e,/mnt/d/#PROJECT_RKNDIncECA/Related-key-mcp-attention-Inception-based-ND/analysis_data/hight64_rkmp_controls_v1/analysis/hight64/r16/k32/seed202/run_config.json,/mnt/d/#PROJECT_RKNDIncECA/Related-key-mcp-attention-Inception-based-ND/analysis_data/hight64_rkmp_controls_v1/analysis/hight64/r16/k32/seed202/protocol_validation.json,/mnt/d/#PROJECT_RKNDIncECA/Related-key-mcp-attention-Inception-based-ND/analysis_data/hight64_rkmp_controls_v1/analysis/hight64/r16/k32/seed202/control_metadata.json,True,39.072007,430101152,12556263571a854c0ee4f4d4e5aed63dbd970601c68de7d9a726434793ce02bc,2026-07-17T13:30:50.290354+00:00,completed
hight64_rkmp_controls_v1,analysis,HIGHT-64,hight64,cipher.hight,16,32,203,203,10000,64,128,0x4000000000000000,0x00000000000000000000000040000000,97,msb0,delta_C||C||C_star,grouped,shared,uint8,"[10000, 32, 192]",/mnt/d/#PROJECT_RKNDIncECA/Related-key-mcp-attention-Inception-based-ND/analysis_data/hight64_rkmp_controls_v1/analysis/hight64/r16/k32/seed203/D1_structured.npy,/mnt/d/#PROJECT_RKNDIncECA/Related-key-mcp-attention-Inception-based-ND/analysis_data/hight64_rkmp_controls_v1/analysis/hight64/r16/k32/seed203/D0_null.npy,/mnt/d/#PROJECT_RKNDIncECA/Related-key-mcp-attention-Inception-based-ND/analysis_data/hight64_rkmp_controls_v1/analysis/hight64/r16/k32/seed203/D1_labels.npy,/mnt/d/#PROJECT_RKNDIncECA/Related-key-mcp-attention-Inception-based-ND/analysis_data/hight64_rkmp_controls_v1/analysis/hight64/r16/k32/seed203/D0_labels.npy,/mnt/d/#PROJECT_RKNDIncECA/Related-key-mcp-attention-Inception-based-ND/analysis_data/hight64_rkmp_controls_v1/analysis/hight64/r16/k32/seed203/controls/D0_vs_D0/D0_control_a.npy,/mnt/d/#PROJECT_RKNDIncECA/Related-key-mcp-attention-Inception-based-ND/analysis_data/hight64_rkmp_controls_v1/analysis/hight64/r16/k32/seed203/controls/D0_vs_D0/D0_control_b.npy,/mnt/d/#PROJECT_RKNDIncECA/Related-key-mcp-attention-Inception-based-ND/analysis_data/hight64_rkmp_controls_v1/analysis/hight64/r16/k32/seed203/controls/D1_vs_D1/D1_control_a.npy,/mnt/d/#PROJECT_RKNDIncECA/Related-key-mcp-attention-Inception-based-ND/analysis_data/hight64_rkmp_controls_v1/analysis/hight64/r16/k32/seed203/controls/D1_vs_D1/D1_control_b.npy,/mnt/d/#PROJECT_RKNDIncECA/Related-key-mcp-attention-Inception-based-ND/analysis_data/hight64_rkmp_controls_v1/analysis/hight64/r16/k32/seed203/controls/pair_shuffled/D1_pair_shuffled.npy,983efcb9c7301f3c8448787c8c66cec3396a25a8186e9fdd68f37b91ae2c03c5,0c356e404b4d72cc660724c9f0066d88e4bbfca35db81e5abbd064290b766afa,8a6deea2568726d545d6ea4ccf3476bf6942412afb2b800a2fecf752a64781d7,489d69393ff31fe348f9e63ed736a43721d91bf088f75d844c822055764a1261,/mnt/d/#PROJECT_RKNDIncECA/Related-key-mcp-attention-Inception-based-ND/analysis_data/hight64_rkmp_controls_v1/analysis/hight64/r16/k32/seed203/run_config.json,/mnt/d/#PROJECT_RKNDIncECA/Related-key-mcp-attention-Inception-based-ND/analysis_data/hight64_rkmp_controls_v1/analysis/hight64/r16/k32/seed203/protocol_validation.json,/mnt/d/#PROJECT_RKNDIncECA/Related-key-mcp-attention-Inception-based-ND/analysis_data/hight64_rkmp_controls_v1/analysis/hight64/r16/k32/seed203/control_metadata.json,True,32.836054,430101152,2f75996d08118470ea3c5ca75ba9f39f5e251cf02e40823008cdcadb23d1481b,2026-07-17T13:31:26.763731+00:00,completed
