{
  "cipher": "hight",
  "scenario": "related-key",
  "rounds": 12,
  "pairs": 32,
  "input_difference": "0x4000000000000000",
  "input_diff_int": 4611686018427387904,
  "key_bit": 97,
  "samples": 20000,
  "pca_components": 16,
  "kmeans_k": 2,
  "use_gpu": true,
  "results": {
    "pca_explained_variance_ratio": [
      0.0012624424416571856,
      0.0003694573533721268,
      0.0003684386902023107,
      0.0003668952267616987,
      0.0003662998497020453,
      0.0003657886991277337,
      0.00036451598862186074,
      0.00036423455458134413,
      0.00036336694029159844,
      0.0003620054922066629
    ],
    "kmeans_inertia": 173409.25,
    "kmeans_silhouette": 0.1483614146709442,
    "accuracy_vs_true": 0.98345,
    "adjusted_rand_index": 0.934892355667664
  },
  "timing": {
    "total_seconds": 35.445189237594604,
    "data_generation_seconds": 5.505220174789429
  },
  "auto_sweep": {
    "used": false,
    "metric": null,
    "sweep_samples": null
  }
}