{
  "cipher": "lea",
  "scenario": "related-key",
  "rounds": 7,
  "pairs": 1,
  "input_difference": "0x8000000080",
  "input_diff_int": 549755814016,
  "key_bit": 94,
  "samples": 20000,
  "pca_components": 16,
  "kmeans_k": 2,
  "use_gpu": true,
  "results": {
    "pca_explained_variance_ratio": [
      0.00859361793845892,
      0.003861389122903347,
      0.003786134999245405,
      0.003705039620399475,
      0.0036649180110543966,
      0.003627257188782096,
      0.0035397738683968782,
      0.0034612242598086596,
      0.003426826559007168,
      0.0034187398850917816
    ],
    "kmeans_inertia": 104752.03125,
    "kmeans_silhouette": 0.1206975132226944,
    "accuracy_vs_true": 0.2023,
    "adjusted_rand_index": 0.3544715815915562
  },
  "timing": {
    "total_seconds": 44.72418665885925,
    "data_generation_seconds": 4.865448951721191
  },
  "auto_sweep": {
    "used": false,
    "metric": null,
    "sweep_samples": null
  }
}