round,best_bit,best_score,max_score,mean_score,all_scores_json
1,0,0.8962177038192749,0.8962177038192749,0.8959785103797913,"{""0"": 0.8962177038192749, ""1"": 0.8957933783531189, ""2"": 0.8957341909408569, ""3"": 0.8961898684501648, ""4"": 0.8961982131004333, ""5"": 0.8961033225059509, ""6"": 0.8960689306259155, ""7"": 0.8955224752426147}"
2,3,0.890921413898468,0.890921413898468,0.8902534693479538,"{""0"": 0.8898279070854187, ""1"": 0.8908726572990417, ""2"": 0.8903282284736633, ""3"": 0.890921413898468, ""4"": 0.8901048898696899, ""5"": 0.8898376226425171, ""6"": 0.8900707960128784, ""7"": 0.8900642395019531}"
3,4,0.8522644639015198,0.8522644639015198,0.8512833714485168,"{""0"": 0.8519279360771179, ""1"": 0.8508920073509216, ""2"": 0.8497799634933472, ""3"": 0.8500248193740845, ""4"": 0.8522644639015198, ""5"": 0.8519734144210815, ""6"": 0.8519420623779297, ""7"": 0.8514623045921326}"
4,2,0.7605485320091248,0.7605485320091248,0.759308472275734,"{""0"": 0.7593714594841003, ""1"": 0.7595653533935547, ""2"": 0.7605485320091248, ""3"": 0.7597083449363708, ""4"": 0.7599768042564392, ""5"": 0.7575107216835022, ""6"": 0.7596006989479065, ""7"": 0.758185863494873}"
5,3,0.4640556573867798,0.4640556573867798,0.45510559529066086,"{""0"": 0.4501248598098755, ""1"": 0.45415249466896057, ""2"": 0.4571627974510193, ""3"": 0.4640556573867798, ""4"": 0.45673057436943054, ""5"": 0.4572822153568268, ""6"": 0.44633007049560547, ""7"": 0.45500609278678894}"
6,4,0.0006971199181862175,0.0006971199181862175,0.00010738810487964656,"{""0"": 0.00013293983647599816, ""1"": -0.00019360824080649763, ""2"": 5.0398826715536416e-05, ""3"": 0.0006173718720674515, ""4"": 0.0006971199181862175, ""5"": -0.00014681307948194444, ""6"": -0.0002149412321159616, ""7"": -8.336306200362742e-05}"
