{
  "cipher": "hight",
  "scenario": "related-key",
  "rounds": 15,
  "pairs": 2,
  "input_difference": "0x4000000000000000",
  "input_diff_int": 4611686018427387904,
  "key_bit": 97,
  "samples": 20000,
  "pca_components": 16,
  "kmeans_k": 2,
  "use_gpu": true,
  "results": {
    "pca_explained_variance_ratio": [
      0.0032223353628069162,
      0.0032047501299530268,
      0.00318866316229105,
      0.0031694150529801846,
      0.003153629833832383,
      0.0031448586378246546,
      0.0031357118859887123,
      0.003119896864518523,
      0.003114395309239626,
      0.0031023332849144936
    ],
    "kmeans_inertia": 91883.296875,
    "kmeans_silhouette": 0.040984075516462326,
    "accuracy_vs_true": 0.5005,
    "adjusted_rand_index": -4.9003028208637044e-05
  },
  "timing": {
    "total_seconds": 41.1612594127655,
    "data_generation_seconds": 3.9555089473724365
  },
  "auto_sweep": {
    "used": false,
    "metric": null,
    "sweep_samples": null
  }
}