{
  "cipher": "lea",
  "scenario": "related-key",
  "rounds": 8,
  "pairs": 32,
  "input_difference": "0x8000000080",
  "input_diff_int": 549755814016,
  "key_bit": 94,
  "samples": 20000,
  "pca_components": 16,
  "kmeans_k": 2,
  "use_gpu": true,
  "results": {
    "pca_explained_variance_ratio": [
      0.0005217854049988091,
      0.0002422953984932974,
      0.00024141914036590606,
      0.0002404383267275989,
      0.00024008119362406433,
      0.00023969518952071667,
      0.0002389167493674904,
      0.00023882299137767404,
      0.00023851048899814487,
      0.0002380424994044006
    ],
    "kmeans_inertia": 227009.5,
    "kmeans_silhouette": 0.0985432043671608,
    "accuracy_vs_true": 0.1253,
    "adjusted_rand_index": 0.5615794835317187
  },
  "timing": {
    "total_seconds": 43.13024020195007,
    "data_generation_seconds": 8.054557085037231
  },
  "auto_sweep": {
    "used": false,
    "metric": null,
    "sweep_samples": null
  }
}