{
  "cipher": "hight",
  "scenario": "related-key",
  "rounds": 12,
  "pairs": 1,
  "input_difference": "0x4000000000000000",
  "input_diff_int": 4611686018427387904,
  "key_bit": 97,
  "samples": 20000,
  "pca_components": 16,
  "kmeans_k": 2,
  "use_gpu": true,
  "results": {
    "pca_explained_variance_ratio": [
      0.007591323461383581,
      0.006617638748139143,
      0.00652798218652606,
      0.006260049995034933,
      0.006216180045157671,
      0.006078081205487251,
      0.006017644423991442,
      0.005943491589277983,
      0.005910911131650209,
      0.00587437441572547
    ],
    "kmeans_inertia": 88715.015625,
    "kmeans_silhouette": 0.05531712621450424,
    "accuracy_vs_true": 0.37155,
    "adjusted_rand_index": 0.06595147551535134
  },
  "timing": {
    "total_seconds": 43.38485145568848,
    "data_generation_seconds": 3.0771303176879883
  },
  "auto_sweep": {
    "used": false,
    "metric": null,
    "sweep_samples": null
  }
}