{
  "cipher": "lea",
  "scenario": "related-key",
  "rounds": 7,
  "pairs": 16,
  "input_difference": "0x8000000080",
  "input_diff_int": 549755814016,
  "key_bit": 94,
  "samples": 20000,
  "pca_components": 16,
  "kmeans_k": 2,
  "use_gpu": true,
  "results": {
    "pca_explained_variance_ratio": [
      0.005011183675378561,
      0.0010916701285168529,
      0.00040618181810714304,
      0.00038607383612543344,
      0.0003846733598038554,
      0.0003804394509643316,
      0.0003777979873120785,
      0.0003771978954318911,
      0.00037502305349335074,
      0.00037390977377071977
    ],
    "kmeans_inertia": 207254.515625,
    "kmeans_silhouette": 0.36347267031669617,
    "accuracy_vs_true": 0.0708,
    "adjusted_rand_index": 0.7368376650661159
  },
  "timing": {
    "total_seconds": 38.16257333755493,
    "data_generation_seconds": 4.558130979537964
  },
  "auto_sweep": {
    "used": false,
    "metric": null,
    "sweep_samples": null
  }
}