{
  "cipher": "hight",
  "scenario": "related-key",
  "rounds": 13,
  "pairs": 8,
  "input_difference": "0x4000000000000000",
  "input_diff_int": 4611686018427387904,
  "key_bit": 97,
  "samples": 20000,
  "pca_components": 16,
  "kmeans_k": 2,
  "use_gpu": true,
  "results": {
    "pca_explained_variance_ratio": [
      0.001013501430861652,
      0.0010055543389171362,
      0.0009992277482524514,
      0.0009907714556902647,
      0.000990268075838685,
      0.0009869878413155675,
      0.000980439130216837,
      0.0009775424841791391,
      0.0009743656264618039,
      0.0009703157120384276
    ],
    "kmeans_inertia": 115300.984375,
    "kmeans_silhouette": 0.041063737124204636,
    "accuracy_vs_true": 0.49055,
    "adjusted_rand_index": 0.0003072229222736404
  },
  "timing": {
    "total_seconds": 50.315515995025635,
    "data_generation_seconds": 3.67842435836792
  },
  "auto_sweep": {
    "used": false,
    "metric": null,
    "sweep_samples": null
  }
}