{
  "cipher": "hight",
  "scenario": "related-key",
  "rounds": 11,
  "pairs": 1,
  "input_difference": "0x4000000000000000",
  "input_diff_int": 4611686018427387904,
  "key_bit": 97,
  "samples": 20000,
  "pca_components": 16,
  "kmeans_k": 2,
  "use_gpu": true,
  "results": {
    "pca_explained_variance_ratio": [
      0.020136965438723564,
      0.00697636092081666,
      0.006857546977698803,
      0.006811058148741722,
      0.006727939937263727,
      0.006719681899994612,
      0.006608602590858936,
      0.006586742587387562,
      0.006505800411105156,
      0.006442769896239042
    ],
    "kmeans_inertia": 96433.1875,
    "kmeans_silhouette": 0.1978188306093216,
    "accuracy_vs_true": 0.25945,
    "adjusted_rand_index": 0.2314273157811107
  },
  "timing": {
    "total_seconds": 33.34695887565613,
    "data_generation_seconds": 2.973191976547241
  },
  "auto_sweep": {
    "used": false,
    "metric": null,
    "sweep_samples": null
  }
}