{
  "cipher": "simmeck3264",
  "scenario": "related-key",
  "rounds": 15,
  "pairs": 32,
  "input_difference": "0x40",
  "input_diff_int": 64,
  "key_bit": 57,
  "samples": 20000,
  "pca_components": 16,
  "kmeans_k": 2,
  "use_gpu": true,
  "results": {
    "pca_explained_variance_ratio": [
      0.00059446383966133,
      0.0005897347000427544,
      0.000588589406106621,
      0.0005863112164661288,
      0.0005846847780048847,
      0.000582150649279356,
      0.0005813001771457493,
      0.0005797403282485902,
      0.0005778080085292459,
      0.0005763823864981532
    ],
    "kmeans_inertia": 136571.828125,
    "kmeans_silhouette": 0.04100864753127098,
    "accuracy_vs_true": 0.498,
    "adjusted_rand_index": -3.4004000393238524e-05
  },
  "timing": {
    "total_seconds": 49.60067081451416,
    "data_generation_seconds": 4.8673577308654785
  },
  "auto_sweep": {
    "used": false,
    "metric": null,
    "sweep_samples": null
  }
}