{
  "cipher": "lea",
  "scenario": "related-key",
  "rounds": 10,
  "pairs": 32,
  "input_difference": "0x8000000080",
  "input_diff_int": 549755814016,
  "key_bit": 94,
  "samples": 20000,
  "pca_components": 16,
  "kmeans_k": 2,
  "use_gpu": true,
  "results": {
    "pca_explained_variance_ratio": [
      0.00024250333080999553,
      0.00024138826120179147,
      0.0002410304150544107,
      0.00024043425219133496,
      0.00023945096472743899,
      0.00023916542704682797,
      0.00023859985230956227,
      0.00023844937095418572,
      0.00023768180108163506,
      0.0002373303286731243
    ],
    "kmeans_inertia": 224516.28125,
    "kmeans_silhouette": 0.04080135375261307,
    "accuracy_vs_true": 0.49205,
    "adjusted_rand_index": 0.00020282520498622736
  },
  "timing": {
    "total_seconds": 43.35948157310486,
    "data_generation_seconds": 6.900400161743164
  },
  "auto_sweep": {
    "used": false,
    "metric": null,
    "sweep_samples": null
  }
}