{
  "cipher": "hight",
  "scenario": "related-key",
  "rounds": 13,
  "pairs": 32,
  "input_difference": "0x4000000000000000",
  "input_diff_int": 4611686018427387904,
  "key_bit": 97,
  "samples": 20000,
  "pca_components": 16,
  "kmeans_k": 2,
  "use_gpu": true,
  "results": {
    "pca_explained_variance_ratio": [
      0.0003697631764225662,
      0.0003672079474199563,
      0.000366145686712116,
      0.00036515743704512715,
      0.0003645046381279826,
      0.00036320555955171585,
      0.00036248558899387717,
      0.00036150802043266594,
      0.00036073403316549957,
      0.0003595539601519704
    ],
    "kmeans_inertia": 170317.171875,
    "kmeans_silhouette": 0.04097028076648712,
    "accuracy_vs_true": 0.51455,
    "adjusted_rand_index": 0.0007968473847061983
  },
  "timing": {
    "total_seconds": 36.64540696144104,
    "data_generation_seconds": 5.459667205810547
  },
  "auto_sweep": {
    "used": false,
    "metric": null,
    "sweep_samples": null
  }
}