{
  "cipher": "hight",
  "scenario": "related-key",
  "rounds": 13,
  "pairs": 16,
  "input_difference": "0x4000000000000000",
  "input_diff_int": 4611686018427387904,
  "key_bit": 97,
  "samples": 20000,
  "pca_components": 16,
  "kmeans_k": 2,
  "use_gpu": true,
  "results": {
    "pca_explained_variance_ratio": [
      0.0005971177597530186,
      0.0005954647203907371,
      0.0005881986580789089,
      0.0005868856096640229,
      0.0005842694663442671,
      0.0005822928505949676,
      0.0005812383606098592,
      0.0005801249644719064,
      0.0005781073705293238,
      0.0005764696397818625
    ],
    "kmeans_inertia": 136639.34375,
    "kmeans_silhouette": 0.0413929745554924,
    "accuracy_vs_true": 0.4934,
    "adjusted_rand_index": 0.00012424443435373088
  },
  "timing": {
    "total_seconds": 51.436845541000366,
    "data_generation_seconds": 4.576128959655762
  },
  "auto_sweep": {
    "used": false,
    "metric": null,
    "sweep_samples": null
  }
}