{
  "cipher": "present80",
  "scenario": "related-key",
  "rounds": 9,
  "pairs": 32,
  "input_difference": "0x0000000000000080",
  "input_diff_int": 128,
  "key_bit": 56,
  "samples": 20000,
  "pca_components": 16,
  "kmeans_k": 2,
  "use_gpu": true,
  "results": {
    "pca_explained_variance_ratio": [
      0.00036846482544206083,
      0.000367196393199265,
      0.00036654502036981285,
      0.0003653673338703811,
      0.00036434680805541575,
      0.000364089326467365,
      0.0003623419033829123,
      0.00036153069231659174,
      0.0003607472754083574,
      0.00036045763408765197
    ],
    "kmeans_inertia": 170590.84375,
    "kmeans_silhouette": 0.04065868631005287,
    "accuracy_vs_true": 0.48905,
    "adjusted_rand_index": 0.0004296351408673194
  },
  "timing": {
    "total_seconds": 35.21342945098877,
    "data_generation_seconds": 3.5716805458068848
  },
  "auto_sweep": {
    "used": false,
    "metric": null,
    "sweep_samples": null
  }
}