{
  "cipher": "hight",
  "scenario": "related-key",
  "rounds": 13,
  "pairs": 2,
  "input_difference": "0x4000000000000000",
  "input_diff_int": 4611686018427387904,
  "key_bit": 97,
  "samples": 20000,
  "pca_components": 16,
  "kmeans_k": 2,
  "use_gpu": true,
  "results": {
    "pca_explained_variance_ratio": [
      0.003251337679103017,
      0.003234471194446087,
      0.003183564869686961,
      0.0031809189822524786,
      0.0031676259823143482,
      0.0031522412318736315,
      0.003115573897957802,
      0.0031085654627531767,
      0.0031011959072202444,
      0.003095354652032256
    ],
    "kmeans_inertia": 91839.1328125,
    "kmeans_silhouette": 0.04163970798254013,
    "accuracy_vs_true": 0.49245,
    "adjusted_rand_index": 0.0001780232451060305
  },
  "timing": {
    "total_seconds": 33.757972240448,
    "data_generation_seconds": 2.7318365573883057
  },
  "auto_sweep": {
    "used": false,
    "metric": null,
    "sweep_samples": null
  }
}