{
  "cipher": "lea",
  "scenario": "related-key",
  "rounds": 8,
  "pairs": 2,
  "input_difference": "0x8000000080",
  "input_diff_int": 549755814016,
  "key_bit": 94,
  "samples": 20000,
  "pca_components": 16,
  "kmeans_k": 2,
  "use_gpu": true,
  "results": {
    "pca_explained_variance_ratio": [
      0.0020651340018957853,
      0.0017871008021757007,
      0.0017790340352803469,
      0.0017639201832935214,
      0.0017603518208488822,
      0.0017580033745616674,
      0.0017419684445485473,
      0.00173570669721812,
      0.0017333850264549255,
      0.0017252346733585
    ],
    "kmeans_inertia": 102794.25,
    "kmeans_silhouette": 0.046727098524570465,
    "accuracy_vs_true": 0.3699,
    "adjusted_rand_index": 0.06765767722278157
  },
  "timing": {
    "total_seconds": 41.56271266937256,
    "data_generation_seconds": 2.838207721710205
  },
  "auto_sweep": {
    "used": false,
    "metric": null,
    "sweep_samples": null
  }
}