{
  "cipher": "present80",
  "scenario": "related-key",
  "rounds": 6,
  "pairs": 32,
  "input_difference": "0x0000000000000080",
  "input_diff_int": 128,
  "key_bit": 56,
  "samples": 20000,
  "pca_components": 16,
  "kmeans_k": 2,
  "use_gpu": true,
  "results": {
    "pca_explained_variance_ratio": [
      0.02154526486992836,
      0.000746401259675622,
      0.0007429383113048971,
      0.0007377260481007397,
      0.0007334124529734254,
      0.0007263876032084227,
      0.0007224026485346258,
      0.0007195935468189418,
      0.0007176368380896747,
      0.0007145674899220467
    ],
    "kmeans_inertia": 329124.5,
    "kmeans_silhouette": 0.5869200825691223,
    "accuracy_vs_true": 0.0,
    "adjusted_rand_index": 1.0
  },
  "timing": {
    "total_seconds": 51.864057302474976,
    "data_generation_seconds": 5.114983558654785
  },
  "auto_sweep": {
    "used": false,
    "metric": null,
    "sweep_samples": null
  }
}