estimator_study_id,source_study_id,study_id,domain,cipher,round,k,seed,control_type,n_samples_total,pca_components,explained_variance_sum,projection_id,sample_selection_hash,pair_shuffle_k1_identical,mmd2,mmd_permutation_p,mmd_permutation_null_median,mmd_permutation_null_q95,mmd_control_null_median,mmd_excess_null,mmd_kernel,mmd_bandwidth,mmd_bandwidth_scope,mmd_samples_per_distribution,source_config_hash,estimator_protocol_hash,estimator_job_hash,status
present80_projected_mmd_full,present80_rkmp_controls_v1,present80_rkmp_controls_v1,analysis,PRESENT-80,6,1,201,D0_vs_D0,10000,16,0.1796288639307022,2b012b8266e3befd26b0e43b711deaa72ebe4eb631a8461775e5a2eec7f02b38,e17494764a0b70d71507941c0870a216154a356e6eed2a4bcdcd75a1fdd00e85,False,0.005523976869881153,0.3,0.004767686128616333,0.006837810995057225,0.006596536375582218,-0.001072559505701065,rbf,4.139685153961182,shared_main_reference,100,8cb4824302c994b87db5c07232328068c9b0cd7d803ea1c24e74782473f19762,771e89cf815df46c8da5ad2ee77b8821252e3e42ae1a5eb861b2a9d4c267d94a,6b52cef27e09ef5aec53ba87d50df67af1a5549efb997b7377b0801137d9c53c,completed
present80_projected_mmd_full,present80_rkmp_controls_v1,present80_rkmp_controls_v1,analysis,PRESENT-80,6,1,201,D1_vs_D0,10000,16,0.1796288639307022,2b012b8266e3befd26b0e43b711deaa72ebe4eb631a8461775e5a2eec7f02b38,e17494764a0b70d71507941c0870a216154a356e6eed2a4bcdcd75a1fdd00e85,False,0.1847422868013382,0.05,0.00664001889526844,0.009172720462083814,0.006596536375582218,0.17814575042575598,rbf,4.139685153961182,shared_main_reference,100,8cb4824302c994b87db5c07232328068c9b0cd7d803ea1c24e74782473f19762,771e89cf815df46c8da5ad2ee77b8821252e3e42ae1a5eb861b2a9d4c267d94a,6b52cef27e09ef5aec53ba87d50df67af1a5549efb997b7377b0801137d9c53c,completed
present80_projected_mmd_full,present80_rkmp_controls_v1,present80_rkmp_controls_v1,analysis,PRESENT-80,6,1,201,D1_vs_D1,10000,16,0.1796288639307022,2b012b8266e3befd26b0e43b711deaa72ebe4eb631a8461775e5a2eec7f02b38,e17494764a0b70d71507941c0870a216154a356e6eed2a4bcdcd75a1fdd00e85,False,0.007669095881283283,0.65,0.008623452857136726,0.01239220574498176,0.006596536375582218,0.001072559505701065,rbf,4.139685153961182,shared_main_reference,100,8cb4824302c994b87db5c07232328068c9b0cd7d803ea1c24e74782473f19762,771e89cf815df46c8da5ad2ee77b8821252e3e42ae1a5eb861b2a9d4c267d94a,6b52cef27e09ef5aec53ba87d50df67af1a5549efb997b7377b0801137d9c53c,completed
present80_projected_mmd_full,present80_rkmp_controls_v1,present80_rkmp_controls_v1,analysis,PRESENT-80,6,1,201,pair_shuffled,10000,16,0.1796288639307022,2b012b8266e3befd26b0e43b711deaa72ebe4eb631a8461775e5a2eec7f02b38,e17494764a0b70d71507941c0870a216154a356e6eed2a4bcdcd75a1fdd00e85,False,0.1730019897222519,0.05,0.007791707292199135,0.01149150440469384,0.006596536375582218,0.16640545334666967,rbf,4.139685153961182,shared_main_reference,100,8cb4824302c994b87db5c07232328068c9b0cd7d803ea1c24e74782473f19762,771e89cf815df46c8da5ad2ee77b8821252e3e42ae1a5eb861b2a9d4c267d94a,6b52cef27e09ef5aec53ba87d50df67af1a5549efb997b7377b0801137d9c53c,completed
present80_projected_mmd_full,present80_rkmp_controls_v1,present80_rkmp_controls_v1,analysis,PRESENT-80,6,1,202,D0_vs_D0,10000,16,0.17889150977134705,071805a879cedf3001c63ebafe6d76c0c7560cf3a33f3f3b8a04190507bb1828,e17494764a0b70d71507941c0870a216154a356e6eed2a4bcdcd75a1fdd00e85,False,0.005052363965660334,0.25,0.003913846332579851,0.006617158185690638,0.007767389295622706,-0.0027150253299623728,rbf,4.151300430297852,shared_main_reference,100,00a64b799856d394cec1b56c8d793489b13e12e9f76c6f10e39ef76b38da034f,771e89cf815df46c8da5ad2ee77b8821252e3e42ae1a5eb861b2a9d4c267d94a,99fec90d648436d4794ff09c1ab3e3e67e944e763dbbdabd045383ce36ec666c,completed
present80_projected_mmd_full,present80_rkmp_controls_v1,present80_rkmp_controls_v1,analysis,PRESENT-80,6,1,202,D1_vs_D0,10000,16,0.17889150977134705,071805a879cedf3001c63ebafe6d76c0c7560cf3a33f3f3b8a04190507bb1828,e17494764a0b70d71507941c0870a216154a356e6eed2a4bcdcd75a1fdd00e85,False,0.1637788563966751,0.05,0.006610940210521221,0.010021533537656068,0.007767389295622706,0.1560114671010524,rbf,4.151300430297852,shared_main_reference,100,00a64b799856d394cec1b56c8d793489b13e12e9f76c6f10e39ef76b38da034f,771e89cf815df46c8da5ad2ee77b8821252e3e42ae1a5eb861b2a9d4c267d94a,99fec90d648436d4794ff09c1ab3e3e67e944e763dbbdabd045383ce36ec666c,completed
present80_projected_mmd_full,present80_rkmp_controls_v1,present80_rkmp_controls_v1,analysis,PRESENT-80,6,1,202,D1_vs_D1,10000,16,0.17889150977134705,071805a879cedf3001c63ebafe6d76c0c7560cf3a33f3f3b8a04190507bb1828,e17494764a0b70d71507941c0870a216154a356e6eed2a4bcdcd75a1fdd00e85,False,0.01048241462558508,0.25,0.008274512365460396,0.011230649240314958,0.007767389295622706,0.0027150253299623728,rbf,4.151300430297852,shared_main_reference,100,00a64b799856d394cec1b56c8d793489b13e12e9f76c6f10e39ef76b38da034f,771e89cf815df46c8da5ad2ee77b8821252e3e42ae1a5eb861b2a9d4c267d94a,99fec90d648436d4794ff09c1ab3e3e67e944e763dbbdabd045383ce36ec666c,completed
present80_projected_mmd_full,present80_rkmp_controls_v1,present80_rkmp_controls_v1,analysis,PRESENT-80,6,1,202,pair_shuffled,10000,16,0.17889150977134705,071805a879cedf3001c63ebafe6d76c0c7560cf3a33f3f3b8a04190507bb1828,e17494764a0b70d71507941c0870a216154a356e6eed2a4bcdcd75a1fdd00e85,False,0.1538548320531845,0.05,0.006680326536297798,0.010451722797006364,0.007767389295622706,0.1460874427575618,rbf,4.151300430297852,shared_main_reference,100,00a64b799856d394cec1b56c8d793489b13e12e9f76c6f10e39ef76b38da034f,771e89cf815df46c8da5ad2ee77b8821252e3e42ae1a5eb861b2a9d4c267d94a,99fec90d648436d4794ff09c1ab3e3e67e944e763dbbdabd045383ce36ec666c,completed
present80_projected_mmd_full,present80_rkmp_controls_v1,present80_rkmp_controls_v1,analysis,PRESENT-80,6,1,203,D0_vs_D0,10000,16,0.1794435679912567,9438c6304c9de8943edcbf5919a2ce86824f48f8767373bb806f703dc440500c,e17494764a0b70d71507941c0870a216154a356e6eed2a4bcdcd75a1fdd00e85,False,0.0029382610227912664,0.8,0.0037796550896018744,0.005501597234979268,0.007212032447569072,-0.004273771424777806,rbf,4.157676696777344,shared_main_reference,100,92f767740d0108e64499e79933a5b49a000b0db14e83faa4d9d329586fb7b1a1,771e89cf815df46c8da5ad2ee77b8821252e3e42ae1a5eb861b2a9d4c267d94a,f334aff5668f65ab17466ce5f1f81f066dedd81640dfaeb7f217db25d29fbc70,completed
present80_projected_mmd_full,present80_rkmp_controls_v1,present80_rkmp_controls_v1,analysis,PRESENT-80,6,1,203,D1_vs_D0,10000,16,0.1794435679912567,9438c6304c9de8943edcbf5919a2ce86824f48f8767373bb806f703dc440500c,e17494764a0b70d71507941c0870a216154a356e6eed2a4bcdcd75a1fdd00e85,False,0.1565028727054596,0.05,0.0066705141216516495,0.010371771454811093,0.007212032447569072,0.14929084025789052,rbf,4.157676696777344,shared_main_reference,100,92f767740d0108e64499e79933a5b49a000b0db14e83faa4d9d329586fb7b1a1,771e89cf815df46c8da5ad2ee77b8821252e3e42ae1a5eb861b2a9d4c267d94a,f334aff5668f65ab17466ce5f1f81f066dedd81640dfaeb7f217db25d29fbc70,completed
present80_projected_mmd_full,present80_rkmp_controls_v1,present80_rkmp_controls_v1,analysis,PRESENT-80,6,1,203,D1_vs_D1,10000,16,0.1794435679912567,9438c6304c9de8943edcbf5919a2ce86824f48f8767373bb806f703dc440500c,e17494764a0b70d71507941c0870a216154a356e6eed2a4bcdcd75a1fdd00e85,False,0.011485803872346878,0.1,0.007677367422729731,0.01141280177980661,0.007212032447569072,0.004273771424777806,rbf,4.157676696777344,shared_main_reference,100,92f767740d0108e64499e79933a5b49a000b0db14e83faa4d9d329586fb7b1a1,771e89cf815df46c8da5ad2ee77b8821252e3e42ae1a5eb861b2a9d4c267d94a,f334aff5668f65ab17466ce5f1f81f066dedd81640dfaeb7f217db25d29fbc70,completed
present80_projected_mmd_full,present80_rkmp_controls_v1,present80_rkmp_controls_v1,analysis,PRESENT-80,6,1,203,pair_shuffled,10000,16,0.1794435679912567,9438c6304c9de8943edcbf5919a2ce86824f48f8767373bb806f703dc440500c,e17494764a0b70d71507941c0870a216154a356e6eed2a4bcdcd75a1fdd00e85,False,0.15861938893795013,0.05,0.007515890058130026,0.009960272721946238,0.007212032447569072,0.15140735649038106,rbf,4.157676696777344,shared_main_reference,100,92f767740d0108e64499e79933a5b49a000b0db14e83faa4d9d329586fb7b1a1,771e89cf815df46c8da5ad2ee77b8821252e3e42ae1a5eb861b2a9d4c267d94a,f334aff5668f65ab17466ce5f1f81f066dedd81640dfaeb7f217db25d29fbc70,completed
present80_projected_mmd_full,present80_rkmp_controls_v1,present80_rkmp_controls_v1,analysis,PRESENT-80,6,2,201,D0_vs_D0,10000,16,0.11924552917480469,d8505c6ba416eef684ddfcd7145bc8d208280eeee16f240efa5325244ef66633,e17494764a0b70d71507941c0870a216154a356e6eed2a4bcdcd75a1fdd00e85,,0.002170850755646825,0.9,0.003183230757713318,0.005052231391891837,0.0047471459256485105,-0.0025762951700016856,rbf,4.917510986328125,shared_main_reference,100,7cc1b49000737fa030df88a4c6798ab32b7908c7362aacccdfea70851971e9a3,771e89cf815df46c8da5ad2ee77b8821252e3e42ae1a5eb861b2a9d4c267d94a,c81ffd018b1f6d4c916866501b1aea8f3866b9061045b52fd49a644258f92812,completed
present80_projected_mmd_full,present80_rkmp_controls_v1,present80_rkmp_controls_v1,analysis,PRESENT-80,6,2,201,D1_vs_D0,10000,16,0.11924552917480469,d8505c6ba416eef684ddfcd7145bc8d208280eeee16f240efa5325244ef66633,e17494764a0b70d71507941c0870a216154a356e6eed2a4bcdcd75a1fdd00e85,,0.235073059797287,0.05,0.007628340739756823,0.008955497480928894,0.0047471459256485105,0.23032591387163848,rbf,4.917510986328125,shared_main_reference,100,7cc1b49000737fa030df88a4c6798ab32b7908c7362aacccdfea70851971e9a3,771e89cf815df46c8da5ad2ee77b8821252e3e42ae1a5eb861b2a9d4c267d94a,c81ffd018b1f6d4c916866501b1aea8f3866b9061045b52fd49a644258f92812,completed
present80_projected_mmd_full,present80_rkmp_controls_v1,present80_rkmp_controls_v1,analysis,PRESENT-80,6,2,201,D1_vs_D1,10000,16,0.11924552917480469,d8505c6ba416eef684ddfcd7145bc8d208280eeee16f240efa5325244ef66633,e17494764a0b70d71507941c0870a216154a356e6eed2a4bcdcd75a1fdd00e85,,0.007323441095650196,0.7,0.008622195571660995,0.011862466298043727,0.0047471459256485105,0.0025762951700016856,rbf,4.917510986328125,shared_main_reference,100,7cc1b49000737fa030df88a4c6798ab32b7908c7362aacccdfea70851971e9a3,771e89cf815df46c8da5ad2ee77b8821252e3e42ae1a5eb861b2a9d4c267d94a,c81ffd018b1f6d4c916866501b1aea8f3866b9061045b52fd49a644258f92812,completed
present80_projected_mmd_full,present80_rkmp_controls_v1,present80_rkmp_controls_v1,analysis,PRESENT-80,6,2,201,pair_shuffled,10000,16,0.11924552917480469,d8505c6ba416eef684ddfcd7145bc8d208280eeee16f240efa5325244ef66633,e17494764a0b70d71507941c0870a216154a356e6eed2a4bcdcd75a1fdd00e85,,0.2153858244419098,0.05,0.006505677942186594,0.011225810181349515,0.0047471459256485105,0.21063867851626128,rbf,4.917510986328125,shared_main_reference,100,7cc1b49000737fa030df88a4c6798ab32b7908c7362aacccdfea70851971e9a3,771e89cf815df46c8da5ad2ee77b8821252e3e42ae1a5eb861b2a9d4c267d94a,c81ffd018b1f6d4c916866501b1aea8f3866b9061045b52fd49a644258f92812,completed
present80_projected_mmd_full,present80_rkmp_controls_v1,present80_rkmp_controls_v1,analysis,PRESENT-80,6,2,202,D0_vs_D0,10000,16,0.11912563443183899,ac8f5cae774d64428997c9daa62418ba9e091dbbc61d3f7b736d3cf07f191864,e17494764a0b70d71507941c0870a216154a356e6eed2a4bcdcd75a1fdd00e85,,0.003798624500632286,0.2,0.0029567896854132414,0.005197210796177383,0.005860043689608574,-0.002061419188976288,rbf,4.9071855545043945,shared_main_reference,100,f3a452a03025a16037990388abcfba0c602613165502ba37500c3ab7a9c1af4b,771e89cf815df46c8da5ad2ee77b8821252e3e42ae1a5eb861b2a9d4c267d94a,05e55c202d424b88cd59664b70eb170237ae6107f9ffda590471c390f9b930f8,completed
present80_projected_mmd_full,present80_rkmp_controls_v1,present80_rkmp_controls_v1,analysis,PRESENT-80,6,2,202,D1_vs_D0,10000,16,0.11912563443183899,ac8f5cae774d64428997c9daa62418ba9e091dbbc61d3f7b736d3cf07f191864,e17494764a0b70d71507941c0870a216154a356e6eed2a4bcdcd75a1fdd00e85,,0.24379631876945496,0.05,0.0059717013500630856,0.012985755596309899,0.005860043689608574,0.23793627507984638,rbf,4.9071855545043945,shared_main_reference,100,f3a452a03025a16037990388abcfba0c602613165502ba37500c3ab7a9c1af4b,771e89cf815df46c8da5ad2ee77b8821252e3e42ae1a5eb861b2a9d4c267d94a,05e55c202d424b88cd59664b70eb170237ae6107f9ffda590471c390f9b930f8,completed
present80_projected_mmd_full,present80_rkmp_controls_v1,present80_rkmp_controls_v1,analysis,PRESENT-80,6,2,202,D1_vs_D1,10000,16,0.11912563443183899,ac8f5cae774d64428997c9daa62418ba9e091dbbc61d3f7b736d3cf07f191864,e17494764a0b70d71507941c0870a216154a356e6eed2a4bcdcd75a1fdd00e85,,0.007921462878584862,0.5,0.007916716858744621,0.012994930613785977,0.005860043689608574,0.002061419188976288,rbf,4.9071855545043945,shared_main_reference,100,f3a452a03025a16037990388abcfba0c602613165502ba37500c3ab7a9c1af4b,771e89cf815df46c8da5ad2ee77b8821252e3e42ae1a5eb861b2a9d4c267d94a,05e55c202d424b88cd59664b70eb170237ae6107f9ffda590471c390f9b930f8,completed
present80_projected_mmd_full,present80_rkmp_controls_v1,present80_rkmp_controls_v1,analysis,PRESENT-80,6,2,202,pair_shuffled,10000,16,0.11912563443183899,ac8f5cae774d64428997c9daa62418ba9e091dbbc61d3f7b736d3cf07f191864,e17494764a0b70d71507941c0870a216154a356e6eed2a4bcdcd75a1fdd00e85,,0.23889891803264618,0.05,0.005572130903601646,0.01085649589076638,0.005860043689608574,0.2330388743430376,rbf,4.9071855545043945,shared_main_reference,100,f3a452a03025a16037990388abcfba0c602613165502ba37500c3ab7a9c1af4b,771e89cf815df46c8da5ad2ee77b8821252e3e42ae1a5eb861b2a9d4c267d94a,05e55c202d424b88cd59664b70eb170237ae6107f9ffda590471c390f9b930f8,completed
present80_projected_mmd_full,present80_rkmp_controls_v1,present80_rkmp_controls_v1,analysis,PRESENT-80,6,2,203,D0_vs_D0,10000,16,0.11887293308973312,a98998b6d7273243d3e054be157da351901a4e1527bd5cca6fb858fa094dd2d2,e17494764a0b70d71507941c0870a216154a356e6eed2a4bcdcd75a1fdd00e85,,0.002315180841833353,0.85,0.0028382292948663235,0.0045472394675016405,0.005965160904452205,-0.0036499800626188517,rbf,4.897688865661621,shared_main_reference,100,01a70c40a70e877a23d777d4f03b07dbe0fd9d4fb3959569e50857933a94a736,771e89cf815df46c8da5ad2ee77b8821252e3e42ae1a5eb861b2a9d4c267d94a,a638ed496e468cc1de3c5c86ddb94123be585ca288e908737be3c7a950d4706e,completed
present80_projected_mmd_full,present80_rkmp_controls_v1,present80_rkmp_controls_v1,analysis,PRESENT-80,6,2,203,D1_vs_D0,10000,16,0.11887293308973312,a98998b6d7273243d3e054be157da351901a4e1527bd5cca6fb858fa094dd2d2,e17494764a0b70d71507941c0870a216154a356e6eed2a4bcdcd75a1fdd00e85,,0.2607085704803467,0.05,0.006764759309589863,0.010916488897055387,0.005965160904452205,0.2547434095758945,rbf,4.897688865661621,shared_main_reference,100,01a70c40a70e877a23d777d4f03b07dbe0fd9d4fb3959569e50857933a94a736,771e89cf815df46c8da5ad2ee77b8821252e3e42ae1a5eb861b2a9d4c267d94a,a638ed496e468cc1de3c5c86ddb94123be585ca288e908737be3c7a950d4706e,completed
present80_projected_mmd_full,present80_rkmp_controls_v1,present80_rkmp_controls_v1,analysis,PRESENT-80,6,2,203,D1_vs_D1,10000,16,0.11887293308973312,a98998b6d7273243d3e054be157da351901a4e1527bd5cca6fb858fa094dd2d2,e17494764a0b70d71507941c0870a216154a356e6eed2a4bcdcd75a1fdd00e85,,0.009615140967071056,0.35,0.008512191474437714,0.01213148422539234,0.005965160904452205,0.0036499800626188517,rbf,4.897688865661621,shared_main_reference,100,01a70c40a70e877a23d777d4f03b07dbe0fd9d4fb3959569e50857933a94a736,771e89cf815df46c8da5ad2ee77b8821252e3e42ae1a5eb861b2a9d4c267d94a,a638ed496e468cc1de3c5c86ddb94123be585ca288e908737be3c7a950d4706e,completed
present80_projected_mmd_full,present80_rkmp_controls_v1,present80_rkmp_controls_v1,analysis,PRESENT-80,6,2,203,pair_shuffled,10000,16,0.11887293308973312,a98998b6d7273243d3e054be157da351901a4e1527bd5cca6fb858fa094dd2d2,e17494764a0b70d71507941c0870a216154a356e6eed2a4bcdcd75a1fdd00e85,,0.23202989995479584,0.05,0.005695778410881758,0.011648227460682392,0.005965160904452205,0.22606473905034363,rbf,4.897688865661621,shared_main_reference,100,01a70c40a70e877a23d777d4f03b07dbe0fd9d4fb3959569e50857933a94a736,771e89cf815df46c8da5ad2ee77b8821252e3e42ae1a5eb861b2a9d4c267d94a,a638ed496e468cc1de3c5c86ddb94123be585ca288e908737be3c7a950d4706e,completed
present80_projected_mmd_full,present80_rkmp_controls_v1,present80_rkmp_controls_v1,analysis,PRESENT-80,6,4,201,D0_vs_D0,10000,16,0.08042141795158386,c6666b7d525487e737290fb21cc45bfd20e6d92874695aa1c384dea9295d1abf,e17494764a0b70d71507941c0870a216154a356e6eed2a4bcdcd75a1fdd00e85,,0.0027201673947274685,0.15,0.0021876362152397633,0.0031884089345112386,0.006043079541996121,-0.003322912147268653,rbf,5.819578170776367,shared_main_reference,100,d21ee05d9faf61be93e003a6023061db962d47b8adb788936f88bbf27e01e119,771e89cf815df46c8da5ad2ee77b8821252e3e42ae1a5eb861b2a9d4c267d94a,72bf97d863630247e09c3db2e37b6d0868a31e6e4ff60682f7f44f4399d597f9,completed
present80_projected_mmd_full,present80_rkmp_controls_v1,present80_rkmp_controls_v1,analysis,PRESENT-80,6,4,201,D1_vs_D0,10000,16,0.08042141795158386,c6666b7d525487e737290fb21cc45bfd20e6d92874695aa1c384dea9295d1abf,e17494764a0b70d71507941c0870a216154a356e6eed2a4bcdcd75a1fdd00e85,,0.3399120271205902,0.05,0.005840230733156204,0.009716653078794477,0.006043079541996121,0.3338689475785941,rbf,5.819578170776367,shared_main_reference,100,d21ee05d9faf61be93e003a6023061db962d47b8adb788936f88bbf27e01e119,771e89cf815df46c8da5ad2ee77b8821252e3e42ae1a5eb861b2a9d4c267d94a,72bf97d863630247e09c3db2e37b6d0868a31e6e4ff60682f7f44f4399d597f9,completed
present80_projected_mmd_full,present80_rkmp_controls_v1,present80_rkmp_controls_v1,analysis,PRESENT-80,6,4,201,D1_vs_D1,10000,16,0.08042141795158386,c6666b7d525487e737290fb21cc45bfd20e6d92874695aa1c384dea9295d1abf,e17494764a0b70d71507941c0870a216154a356e6eed2a4bcdcd75a1fdd00e85,,0.009365991689264774,0.25,0.007840815000236034,0.014808955416083333,0.006043079541996121,0.003322912147268653,rbf,5.819578170776367,shared_main_reference,100,d21ee05d9faf61be93e003a6023061db962d47b8adb788936f88bbf27e01e119,771e89cf815df46c8da5ad2ee77b8821252e3e42ae1a5eb861b2a9d4c267d94a,72bf97d863630247e09c3db2e37b6d0868a31e6e4ff60682f7f44f4399d597f9,completed
present80_projected_mmd_full,present80_rkmp_controls_v1,present80_rkmp_controls_v1,analysis,PRESENT-80,6,4,201,pair_shuffled,10000,16,0.08042141795158386,c6666b7d525487e737290fb21cc45bfd20e6d92874695aa1c384dea9295d1abf,e17494764a0b70d71507941c0870a216154a356e6eed2a4bcdcd75a1fdd00e85,,0.33643943071365356,0.05,0.005779180210083723,0.010057890694588414,0.006043079541996121,0.33039635117165744,rbf,5.819578170776367,shared_main_reference,100,d21ee05d9faf61be93e003a6023061db962d47b8adb788936f88bbf27e01e119,771e89cf815df46c8da5ad2ee77b8821252e3e42ae1a5eb861b2a9d4c267d94a,72bf97d863630247e09c3db2e37b6d0868a31e6e4ff60682f7f44f4399d597f9,completed
present80_projected_mmd_full,present80_rkmp_controls_v1,present80_rkmp_controls_v1,analysis,PRESENT-80,6,4,202,D0_vs_D0,10000,16,0.08048777282238007,a1b5655af322d87e2458bc310ca9e8f1c20ea928c387e3b908d7aa8ff5b9814b,e17494764a0b70d71507941c0870a216154a356e6eed2a4bcdcd75a1fdd00e85,,0.001245484221726656,0.95,0.0019570104777812958,0.0032882806612178675,0.0032931920140981674,-0.0020477077923715115,rbf,5.820269584655762,shared_main_reference,100,176936495d8cb6d936225d0477ab8cc64cde3c2031b11df715706548fae91b42,771e89cf815df46c8da5ad2ee77b8821252e3e42ae1a5eb861b2a9d4c267d94a,dbb4fedf8afa5ad81487f45e73bb203e2b6a77d5e4a5fcaf8468648cc2bbae0e,completed
present80_projected_mmd_full,present80_rkmp_controls_v1,present80_rkmp_controls_v1,analysis,PRESENT-80,6,4,202,D1_vs_D0,10000,16,0.08048777282238007,a1b5655af322d87e2458bc310ca9e8f1c20ea928c387e3b908d7aa8ff5b9814b,e17494764a0b70d71507941c0870a216154a356e6eed2a4bcdcd75a1fdd00e85,,0.3162500262260437,0.05,0.005611133761703968,0.009219817444682121,0.0032931920140981674,0.31295683421194553,rbf,5.820269584655762,shared_main_reference,100,176936495d8cb6d936225d0477ab8cc64cde3c2031b11df715706548fae91b42,771e89cf815df46c8da5ad2ee77b8821252e3e42ae1a5eb861b2a9d4c267d94a,dbb4fedf8afa5ad81487f45e73bb203e2b6a77d5e4a5fcaf8468648cc2bbae0e,completed
present80_projected_mmd_full,present80_rkmp_controls_v1,present80_rkmp_controls_v1,analysis,PRESENT-80,6,4,202,D1_vs_D1,10000,16,0.08048777282238007,a1b5655af322d87e2458bc310ca9e8f1c20ea928c387e3b908d7aa8ff5b9814b,e17494764a0b70d71507941c0870a216154a356e6eed2a4bcdcd75a1fdd00e85,,0.005340899806469679,0.75,0.0061383661814033985,0.008484905213117596,0.0032931920140981674,0.0020477077923715115,rbf,5.820269584655762,shared_main_reference,100,176936495d8cb6d936225d0477ab8cc64cde3c2031b11df715706548fae91b42,771e89cf815df46c8da5ad2ee77b8821252e3e42ae1a5eb861b2a9d4c267d94a,dbb4fedf8afa5ad81487f45e73bb203e2b6a77d5e4a5fcaf8468648cc2bbae0e,completed
present80_projected_mmd_full,present80_rkmp_controls_v1,present80_rkmp_controls_v1,analysis,PRESENT-80,6,4,202,pair_shuffled,10000,16,0.08048777282238007,a1b5655af322d87e2458bc310ca9e8f1c20ea928c387e3b908d7aa8ff5b9814b,e17494764a0b70d71507941c0870a216154a356e6eed2a4bcdcd75a1fdd00e85,,0.34703555703163147,0.05,0.0055362205021083355,0.009249593131244177,0.0032931920140981674,0.3437423650175333,rbf,5.820269584655762,shared_main_reference,100,176936495d8cb6d936225d0477ab8cc64cde3c2031b11df715706548fae91b42,771e89cf815df46c8da5ad2ee77b8821252e3e42ae1a5eb861b2a9d4c267d94a,dbb4fedf8afa5ad81487f45e73bb203e2b6a77d5e4a5fcaf8468648cc2bbae0e,completed
present80_projected_mmd_full,present80_rkmp_controls_v1,present80_rkmp_controls_v1,analysis,PRESENT-80,6,4,203,D0_vs_D0,10000,16,0.08057629317045212,fb787a137e86e8f83e39c35918a8b1bcf51f415fa0bbc366870a97a12460acd7,e17494764a0b70d71507941c0870a216154a356e6eed2a4bcdcd75a1fdd00e85,,0.001789552392438054,0.8,0.002423620317131281,0.0038400653284043056,0.00418915378395468,-0.002399601391516626,rbf,5.780632972717285,shared_main_reference,100,75d5125dca8eb8bbe6e8c3281ea16521393aaaa162012a7d65d643564c37f918,771e89cf815df46c8da5ad2ee77b8821252e3e42ae1a5eb861b2a9d4c267d94a,12c7f21126186998e7fc0b2323ef6e64f8d4fdffa415bb8b38fce609609ea148,completed
present80_projected_mmd_full,present80_rkmp_controls_v1,present80_rkmp_controls_v1,analysis,PRESENT-80,6,4,203,D1_vs_D0,10000,16,0.08057629317045212,fb787a137e86e8f83e39c35918a8b1bcf51f415fa0bbc366870a97a12460acd7,e17494764a0b70d71507941c0870a216154a356e6eed2a4bcdcd75a1fdd00e85,,0.347732275724411,0.05,0.0060910615138709545,0.010222814045846457,0.00418915378395468,0.34354312194045633,rbf,5.780632972717285,shared_main_reference,100,75d5125dca8eb8bbe6e8c3281ea16521393aaaa162012a7d65d643564c37f918,771e89cf815df46c8da5ad2ee77b8821252e3e42ae1a5eb861b2a9d4c267d94a,12c7f21126186998e7fc0b2323ef6e64f8d4fdffa415bb8b38fce609609ea148,completed
present80_projected_mmd_full,present80_rkmp_controls_v1,present80_rkmp_controls_v1,analysis,PRESENT-80,6,4,203,D1_vs_D1,10000,16,0.08057629317045212,fb787a137e86e8f83e39c35918a8b1bcf51f415fa0bbc366870a97a12460acd7,e17494764a0b70d71507941c0870a216154a356e6eed2a4bcdcd75a1fdd00e85,,0.006588755175471306,0.75,0.0068390038795769215,0.011923919897526497,0.00418915378395468,0.002399601391516626,rbf,5.780632972717285,shared_main_reference,100,75d5125dca8eb8bbe6e8c3281ea16521393aaaa162012a7d65d643564c37f918,771e89cf815df46c8da5ad2ee77b8821252e3e42ae1a5eb861b2a9d4c267d94a,12c7f21126186998e7fc0b2323ef6e64f8d4fdffa415bb8b38fce609609ea148,completed
present80_projected_mmd_full,present80_rkmp_controls_v1,present80_rkmp_controls_v1,analysis,PRESENT-80,6,4,203,pair_shuffled,10000,16,0.08057629317045212,fb787a137e86e8f83e39c35918a8b1bcf51f415fa0bbc366870a97a12460acd7,e17494764a0b70d71507941c0870a216154a356e6eed2a4bcdcd75a1fdd00e85,,0.3217780888080597,0.05,0.005799924489110708,0.011897604539990421,0.00418915378395468,0.317588935024105,rbf,5.780632972717285,shared_main_reference,100,75d5125dca8eb8bbe6e8c3281ea16521393aaaa162012a7d65d643564c37f918,771e89cf815df46c8da5ad2ee77b8821252e3e42ae1a5eb861b2a9d4c267d94a,12c7f21126186998e7fc0b2323ef6e64f8d4fdffa415bb8b38fce609609ea148,completed
present80_projected_mmd_full,present80_rkmp_controls_v1,present80_rkmp_controls_v1,analysis,PRESENT-80,6,8,201,D0_vs_D0,10000,16,0.056445978581905365,78127201e5f134f59a50540aeac63d8a3391a580279305ddf7a1f4e1d4316e85,e17494764a0b70d71507941c0870a216154a356e6eed2a4bcdcd75a1fdd00e85,,0.0022258092649281025,0.1,0.0016377235297113657,0.002010573120787739,0.006541573675349355,-0.004315764410421252,rbf,6.985507011413574,shared_main_reference,100,ce39e565e3d1100b348c02972a3ce2c74573803add08b37e391b4222f931db88,771e89cf815df46c8da5ad2ee77b8821252e3e42ae1a5eb861b2a9d4c267d94a,36805e82fc4653579f81f8173db1195b077ba12a26f7fb99796bd5df36daa927,completed
present80_projected_mmd_full,present80_rkmp_controls_v1,present80_rkmp_controls_v1,analysis,PRESENT-80,6,8,201,D1_vs_D0,10000,16,0.056445978581905365,78127201e5f134f59a50540aeac63d8a3391a580279305ddf7a1f4e1d4316e85,e17494764a0b70d71507941c0870a216154a356e6eed2a4bcdcd75a1fdd00e85,,0.4683460593223572,0.05,0.004835013300180435,0.010284408833831542,0.006541573675349355,0.4618044856470078,rbf,6.985507011413574,shared_main_reference,100,ce39e565e3d1100b348c02972a3ce2c74573803add08b37e391b4222f931db88,771e89cf815df46c8da5ad2ee77b8821252e3e42ae1a5eb861b2a9d4c267d94a,36805e82fc4653579f81f8173db1195b077ba12a26f7fb99796bd5df36daa927,completed
present80_projected_mmd_full,present80_rkmp_controls_v1,present80_rkmp_controls_v1,analysis,PRESENT-80,6,8,201,D1_vs_D1,10000,16,0.056445978581905365,78127201e5f134f59a50540aeac63d8a3391a580279305ddf7a1f4e1d4316e85,e17494764a0b70d71507941c0870a216154a356e6eed2a4bcdcd75a1fdd00e85,,0.010857338085770607,0.1,0.00524846650660038,0.009830648452043528,0.006541573675349355,0.004315764410421252,rbf,6.985507011413574,shared_main_reference,100,ce39e565e3d1100b348c02972a3ce2c74573803add08b37e391b4222f931db88,771e89cf815df46c8da5ad2ee77b8821252e3e42ae1a5eb861b2a9d4c267d94a,36805e82fc4653579f81f8173db1195b077ba12a26f7fb99796bd5df36daa927,completed
present80_projected_mmd_full,present80_rkmp_controls_v1,present80_rkmp_controls_v1,analysis,PRESENT-80,6,8,201,pair_shuffled,10000,16,0.056445978581905365,78127201e5f134f59a50540aeac63d8a3391a580279305ddf7a1f4e1d4316e85,e17494764a0b70d71507941c0870a216154a356e6eed2a4bcdcd75a1fdd00e85,,0.46643131971359253,0.05,0.005509398877620697,0.00951333642005919,0.006541573675349355,0.4598897460382432,rbf,6.985507011413574,shared_main_reference,100,ce39e565e3d1100b348c02972a3ce2c74573803add08b37e391b4222f931db88,771e89cf815df46c8da5ad2ee77b8821252e3e42ae1a5eb861b2a9d4c267d94a,36805e82fc4653579f81f8173db1195b077ba12a26f7fb99796bd5df36daa927,completed
present80_projected_mmd_full,present80_rkmp_controls_v1,present80_rkmp_controls_v1,analysis,PRESENT-80,6,8,202,D0_vs_D0,10000,16,0.05641348659992218,7d60bc19c2e07a903c402738455bfa958c227edb580a77ffdb0f8defd7356bbe,e17494764a0b70d71507941c0870a216154a356e6eed2a4bcdcd75a1fdd00e85,,0.0014900661772117019,0.75,0.0017602805746719241,0.002490650583058596,0.0030452266219072044,-0.0015551604446955025,rbf,6.9727678298950195,shared_main_reference,100,551bd1506501a570fa3f0808dc0707abec7d807353fbeb822707152ec9b8a6fd,771e89cf815df46c8da5ad2ee77b8821252e3e42ae1a5eb861b2a9d4c267d94a,31c92dc873d335d09359fc99aefe60db6534d19092fdfd866c9b0c33d77979ed,completed
present80_projected_mmd_full,present80_rkmp_controls_v1,present80_rkmp_controls_v1,analysis,PRESENT-80,6,8,202,D1_vs_D0,10000,16,0.05641348659992218,7d60bc19c2e07a903c402738455bfa958c227edb580a77ffdb0f8defd7356bbe,e17494764a0b70d71507941c0870a216154a356e6eed2a4bcdcd75a1fdd00e85,,0.45277050137519836,0.05,0.006515826098620892,0.011526735406368971,0.0030452266219072044,0.44972527475329116,rbf,6.9727678298950195,shared_main_reference,100,551bd1506501a570fa3f0808dc0707abec7d807353fbeb822707152ec9b8a6fd,771e89cf815df46c8da5ad2ee77b8821252e3e42ae1a5eb861b2a9d4c267d94a,31c92dc873d335d09359fc99aefe60db6534d19092fdfd866c9b0c33d77979ed,completed
present80_projected_mmd_full,present80_rkmp_controls_v1,present80_rkmp_controls_v1,analysis,PRESENT-80,6,8,202,D1_vs_D1,10000,16,0.05641348659992218,7d60bc19c2e07a903c402738455bfa958c227edb580a77ffdb0f8defd7356bbe,e17494764a0b70d71507941c0870a216154a356e6eed2a4bcdcd75a1fdd00e85,,0.004600387066602707,0.85,0.005747118499130011,0.008555856160819525,0.0030452266219072044,0.0015551604446955025,rbf,6.9727678298950195,shared_main_reference,100,551bd1506501a570fa3f0808dc0707abec7d807353fbeb822707152ec9b8a6fd,771e89cf815df46c8da5ad2ee77b8821252e3e42ae1a5eb861b2a9d4c267d94a,31c92dc873d335d09359fc99aefe60db6534d19092fdfd866c9b0c33d77979ed,completed
present80_projected_mmd_full,present80_rkmp_controls_v1,present80_rkmp_controls_v1,analysis,PRESENT-80,6,8,202,pair_shuffled,10000,16,0.05641348659992218,7d60bc19c2e07a903c402738455bfa958c227edb580a77ffdb0f8defd7356bbe,e17494764a0b70d71507941c0870a216154a356e6eed2a4bcdcd75a1fdd00e85,,0.46134161949157715,0.05,0.005643795244395733,0.009656184725463377,0.0030452266219072044,0.45829639286966994,rbf,6.9727678298950195,shared_main_reference,100,551bd1506501a570fa3f0808dc0707abec7d807353fbeb822707152ec9b8a6fd,771e89cf815df46c8da5ad2ee77b8821252e3e42ae1a5eb861b2a9d4c267d94a,31c92dc873d335d09359fc99aefe60db6534d19092fdfd866c9b0c33d77979ed,completed
present80_projected_mmd_full,present80_rkmp_controls_v1,present80_rkmp_controls_v1,analysis,PRESENT-80,6,8,203,D0_vs_D0,10000,16,0.056546565145254135,a2fe781e3d3a462d5febb3e805c3cd489a188fc7eb491bccb1f7d4cc62c09e8a,e17494764a0b70d71507941c0870a216154a356e6eed2a4bcdcd75a1fdd00e85,,0.0012408171314746141,0.85,0.001552371308207512,0.0023668007226660837,0.004032315104268491,-0.002791497972793877,rbf,6.983621120452881,shared_main_reference,100,d6fbef02411b37d5f2ea2a7d319b62140069ee5b238c440475a4ddd99af4d888,771e89cf815df46c8da5ad2ee77b8821252e3e42ae1a5eb861b2a9d4c267d94a,459e2948b522eb9e9e9e88dd681d77780482923fe4523b2b71cb4d1a3c66ddfa,completed
present80_projected_mmd_full,present80_rkmp_controls_v1,present80_rkmp_controls_v1,analysis,PRESENT-80,6,8,203,D1_vs_D0,10000,16,0.056546565145254135,a2fe781e3d3a462d5febb3e805c3cd489a188fc7eb491bccb1f7d4cc62c09e8a,e17494764a0b70d71507941c0870a216154a356e6eed2a4bcdcd75a1fdd00e85,,0.46446898579597473,0.05,0.005659264512360096,0.010520746838301417,0.004032315104268491,0.46043667069170624,rbf,6.983621120452881,shared_main_reference,100,d6fbef02411b37d5f2ea2a7d319b62140069ee5b238c440475a4ddd99af4d888,771e89cf815df46c8da5ad2ee77b8821252e3e42ae1a5eb861b2a9d4c267d94a,459e2948b522eb9e9e9e88dd681d77780482923fe4523b2b71cb4d1a3c66ddfa,completed
present80_projected_mmd_full,present80_rkmp_controls_v1,present80_rkmp_controls_v1,analysis,PRESENT-80,6,8,203,D1_vs_D1,10000,16,0.056546565145254135,a2fe781e3d3a462d5febb3e805c3cd489a188fc7eb491bccb1f7d4cc62c09e8a,e17494764a0b70d71507941c0870a216154a356e6eed2a4bcdcd75a1fdd00e85,,0.006823813077062368,0.2,0.00539964996278286,0.010520279314368936,0.004032315104268491,0.002791497972793877,rbf,6.983621120452881,shared_main_reference,100,d6fbef02411b37d5f2ea2a7d319b62140069ee5b238c440475a4ddd99af4d888,771e89cf815df46c8da5ad2ee77b8821252e3e42ae1a5eb861b2a9d4c267d94a,459e2948b522eb9e9e9e88dd681d77780482923fe4523b2b71cb4d1a3c66ddfa,completed
present80_projected_mmd_full,present80_rkmp_controls_v1,present80_rkmp_controls_v1,analysis,PRESENT-80,6,8,203,pair_shuffled,10000,16,0.056546565145254135,a2fe781e3d3a462d5febb3e805c3cd489a188fc7eb491bccb1f7d4cc62c09e8a,e17494764a0b70d71507941c0870a216154a356e6eed2a4bcdcd75a1fdd00e85,,0.4592885673046112,0.05,0.004976721480488777,0.010635736212134355,0.004032315104268491,0.4552562522003427,rbf,6.983621120452881,shared_main_reference,100,d6fbef02411b37d5f2ea2a7d319b62140069ee5b238c440475a4ddd99af4d888,771e89cf815df46c8da5ad2ee77b8821252e3e42ae1a5eb861b2a9d4c267d94a,459e2948b522eb9e9e9e88dd681d77780482923fe4523b2b71cb4d1a3c66ddfa,completed
present80_projected_mmd_full,present80_rkmp_controls_v1,present80_rkmp_controls_v1,analysis,PRESENT-80,6,16,201,D0_vs_D0,10000,16,0.04287540912628174,a089f15db6a441238cfa4283d428ab77eb15dd9e199ddfd119b71e77682e7dee,e17494764a0b70d71507941c0870a216154a356e6eed2a4bcdcd75a1fdd00e85,,0.0008252242696471512,0.85,0.0010632288176566362,0.0014911577105522155,0.0034480135946068913,-0.00262278932495974,rbf,8.686409950256348,shared_main_reference,100,6d4c044615e80cf7c077db931f0d647c4f6a531fa2bac76ecdcb77ccbe5ab28e,771e89cf815df46c8da5ad2ee77b8821252e3e42ae1a5eb861b2a9d4c267d94a,e42acd105d4cf826271b88989780d1e8703324214390a197e2eba1cc158ca8dd,completed
present80_projected_mmd_full,present80_rkmp_controls_v1,present80_rkmp_controls_v1,analysis,PRESENT-80,6,16,201,D1_vs_D0,10000,16,0.04287540912628174,a089f15db6a441238cfa4283d428ab77eb15dd9e199ddfd119b71e77682e7dee,e17494764a0b70d71507941c0870a216154a356e6eed2a4bcdcd75a1fdd00e85,,0.599346935749054,0.05,0.004855138715356588,0.013355887215584514,0.0034480135946068913,0.5958989221544471,rbf,8.686409950256348,shared_main_reference,100,6d4c044615e80cf7c077db931f0d647c4f6a531fa2bac76ecdcb77ccbe5ab28e,771e89cf815df46c8da5ad2ee77b8821252e3e42ae1a5eb861b2a9d4c267d94a,e42acd105d4cf826271b88989780d1e8703324214390a197e2eba1cc158ca8dd,completed
present80_projected_mmd_full,present80_rkmp_controls_v1,present80_rkmp_controls_v1,analysis,PRESENT-80,6,16,201,D1_vs_D1,10000,16,0.04287540912628174,a089f15db6a441238cfa4283d428ab77eb15dd9e199ddfd119b71e77682e7dee,e17494764a0b70d71507941c0870a216154a356e6eed2a4bcdcd75a1fdd00e85,,0.006070802919566631,0.25,0.005345836281776428,0.008285544905811548,0.0034480135946068913,0.00262278932495974,rbf,8.686409950256348,shared_main_reference,100,6d4c044615e80cf7c077db931f0d647c4f6a531fa2bac76ecdcb77ccbe5ab28e,771e89cf815df46c8da5ad2ee77b8821252e3e42ae1a5eb861b2a9d4c267d94a,e42acd105d4cf826271b88989780d1e8703324214390a197e2eba1cc158ca8dd,completed
present80_projected_mmd_full,present80_rkmp_controls_v1,present80_rkmp_controls_v1,analysis,PRESENT-80,6,16,201,pair_shuffled,10000,16,0.04287540912628174,a089f15db6a441238cfa4283d428ab77eb15dd9e199ddfd119b71e77682e7dee,e17494764a0b70d71507941c0870a216154a356e6eed2a4bcdcd75a1fdd00e85,,0.5978278517723083,0.05,0.004401348531246185,0.009713834337890128,0.0034480135946068913,0.5943798381777015,rbf,8.686409950256348,shared_main_reference,100,6d4c044615e80cf7c077db931f0d647c4f6a531fa2bac76ecdcb77ccbe5ab28e,771e89cf815df46c8da5ad2ee77b8821252e3e42ae1a5eb861b2a9d4c267d94a,e42acd105d4cf826271b88989780d1e8703324214390a197e2eba1cc158ca8dd,completed
present80_projected_mmd_full,present80_rkmp_controls_v1,present80_rkmp_controls_v1,analysis,PRESENT-80,6,16,202,D0_vs_D0,10000,16,0.0429529994726181,2ba2aba2dc8f3ba55db134a491e5113927156863a54ae1ae940cd06551b0203e,e17494764a0b70d71507941c0870a216154a356e6eed2a4bcdcd75a1fdd00e85,,0.000956432253587991,0.5,0.0008672588737681508,0.0013527803355827925,0.0030491840152535588,-0.0020927517616655678,rbf,8.710578918457031,shared_main_reference,100,51701db906eeabeb14e16c80e78914b2d8054f3c9c31b92feb9f8a5b1adf5faf,771e89cf815df46c8da5ad2ee77b8821252e3e42ae1a5eb861b2a9d4c267d94a,de2b57da817a740b9125bb96ff9703b8a8e8e3796c1c0911ede5bf3c85a83ffc,completed
present80_projected_mmd_full,present80_rkmp_controls_v1,present80_rkmp_controls_v1,analysis,PRESENT-80,6,16,202,D1_vs_D0,10000,16,0.0429529994726181,2ba2aba2dc8f3ba55db134a491e5113927156863a54ae1ae940cd06551b0203e,e17494764a0b70d71507941c0870a216154a356e6eed2a4bcdcd75a1fdd00e85,,0.5898810625076294,0.05,0.004869752563536167,0.013024879246950142,0.0030491840152535588,0.5868318784923758,rbf,8.710578918457031,shared_main_reference,100,51701db906eeabeb14e16c80e78914b2d8054f3c9c31b92feb9f8a5b1adf5faf,771e89cf815df46c8da5ad2ee77b8821252e3e42ae1a5eb861b2a9d4c267d94a,de2b57da817a740b9125bb96ff9703b8a8e8e3796c1c0911ede5bf3c85a83ffc,completed
present80_projected_mmd_full,present80_rkmp_controls_v1,present80_rkmp_controls_v1,analysis,PRESENT-80,6,16,202,D1_vs_D1,10000,16,0.0429529994726181,2ba2aba2dc8f3ba55db134a491e5113927156863a54ae1ae940cd06551b0203e,e17494764a0b70d71507941c0870a216154a356e6eed2a4bcdcd75a1fdd00e85,,0.0051419357769191265,0.4,0.003928407561033964,0.006939995056018232,0.0030491840152535588,0.0020927517616655678,rbf,8.710578918457031,shared_main_reference,100,51701db906eeabeb14e16c80e78914b2d8054f3c9c31b92feb9f8a5b1adf5faf,771e89cf815df46c8da5ad2ee77b8821252e3e42ae1a5eb861b2a9d4c267d94a,de2b57da817a740b9125bb96ff9703b8a8e8e3796c1c0911ede5bf3c85a83ffc,completed
present80_projected_mmd_full,present80_rkmp_controls_v1,present80_rkmp_controls_v1,analysis,PRESENT-80,6,16,202,pair_shuffled,10000,16,0.0429529994726181,2ba2aba2dc8f3ba55db134a491e5113927156863a54ae1ae940cd06551b0203e,e17494764a0b70d71507941c0870a216154a356e6eed2a4bcdcd75a1fdd00e85,,0.5951269268989563,0.05,0.004087657202035189,0.01071966597810386,0.0030491840152535588,0.5920777428837027,rbf,8.710578918457031,shared_main_reference,100,51701db906eeabeb14e16c80e78914b2d8054f3c9c31b92feb9f8a5b1adf5faf,771e89cf815df46c8da5ad2ee77b8821252e3e42ae1a5eb861b2a9d4c267d94a,de2b57da817a740b9125bb96ff9703b8a8e8e3796c1c0911ede5bf3c85a83ffc,completed
present80_projected_mmd_full,present80_rkmp_controls_v1,present80_rkmp_controls_v1,analysis,PRESENT-80,6,16,203,D0_vs_D0,10000,16,0.042834918946027756,37efe9bde25d6fe4040a7b7e8dee431cda38568e25734235bc2288c9e6b24dee,e17494764a0b70d71507941c0870a216154a356e6eed2a4bcdcd75a1fdd00e85,,0.0013013464631512761,0.35,0.0011192046804353595,0.001940772368106991,0.002830839541275054,-0.001529493078123778,rbf,8.635503768920898,shared_main_reference,100,bb82116cc1176b410fa7b04f1667cb2be7ff2a989d8c876611eca0ca392d810d,771e89cf815df46c8da5ad2ee77b8821252e3e42ae1a5eb861b2a9d4c267d94a,2a1f09d4a4e81d2e1bfdd0f11b0eb31457445e42d9dc58582ae374eb98381ae4,completed
present80_projected_mmd_full,present80_rkmp_controls_v1,present80_rkmp_controls_v1,analysis,PRESENT-80,6,16,203,D1_vs_D0,10000,16,0.042834918946027756,37efe9bde25d6fe4040a7b7e8dee431cda38568e25734235bc2288c9e6b24dee,e17494764a0b70d71507941c0870a216154a356e6eed2a4bcdcd75a1fdd00e85,,0.5937113165855408,0.05,0.004620003513991833,0.011710801720619198,0.002830839541275054,0.5908804770442657,rbf,8.635503768920898,shared_main_reference,100,bb82116cc1176b410fa7b04f1667cb2be7ff2a989d8c876611eca0ca392d810d,771e89cf815df46c8da5ad2ee77b8821252e3e42ae1a5eb861b2a9d4c267d94a,2a1f09d4a4e81d2e1bfdd0f11b0eb31457445e42d9dc58582ae374eb98381ae4,completed
present80_projected_mmd_full,present80_rkmp_controls_v1,present80_rkmp_controls_v1,analysis,PRESENT-80,6,16,203,D1_vs_D1,10000,16,0.042834918946027756,37efe9bde25d6fe4040a7b7e8dee431cda38568e25734235bc2288c9e6b24dee,e17494764a0b70d71507941c0870a216154a356e6eed2a4bcdcd75a1fdd00e85,,0.004360332619398832,0.6,0.005429214332252741,0.007169725233688949,0.002830839541275054,0.001529493078123778,rbf,8.635503768920898,shared_main_reference,100,bb82116cc1176b410fa7b04f1667cb2be7ff2a989d8c876611eca0ca392d810d,771e89cf815df46c8da5ad2ee77b8821252e3e42ae1a5eb861b2a9d4c267d94a,2a1f09d4a4e81d2e1bfdd0f11b0eb31457445e42d9dc58582ae374eb98381ae4,completed
present80_projected_mmd_full,present80_rkmp_controls_v1,present80_rkmp_controls_v1,analysis,PRESENT-80,6,16,203,pair_shuffled,10000,16,0.042834918946027756,37efe9bde25d6fe4040a7b7e8dee431cda38568e25734235bc2288c9e6b24dee,e17494764a0b70d71507941c0870a216154a356e6eed2a4bcdcd75a1fdd00e85,,0.5929376482963562,0.05,0.004506641533225775,0.013330937922000876,0.002830839541275054,0.5901068087550811,rbf,8.635503768920898,shared_main_reference,100,bb82116cc1176b410fa7b04f1667cb2be7ff2a989d8c876611eca0ca392d810d,771e89cf815df46c8da5ad2ee77b8821252e3e42ae1a5eb861b2a9d4c267d94a,2a1f09d4a4e81d2e1bfdd0f11b0eb31457445e42d9dc58582ae374eb98381ae4,completed
present80_projected_mmd_full,present80_rkmp_controls_v1,present80_rkmp_controls_v1,analysis,PRESENT-80,6,32,201,D0_vs_D0,10000,16,0.033467020839452744,30b3c2c84f490ab1270e559b48d094bad193a894bd99b5e68ea6161c2997abc5,e17494764a0b70d71507941c0870a216154a356e6eed2a4bcdcd75a1fdd00e85,,0.0005533691728487611,0.75,0.0006713010952807963,0.0010860123438760638,0.002198686299379915,-0.001645317126531154,rbf,10.821617126464844,shared_main_reference,100,225244e2039aec793e7217cdcbd3c688221ab4c89846195f5decadfd36c6b343,771e89cf815df46c8da5ad2ee77b8821252e3e42ae1a5eb861b2a9d4c267d94a,956b9afe5ea713d176e979c5c24df53f9de81ff0d773d627cf6e84bad4269806,completed
present80_projected_mmd_full,present80_rkmp_controls_v1,present80_rkmp_controls_v1,analysis,PRESENT-80,6,32,201,D1_vs_D0,10000,16,0.033467020839452744,30b3c2c84f490ab1270e559b48d094bad193a894bd99b5e68ea6161c2997abc5,e17494764a0b70d71507941c0870a216154a356e6eed2a4bcdcd75a1fdd00e85,,0.7482854127883911,0.05,0.004421602934598923,0.013599807396531103,0.002198686299379915,0.7460867264890112,rbf,10.821617126464844,shared_main_reference,100,225244e2039aec793e7217cdcbd3c688221ab4c89846195f5decadfd36c6b343,771e89cf815df46c8da5ad2ee77b8821252e3e42ae1a5eb861b2a9d4c267d94a,956b9afe5ea713d176e979c5c24df53f9de81ff0d773d627cf6e84bad4269806,completed
present80_projected_mmd_full,present80_rkmp_controls_v1,present80_rkmp_controls_v1,analysis,PRESENT-80,6,32,201,D1_vs_D1,10000,16,0.033467020839452744,30b3c2c84f490ab1270e559b48d094bad193a894bd99b5e68ea6161c2997abc5,e17494764a0b70d71507941c0870a216154a356e6eed2a4bcdcd75a1fdd00e85,,0.003844003425911069,0.3,0.0030563250184059143,0.004489730624482034,0.002198686299379915,0.001645317126531154,rbf,10.821617126464844,shared_main_reference,100,225244e2039aec793e7217cdcbd3c688221ab4c89846195f5decadfd36c6b343,771e89cf815df46c8da5ad2ee77b8821252e3e42ae1a5eb861b2a9d4c267d94a,956b9afe5ea713d176e979c5c24df53f9de81ff0d773d627cf6e84bad4269806,completed
present80_projected_mmd_full,present80_rkmp_controls_v1,present80_rkmp_controls_v1,analysis,PRESENT-80,6,32,201,pair_shuffled,10000,16,0.033467020839452744,30b3c2c84f490ab1270e559b48d094bad193a894bd99b5e68ea6161c2997abc5,e17494764a0b70d71507941c0870a216154a356e6eed2a4bcdcd75a1fdd00e85,,0.7576664090156555,0.05,0.0036519335117191076,0.011913012806326126,0.002198686299379915,0.7554677227162756,rbf,10.821617126464844,shared_main_reference,100,225244e2039aec793e7217cdcbd3c688221ab4c89846195f5decadfd36c6b343,771e89cf815df46c8da5ad2ee77b8821252e3e42ae1a5eb861b2a9d4c267d94a,956b9afe5ea713d176e979c5c24df53f9de81ff0d773d627cf6e84bad4269806,completed
present80_projected_mmd_full,present80_rkmp_controls_v1,present80_rkmp_controls_v1,analysis,PRESENT-80,6,32,202,D0_vs_D0,10000,16,0.03350067883729935,ac5e1bc2248163605129e26b43cca97cdab4173a47602bf85371e9749656ba82,e17494764a0b70d71507941c0870a216154a356e6eed2a4bcdcd75a1fdd00e85,,0.000947454827837646,0.05,0.0006254974869079888,0.000876473111566156,0.0028431815444491804,-0.0018957267166115344,rbf,10.845159530639648,shared_main_reference,100,44a4ce17646f7263690ebdd008181c7dd8234e16c55149a5c54aa2f196715687,771e89cf815df46c8da5ad2ee77b8821252e3e42ae1a5eb861b2a9d4c267d94a,5978d92c88ad58d21fd32b07826a8d0797271786f271ef86ade1a6d21b71936b,completed
present80_projected_mmd_full,present80_rkmp_controls_v1,present80_rkmp_controls_v1,analysis,PRESENT-80,6,32,202,D1_vs_D0,10000,16,0.03350067883729935,ac5e1bc2248163605129e26b43cca97cdab4173a47602bf85371e9749656ba82,e17494764a0b70d71507941c0870a216154a356e6eed2a4bcdcd75a1fdd00e85,,0.7495462894439697,0.05,0.003764199325814843,0.013534086104482408,0.0028431815444491804,0.7467031078995205,rbf,10.845159530639648,shared_main_reference,100,44a4ce17646f7263690ebdd008181c7dd8234e16c55149a5c54aa2f196715687,771e89cf815df46c8da5ad2ee77b8821252e3e42ae1a5eb861b2a9d4c267d94a,5978d92c88ad58d21fd32b07826a8d0797271786f271ef86ade1a6d21b71936b,completed
present80_projected_mmd_full,present80_rkmp_controls_v1,present80_rkmp_controls_v1,analysis,PRESENT-80,6,32,202,D1_vs_D1,10000,16,0.03350067883729935,ac5e1bc2248163605129e26b43cca97cdab4173a47602bf85371e9749656ba82,e17494764a0b70d71507941c0870a216154a356e6eed2a4bcdcd75a1fdd00e85,,0.004738908261060715,0.1,0.0029893412720412016,0.004673156514763831,0.0028431815444491804,0.0018957267166115344,rbf,10.845159530639648,shared_main_reference,100,44a4ce17646f7263690ebdd008181c7dd8234e16c55149a5c54aa2f196715687,771e89cf815df46c8da5ad2ee77b8821252e3e42ae1a5eb861b2a9d4c267d94a,5978d92c88ad58d21fd32b07826a8d0797271786f271ef86ade1a6d21b71936b,completed
present80_projected_mmd_full,present80_rkmp_controls_v1,present80_rkmp_controls_v1,analysis,PRESENT-80,6,32,202,pair_shuffled,10000,16,0.03350067883729935,ac5e1bc2248163605129e26b43cca97cdab4173a47602bf85371e9749656ba82,e17494764a0b70d71507941c0870a216154a356e6eed2a4bcdcd75a1fdd00e85,,0.7792726755142212,0.05,0.004097826313227415,0.010017235111445163,0.0028431815444491804,0.776429493969772,rbf,10.845159530639648,shared_main_reference,100,44a4ce17646f7263690ebdd008181c7dd8234e16c55149a5c54aa2f196715687,771e89cf815df46c8da5ad2ee77b8821252e3e42ae1a5eb861b2a9d4c267d94a,5978d92c88ad58d21fd32b07826a8d0797271786f271ef86ade1a6d21b71936b,completed
present80_projected_mmd_full,present80_rkmp_controls_v1,present80_rkmp_controls_v1,analysis,PRESENT-80,6,32,203,D0_vs_D0,10000,16,0.03345212712883949,7fd5b62efedd359983ea24fac37e232d35321d12b2445cfcdc347a3e0159d1ff,e17494764a0b70d71507941c0870a216154a356e6eed2a4bcdcd75a1fdd00e85,,0.0007690698257647455,0.1,0.0005614763358607888,0.0007627028389833865,0.0016544013924431056,-0.0008853315666783601,rbf,10.814205169677734,shared_main_reference,100,5ca8b463904b38effbec6a40989d7559fe9be5649d915d618203f3c892590115,771e89cf815df46c8da5ad2ee77b8821252e3e42ae1a5eb861b2a9d4c267d94a,be946703271e9e235673faf5a85e850d2179c8f734d73e70f56e7e7723218d3e,completed
present80_projected_mmd_full,present80_rkmp_controls_v1,present80_rkmp_controls_v1,analysis,PRESENT-80,6,32,203,D1_vs_D0,10000,16,0.03345212712883949,7fd5b62efedd359983ea24fac37e232d35321d12b2445cfcdc347a3e0159d1ff,e17494764a0b70d71507941c0870a216154a356e6eed2a4bcdcd75a1fdd00e85,,0.7605029344558716,0.05,0.004307541064918041,0.013389393687248227,0.0016544013924431056,0.7588485330634285,rbf,10.814205169677734,shared_main_reference,100,5ca8b463904b38effbec6a40989d7559fe9be5649d915d618203f3c892590115,771e89cf815df46c8da5ad2ee77b8821252e3e42ae1a5eb861b2a9d4c267d94a,be946703271e9e235673faf5a85e850d2179c8f734d73e70f56e7e7723218d3e,completed
present80_projected_mmd_full,present80_rkmp_controls_v1,present80_rkmp_controls_v1,analysis,PRESENT-80,6,32,203,D1_vs_D1,10000,16,0.03345212712883949,7fd5b62efedd359983ea24fac37e232d35321d12b2445cfcdc347a3e0159d1ff,e17494764a0b70d71507941c0870a216154a356e6eed2a4bcdcd75a1fdd00e85,,0.0025397329591214657,0.75,0.0034687842708081007,0.006343220826238394,0.0016544013924431056,0.0008853315666783601,rbf,10.814205169677734,shared_main_reference,100,5ca8b463904b38effbec6a40989d7559fe9be5649d915d618203f3c892590115,771e89cf815df46c8da5ad2ee77b8821252e3e42ae1a5eb861b2a9d4c267d94a,be946703271e9e235673faf5a85e850d2179c8f734d73e70f56e7e7723218d3e,completed
present80_projected_mmd_full,present80_rkmp_controls_v1,present80_rkmp_controls_v1,analysis,PRESENT-80,6,32,203,pair_shuffled,10000,16,0.03345212712883949,7fd5b62efedd359983ea24fac37e232d35321d12b2445cfcdc347a3e0159d1ff,e17494764a0b70d71507941c0870a216154a356e6eed2a4bcdcd75a1fdd00e85,,0.7570210695266724,0.05,0.0035947635769844055,0.009845529776066512,0.0016544013924431056,0.7553666681342293,rbf,10.814205169677734,shared_main_reference,100,5ca8b463904b38effbec6a40989d7559fe9be5649d915d618203f3c892590115,771e89cf815df46c8da5ad2ee77b8821252e3e42ae1a5eb861b2a9d4c267d94a,be946703271e9e235673faf5a85e850d2179c8f734d73e70f56e7e7723218d3e,completed
present80_projected_mmd_full,present80_rkmp_controls_v1,present80_rkmp_controls_v1,analysis,PRESENT-80,7,1,201,D0_vs_D0,10000,16,0.12352678179740906,e9ed492fed77011f30f3e15b53fe7d3bc1e264c83b7fbad840be4fafcbe1ec02,e17494764a0b70d71507941c0870a216154a356e6eed2a4bcdcd75a1fdd00e85,False,0.0041204700246453285,0.9,0.005786274094134569,0.008871419075876472,0.005062529584392905,-0.0009420595597475767,rbf,3.3473665714263916,shared_main_reference,100,8278c55475734ba1d252af08a97f3cfa67eceb20b1209694b2eb0ca225fc4b41,771e89cf815df46c8da5ad2ee77b8821252e3e42ae1a5eb861b2a9d4c267d94a,6d1002de91dfbf3356ce2e3313ff29a6059b9511307b61b87429a27e3b685dc5,completed
present80_projected_mmd_full,present80_rkmp_controls_v1,present80_rkmp_controls_v1,analysis,PRESENT-80,7,1,201,D1_vs_D0,10000,16,0.12352678179740906,e9ed492fed77011f30f3e15b53fe7d3bc1e264c83b7fbad840be4fafcbe1ec02,e17494764a0b70d71507941c0870a216154a356e6eed2a4bcdcd75a1fdd00e85,False,0.03817649930715561,0.05,0.007365983445197344,0.011096916534006594,0.005062529584392905,0.033113969722762704,rbf,3.3473665714263916,shared_main_reference,100,8278c55475734ba1d252af08a97f3cfa67eceb20b1209694b2eb0ca225fc4b41,771e89cf815df46c8da5ad2ee77b8821252e3e42ae1a5eb861b2a9d4c267d94a,6d1002de91dfbf3356ce2e3313ff29a6059b9511307b61b87429a27e3b685dc5,completed
present80_projected_mmd_full,present80_rkmp_controls_v1,present80_rkmp_controls_v1,analysis,PRESENT-80,7,1,201,D1_vs_D1,10000,16,0.12352678179740906,e9ed492fed77011f30f3e15b53fe7d3bc1e264c83b7fbad840be4fafcbe1ec02,e17494764a0b70d71507941c0870a216154a356e6eed2a4bcdcd75a1fdd00e85,False,0.006004589144140482,0.85,0.007696295157074928,0.015190224628895518,0.005062529584392905,0.0009420595597475767,rbf,3.3473665714263916,shared_main_reference,100,8278c55475734ba1d252af08a97f3cfa67eceb20b1209694b2eb0ca225fc4b41,771e89cf815df46c8da5ad2ee77b8821252e3e42ae1a5eb861b2a9d4c267d94a,6d1002de91dfbf3356ce2e3313ff29a6059b9511307b61b87429a27e3b685dc5,completed
present80_projected_mmd_full,present80_rkmp_controls_v1,present80_rkmp_controls_v1,analysis,PRESENT-80,7,1,201,pair_shuffled,10000,16,0.12352678179740906,e9ed492fed77011f30f3e15b53fe7d3bc1e264c83b7fbad840be4fafcbe1ec02,e17494764a0b70d71507941c0870a216154a356e6eed2a4bcdcd75a1fdd00e85,False,0.04268711060285568,0.05,0.006987645290791988,0.009958690777420997,0.005062529584392905,0.03762458101846278,rbf,3.3473665714263916,shared_main_reference,100,8278c55475734ba1d252af08a97f3cfa67eceb20b1209694b2eb0ca225fc4b41,771e89cf815df46c8da5ad2ee77b8821252e3e42ae1a5eb861b2a9d4c267d94a,6d1002de91dfbf3356ce2e3313ff29a6059b9511307b61b87429a27e3b685dc5,completed
present80_projected_mmd_full,present80_rkmp_controls_v1,present80_rkmp_controls_v1,analysis,PRESENT-80,7,1,202,D0_vs_D0,10000,16,0.1239161342382431,c548802bbf78e2ec2a9baec08fc8eeb8931fe39e1b83b35287d05a6bb062e698,e17494764a0b70d71507941c0870a216154a356e6eed2a4bcdcd75a1fdd00e85,False,0.00567877059802413,0.45,0.005157679785043001,0.009659287706017488,0.006094673415645957,-0.0004159028176218271,rbf,3.3447465896606445,shared_main_reference,100,5bb8ec5327e0c37037196d62771de2bcccd285e7ff279838bff95ab432372c6a,771e89cf815df46c8da5ad2ee77b8821252e3e42ae1a5eb861b2a9d4c267d94a,a0ea2fc18ff500caad77141c41db473fbd38b9f74cad537b55c987f586cc8eeb,completed
present80_projected_mmd_full,present80_rkmp_controls_v1,present80_rkmp_controls_v1,analysis,PRESENT-80,7,1,202,D1_vs_D0,10000,16,0.1239161342382431,c548802bbf78e2ec2a9baec08fc8eeb8931fe39e1b83b35287d05a6bb062e698,e17494764a0b70d71507941c0870a216154a356e6eed2a4bcdcd75a1fdd00e85,False,0.03301726281642914,0.05,0.008176112547516823,0.010088501404970881,0.006094673415645957,0.02692258940078318,rbf,3.3447465896606445,shared_main_reference,100,5bb8ec5327e0c37037196d62771de2bcccd285e7ff279838bff95ab432372c6a,771e89cf815df46c8da5ad2ee77b8821252e3e42ae1a5eb861b2a9d4c267d94a,a0ea2fc18ff500caad77141c41db473fbd38b9f74cad537b55c987f586cc8eeb,completed
present80_projected_mmd_full,present80_rkmp_controls_v1,present80_rkmp_controls_v1,analysis,PRESENT-80,7,1,202,D1_vs_D1,10000,16,0.1239161342382431,c548802bbf78e2ec2a9baec08fc8eeb8931fe39e1b83b35287d05a6bb062e698,e17494764a0b70d71507941c0870a216154a356e6eed2a4bcdcd75a1fdd00e85,False,0.006510576233267784,0.8,0.00795443169772625,0.011841938644647599,0.006094673415645957,0.0004159028176218271,rbf,3.3447465896606445,shared_main_reference,100,5bb8ec5327e0c37037196d62771de2bcccd285e7ff279838bff95ab432372c6a,771e89cf815df46c8da5ad2ee77b8821252e3e42ae1a5eb861b2a9d4c267d94a,a0ea2fc18ff500caad77141c41db473fbd38b9f74cad537b55c987f586cc8eeb,completed
present80_projected_mmd_full,present80_rkmp_controls_v1,present80_rkmp_controls_v1,analysis,PRESENT-80,7,1,202,pair_shuffled,10000,16,0.1239161342382431,c548802bbf78e2ec2a9baec08fc8eeb8931fe39e1b83b35287d05a6bb062e698,e17494764a0b70d71507941c0870a216154a356e6eed2a4bcdcd75a1fdd00e85,False,0.03801725059747696,0.05,0.0069459546357393265,0.011031594127416604,0.006094673415645957,0.031922577181831,rbf,3.3447465896606445,shared_main_reference,100,5bb8ec5327e0c37037196d62771de2bcccd285e7ff279838bff95ab432372c6a,771e89cf815df46c8da5ad2ee77b8821252e3e42ae1a5eb861b2a9d4c267d94a,a0ea2fc18ff500caad77141c41db473fbd38b9f74cad537b55c987f586cc8eeb,completed
present80_projected_mmd_full,present80_rkmp_controls_v1,present80_rkmp_controls_v1,analysis,PRESENT-80,7,1,203,D0_vs_D0,10000,16,0.1241784542798996,c5d232e5a083a84021765be9304b7a2453777d14bb451450c77dcfc8c3caf268,e17494764a0b70d71507941c0870a216154a356e6eed2a4bcdcd75a1fdd00e85,False,0.004797894041985273,0.9,0.006368441507220268,0.00884403847157955,0.005636350018903613,-0.0008384559769183397,rbf,3.3741888999938965,shared_main_reference,100,dea6aa649e58b5792c06bf6d885740b11653a3b40a37bb0a01140ea8ce0fc232,771e89cf815df46c8da5ad2ee77b8821252e3e42ae1a5eb861b2a9d4c267d94a,c4306b61a1ecb30dd930b3f90253f76ee7a9a943c06735d701c2cd2622104431,completed
present80_projected_mmd_full,present80_rkmp_controls_v1,present80_rkmp_controls_v1,analysis,PRESENT-80,7,1,203,D1_vs_D0,10000,16,0.1241784542798996,c5d232e5a083a84021765be9304b7a2453777d14bb451450c77dcfc8c3caf268,e17494764a0b70d71507941c0870a216154a356e6eed2a4bcdcd75a1fdd00e85,False,0.04447777196764946,0.05,0.0075648571364581585,0.012019808031618595,0.005636350018903613,0.03884142194874585,rbf,3.3741888999938965,shared_main_reference,100,dea6aa649e58b5792c06bf6d885740b11653a3b40a37bb0a01140ea8ce0fc232,771e89cf815df46c8da5ad2ee77b8821252e3e42ae1a5eb861b2a9d4c267d94a,c4306b61a1ecb30dd930b3f90253f76ee7a9a943c06735d701c2cd2622104431,completed
present80_projected_mmd_full,present80_rkmp_controls_v1,present80_rkmp_controls_v1,analysis,PRESENT-80,7,1,203,D1_vs_D1,10000,16,0.1241784542798996,c5d232e5a083a84021765be9304b7a2453777d14bb451450c77dcfc8c3caf268,e17494764a0b70d71507941c0870a216154a356e6eed2a4bcdcd75a1fdd00e85,False,0.006474805995821953,0.7,0.007592781912535429,0.012823428586125372,0.005636350018903613,0.0008384559769183397,rbf,3.3741888999938965,shared_main_reference,100,dea6aa649e58b5792c06bf6d885740b11653a3b40a37bb0a01140ea8ce0fc232,771e89cf815df46c8da5ad2ee77b8821252e3e42ae1a5eb861b2a9d4c267d94a,c4306b61a1ecb30dd930b3f90253f76ee7a9a943c06735d701c2cd2622104431,completed
present80_projected_mmd_full,present80_rkmp_controls_v1,present80_rkmp_controls_v1,analysis,PRESENT-80,7,1,203,pair_shuffled,10000,16,0.1241784542798996,c5d232e5a083a84021765be9304b7a2453777d14bb451450c77dcfc8c3caf268,e17494764a0b70d71507941c0870a216154a356e6eed2a4bcdcd75a1fdd00e85,False,0.040995776653289795,0.05,0.007484079338610172,0.009769962169229983,0.005636350018903613,0.03535942663438618,rbf,3.3741888999938965,shared_main_reference,100,dea6aa649e58b5792c06bf6d885740b11653a3b40a37bb0a01140ea8ce0fc232,771e89cf815df46c8da5ad2ee77b8821252e3e42ae1a5eb861b2a9d4c267d94a,c4306b61a1ecb30dd930b3f90253f76ee7a9a943c06735d701c2cd2622104431,completed
present80_projected_mmd_full,present80_rkmp_controls_v1,present80_rkmp_controls_v1,analysis,PRESENT-80,7,2,201,D0_vs_D0,10000,16,0.07318639755249023,56aae3db4d984252d49a2f27fd5e1eefb39137ff5d0eb7bf2f4773d92bbaed08,e17494764a0b70d71507941c0870a216154a356e6eed2a4bcdcd75a1fdd00e85,,0.005235518328845501,0.4,0.004529500845819712,0.00729693667963147,0.005458272760733962,-0.0002227544318884611,rbf,3.6536121368408203,shared_main_reference,100,11fea500de79b2be7228fa55ca45c19f06c76f43b2bcc9f8b963cab6060c9d6a,771e89cf815df46c8da5ad2ee77b8821252e3e42ae1a5eb861b2a9d4c267d94a,7e99f004109abacc1b194acc1e57ece1eb32692ee5779a50b4ad4156fa335375,completed
present80_projected_mmd_full,present80_rkmp_controls_v1,present80_rkmp_controls_v1,analysis,PRESENT-80,7,2,201,D1_vs_D0,10000,16,0.07318639755249023,56aae3db4d984252d49a2f27fd5e1eefb39137ff5d0eb7bf2f4773d92bbaed08,e17494764a0b70d71507941c0870a216154a356e6eed2a4bcdcd75a1fdd00e85,,0.06615603715181351,0.05,0.0076264324598014355,0.01003164425492286,0.005458272760733962,0.060697764391079545,rbf,3.6536121368408203,shared_main_reference,100,11fea500de79b2be7228fa55ca45c19f06c76f43b2bcc9f8b963cab6060c9d6a,771e89cf815df46c8da5ad2ee77b8821252e3e42ae1a5eb861b2a9d4c267d94a,7e99f004109abacc1b194acc1e57ece1eb32692ee5779a50b4ad4156fa335375,completed
present80_projected_mmd_full,present80_rkmp_controls_v1,present80_rkmp_controls_v1,analysis,PRESENT-80,7,2,201,D1_vs_D1,10000,16,0.07318639755249023,56aae3db4d984252d49a2f27fd5e1eefb39137ff5d0eb7bf2f4773d92bbaed08,e17494764a0b70d71507941c0870a216154a356e6eed2a4bcdcd75a1fdd00e85,,0.005681027192622423,0.95,0.009135888889431953,0.012329461425542832,0.005458272760733962,0.0002227544318884611,rbf,3.6536121368408203,shared_main_reference,100,11fea500de79b2be7228fa55ca45c19f06c76f43b2bcc9f8b963cab6060c9d6a,771e89cf815df46c8da5ad2ee77b8821252e3e42ae1a5eb861b2a9d4c267d94a,7e99f004109abacc1b194acc1e57ece1eb32692ee5779a50b4ad4156fa335375,completed
present80_projected_mmd_full,present80_rkmp_controls_v1,present80_rkmp_controls_v1,analysis,PRESENT-80,7,2,201,pair_shuffled,10000,16,0.07318639755249023,56aae3db4d984252d49a2f27fd5e1eefb39137ff5d0eb7bf2f4773d92bbaed08,e17494764a0b70d71507941c0870a216154a356e6eed2a4bcdcd75a1fdd00e85,,0.08756200969219208,0.05,0.007401613984256983,0.011467512883245939,0.005458272760733962,0.08210373693145812,rbf,3.6536121368408203,shared_main_reference,100,11fea500de79b2be7228fa55ca45c19f06c76f43b2bcc9f8b963cab6060c9d6a,771e89cf815df46c8da5ad2ee77b8821252e3e42ae1a5eb861b2a9d4c267d94a,7e99f004109abacc1b194acc1e57ece1eb32692ee5779a50b4ad4156fa335375,completed
present80_projected_mmd_full,present80_rkmp_controls_v1,present80_rkmp_controls_v1,analysis,PRESENT-80,7,2,202,D0_vs_D0,10000,16,0.07283879816532135,a85980c8fc5ff46a8565cb09e70609232d6645663be2ccf24634220bc65419d0,e17494764a0b70d71507941c0870a216154a356e6eed2a4bcdcd75a1fdd00e85,,0.005358721129596233,0.45,0.005098079331219196,0.00922556472942233,0.005916952388361096,-0.000558231258764863,rbf,3.627074718475342,shared_main_reference,100,fcbc90940d1d44b27dd62d91ea8267129baa031540a572d6e452f0e552d3c59c,771e89cf815df46c8da5ad2ee77b8821252e3e42ae1a5eb861b2a9d4c267d94a,94e822e61930dde19f30087ca53bded45750821d1e33a247d3188d307ef28f45,completed
present80_projected_mmd_full,present80_rkmp_controls_v1,present80_rkmp_controls_v1,analysis,PRESENT-80,7,2,202,D1_vs_D0,10000,16,0.07283879816532135,a85980c8fc5ff46a8565cb09e70609232d6645663be2ccf24634220bc65419d0,e17494764a0b70d71507941c0870a216154a356e6eed2a4bcdcd75a1fdd00e85,,0.07622209936380386,0.05,0.0076489998027682304,0.010571390017867088,0.005916952388361096,0.07030514697544277,rbf,3.627074718475342,shared_main_reference,100,fcbc90940d1d44b27dd62d91ea8267129baa031540a572d6e452f0e552d3c59c,771e89cf815df46c8da5ad2ee77b8821252e3e42ae1a5eb861b2a9d4c267d94a,94e822e61930dde19f30087ca53bded45750821d1e33a247d3188d307ef28f45,completed
present80_projected_mmd_full,present80_rkmp_controls_v1,present80_rkmp_controls_v1,analysis,PRESENT-80,7,2,202,D1_vs_D1,10000,16,0.07283879816532135,a85980c8fc5ff46a8565cb09e70609232d6645663be2ccf24634220bc65419d0,e17494764a0b70d71507941c0870a216154a356e6eed2a4bcdcd75a1fdd00e85,,0.006475183647125959,0.7,0.008354377001523972,0.01275466363877058,0.005916952388361096,0.000558231258764863,rbf,3.627074718475342,shared_main_reference,100,fcbc90940d1d44b27dd62d91ea8267129baa031540a572d6e452f0e552d3c59c,771e89cf815df46c8da5ad2ee77b8821252e3e42ae1a5eb861b2a9d4c267d94a,94e822e61930dde19f30087ca53bded45750821d1e33a247d3188d307ef28f45,completed
present80_projected_mmd_full,present80_rkmp_controls_v1,present80_rkmp_controls_v1,analysis,PRESENT-80,7,2,202,pair_shuffled,10000,16,0.07283879816532135,a85980c8fc5ff46a8565cb09e70609232d6645663be2ccf24634220bc65419d0,e17494764a0b70d71507941c0870a216154a356e6eed2a4bcdcd75a1fdd00e85,,0.06747303903102875,0.05,0.007714726030826569,0.009175105113536119,0.005916952388361096,0.06155608664266765,rbf,3.627074718475342,shared_main_reference,100,fcbc90940d1d44b27dd62d91ea8267129baa031540a572d6e452f0e552d3c59c,771e89cf815df46c8da5ad2ee77b8821252e3e42ae1a5eb861b2a9d4c267d94a,94e822e61930dde19f30087ca53bded45750821d1e33a247d3188d307ef28f45,completed
present80_projected_mmd_full,present80_rkmp_controls_v1,present80_rkmp_controls_v1,analysis,PRESENT-80,7,2,203,D0_vs_D0,10000,16,0.0732724517583847,76f4bf8a937beee5da3cf4af8b3c924996c18e08c44f1d9480b89ac4a3fb4f5d,e17494764a0b70d71507941c0870a216154a356e6eed2a4bcdcd75a1fdd00e85,,0.004040041472762823,0.6,0.0041187177412211895,0.007529025338590145,0.00556300999596715,-0.0015229685232043266,rbf,3.663233518600464,shared_main_reference,100,8e03aa76654e54598c4eeaa463cc4a69dcb90d613fdd3ed507a7da4e412ec181,771e89cf815df46c8da5ad2ee77b8821252e3e42ae1a5eb861b2a9d4c267d94a,8b956563b4253e24aaae4cef45df1f6fdd87cdbbf55f61ccd393a6951eaa03f2,completed
present80_projected_mmd_full,present80_rkmp_controls_v1,present80_rkmp_controls_v1,analysis,PRESENT-80,7,2,203,D1_vs_D0,10000,16,0.0732724517583847,76f4bf8a937beee5da3cf4af8b3c924996c18e08c44f1d9480b89ac4a3fb4f5d,e17494764a0b70d71507941c0870a216154a356e6eed2a4bcdcd75a1fdd00e85,,0.08835659921169281,0.05,0.007860722951591015,0.009300176985561846,0.00556300999596715,0.08279358921572566,rbf,3.663233518600464,shared_main_reference,100,8e03aa76654e54598c4eeaa463cc4a69dcb90d613fdd3ed507a7da4e412ec181,771e89cf815df46c8da5ad2ee77b8821252e3e42ae1a5eb861b2a9d4c267d94a,8b956563b4253e24aaae4cef45df1f6fdd87cdbbf55f61ccd393a6951eaa03f2,completed
present80_projected_mmd_full,present80_rkmp_controls_v1,present80_rkmp_controls_v1,analysis,PRESENT-80,7,2,203,D1_vs_D1,10000,16,0.0732724517583847,76f4bf8a937beee5da3cf4af8b3c924996c18e08c44f1d9480b89ac4a3fb4f5d,e17494764a0b70d71507941c0870a216154a356e6eed2a4bcdcd75a1fdd00e85,,0.007085978519171476,0.45,0.006990097463130951,0.010435671731829634,0.00556300999596715,0.0015229685232043266,rbf,3.663233518600464,shared_main_reference,100,8e03aa76654e54598c4eeaa463cc4a69dcb90d613fdd3ed507a7da4e412ec181,771e89cf815df46c8da5ad2ee77b8821252e3e42ae1a5eb861b2a9d4c267d94a,8b956563b4253e24aaae4cef45df1f6fdd87cdbbf55f61ccd393a6951eaa03f2,completed
present80_projected_mmd_full,present80_rkmp_controls_v1,present80_rkmp_controls_v1,analysis,PRESENT-80,7,2,203,pair_shuffled,10000,16,0.0732724517583847,76f4bf8a937beee5da3cf4af8b3c924996c18e08c44f1d9480b89ac4a3fb4f5d,e17494764a0b70d71507941c0870a216154a356e6eed2a4bcdcd75a1fdd00e85,,0.06102747097611427,0.05,0.007723003625869751,0.013481246866285799,0.00556300999596715,0.05546446098014712,rbf,3.663233518600464,shared_main_reference,100,8e03aa76654e54598c4eeaa463cc4a69dcb90d613fdd3ed507a7da4e412ec181,771e89cf815df46c8da5ad2ee77b8821252e3e42ae1a5eb861b2a9d4c267d94a,8b956563b4253e24aaae4cef45df1f6fdd87cdbbf55f61ccd393a6951eaa03f2,completed
present80_projected_mmd_full,present80_rkmp_controls_v1,present80_rkmp_controls_v1,analysis,PRESENT-80,7,4,201,D0_vs_D0,10000,16,0.04520489275455475,02ef7485be6b7dc71ac2d05875a91dddab2faee63f2de34f5027d4ca0a7f93f3,e17494764a0b70d71507941c0870a216154a356e6eed2a4bcdcd75a1fdd00e85,,0.0046372502110898495,0.3,0.0038700255099684,0.005218462971970438,0.006576975109055638,-0.0019397248979657888,rbf,4.07291316986084,shared_main_reference,100,d04318d0fbaccaafd2fe9e74f66fb302e967cd55dfa354404d45e9e0776f6e13,771e89cf815df46c8da5ad2ee77b8821252e3e42ae1a5eb861b2a9d4c267d94a,94d563a036b884e5416a84572b9fab40bfa59403eed98c1bc04bf45010234f07,completed
present80_projected_mmd_full,present80_rkmp_controls_v1,present80_rkmp_controls_v1,analysis,PRESENT-80,7,4,201,D1_vs_D0,10000,16,0.04520489275455475,02ef7485be6b7dc71ac2d05875a91dddab2faee63f2de34f5027d4ca0a7f93f3,e17494764a0b70d71507941c0870a216154a356e6eed2a4bcdcd75a1fdd00e85,,0.1373429000377655,0.05,0.008211693726480007,0.012100044824182983,0.006576975109055638,0.13076592492870986,rbf,4.07291316986084,shared_main_reference,100,d04318d0fbaccaafd2fe9e74f66fb302e967cd55dfa354404d45e9e0776f6e13,771e89cf815df46c8da5ad2ee77b8821252e3e42ae1a5eb861b2a9d4c267d94a,94d563a036b884e5416a84572b9fab40bfa59403eed98c1bc04bf45010234f07,completed
present80_projected_mmd_full,present80_rkmp_controls_v1,present80_rkmp_controls_v1,analysis,PRESENT-80,7,4,201,D1_vs_D1,10000,16,0.04520489275455475,02ef7485be6b7dc71ac2d05875a91dddab2faee63f2de34f5027d4ca0a7f93f3,e17494764a0b70d71507941c0870a216154a356e6eed2a4bcdcd75a1fdd00e85,,0.008516700007021427,0.65,0.008877672255039215,0.01477176062762737,0.006576975109055638,0.0019397248979657888,rbf,4.07291316986084,shared_main_reference,100,d04318d0fbaccaafd2fe9e74f66fb302e967cd55dfa354404d45e9e0776f6e13,771e89cf815df46c8da5ad2ee77b8821252e3e42ae1a5eb861b2a9d4c267d94a,94d563a036b884e5416a84572b9fab40bfa59403eed98c1bc04bf45010234f07,completed
present80_projected_mmd_full,present80_rkmp_controls_v1,present80_rkmp_controls_v1,analysis,PRESENT-80,7,4,201,pair_shuffled,10000,16,0.04520489275455475,02ef7485be6b7dc71ac2d05875a91dddab2faee63f2de34f5027d4ca0a7f93f3,e17494764a0b70d71507941c0870a216154a356e6eed2a4bcdcd75a1fdd00e85,,0.10501382499933243,0.05,0.007050730288028717,0.010344442166388034,0.006576975109055638,0.09843684989027679,rbf,4.07291316986084,shared_main_reference,100,d04318d0fbaccaafd2fe9e74f66fb302e967cd55dfa354404d45e9e0776f6e13,771e89cf815df46c8da5ad2ee77b8821252e3e42ae1a5eb861b2a9d4c267d94a,94d563a036b884e5416a84572b9fab40bfa59403eed98c1bc04bf45010234f07,completed
present80_projected_mmd_full,present80_rkmp_controls_v1,present80_rkmp_controls_v1,analysis,PRESENT-80,7,4,202,D0_vs_D0,10000,16,0.04509586840867996,b45a7fd6170b09c4c9cb7a52a964b54b8de9863496b20267f997601a8f098a2c,e17494764a0b70d71507941c0870a216154a356e6eed2a4bcdcd75a1fdd00e85,,0.005680988542735577,0.2,0.003934691194444895,0.006514844764024019,0.007123494055122137,-0.0014425055123865604,rbf,4.079803466796875,shared_main_reference,100,d9b784ed270ff9f16f532d52b7e79f301818b21ce175b78cac4c6115de8abd64,771e89cf815df46c8da5ad2ee77b8821252e3e42ae1a5eb861b2a9d4c267d94a,c172c6c532229031fba1af7d3c17c1348646c99a5ad7da4ce62837dc84fe426e,completed
present80_projected_mmd_full,present80_rkmp_controls_v1,present80_rkmp_controls_v1,analysis,PRESENT-80,7,4,202,D1_vs_D0,10000,16,0.04509586840867996,b45a7fd6170b09c4c9cb7a52a964b54b8de9863496b20267f997601a8f098a2c,e17494764a0b70d71507941c0870a216154a356e6eed2a4bcdcd75a1fdd00e85,,0.11270934343338013,0.05,0.007357622962445021,0.00924941450357437,0.007123494055122137,0.10558584937825799,rbf,4.079803466796875,shared_main_reference,100,d9b784ed270ff9f16f532d52b7e79f301818b21ce175b78cac4c6115de8abd64,771e89cf815df46c8da5ad2ee77b8821252e3e42ae1a5eb861b2a9d4c267d94a,c172c6c532229031fba1af7d3c17c1348646c99a5ad7da4ce62837dc84fe426e,completed
present80_projected_mmd_full,present80_rkmp_controls_v1,present80_rkmp_controls_v1,analysis,PRESENT-80,7,4,202,D1_vs_D1,10000,16,0.04509586840867996,b45a7fd6170b09c4c9cb7a52a964b54b8de9863496b20267f997601a8f098a2c,e17494764a0b70d71507941c0870a216154a356e6eed2a4bcdcd75a1fdd00e85,,0.008565999567508698,0.35,0.007565445266664028,0.010996455233544101,0.007123494055122137,0.0014425055123865604,rbf,4.079803466796875,shared_main_reference,100,d9b784ed270ff9f16f532d52b7e79f301818b21ce175b78cac4c6115de8abd64,771e89cf815df46c8da5ad2ee77b8821252e3e42ae1a5eb861b2a9d4c267d94a,c172c6c532229031fba1af7d3c17c1348646c99a5ad7da4ce62837dc84fe426e,completed
present80_projected_mmd_full,present80_rkmp_controls_v1,present80_rkmp_controls_v1,analysis,PRESENT-80,7,4,202,pair_shuffled,10000,16,0.04509586840867996,b45a7fd6170b09c4c9cb7a52a964b54b8de9863496b20267f997601a8f098a2c,e17494764a0b70d71507941c0870a216154a356e6eed2a4bcdcd75a1fdd00e85,,0.10210365802049637,0.05,0.007049002218991518,0.010987859964370725,0.007123494055122137,0.09498016396537423,rbf,4.079803466796875,shared_main_reference,100,d9b784ed270ff9f16f532d52b7e79f301818b21ce175b78cac4c6115de8abd64,771e89cf815df46c8da5ad2ee77b8821252e3e42ae1a5eb861b2a9d4c267d94a,c172c6c532229031fba1af7d3c17c1348646c99a5ad7da4ce62837dc84fe426e,completed
present80_projected_mmd_full,present80_rkmp_controls_v1,present80_rkmp_controls_v1,analysis,PRESENT-80,7,4,203,D0_vs_D0,10000,16,0.04517046734690666,6d51fb5820536f46c9ee0f619b8c0d40e028d1875d56bee22aa73fcbe0ef6c54,e17494764a0b70d71507941c0870a216154a356e6eed2a4bcdcd75a1fdd00e85,,0.002862866735085845,0.9,0.004285112023353577,0.006793395243585108,0.006455539609305561,-0.0035926728742197156,rbf,4.0898542404174805,shared_main_reference,100,7de63602cc2f119ff2f7cbec19532b990e1042c500e79b0351edf04db106955b,771e89cf815df46c8da5ad2ee77b8821252e3e42ae1a5eb861b2a9d4c267d94a,403c0ebb90f90e6e901583b9acbbc9119f6f00cf0efe133228fbc2901c22eb3f,completed
present80_projected_mmd_full,present80_rkmp_controls_v1,present80_rkmp_controls_v1,analysis,PRESENT-80,7,4,203,D1_vs_D0,10000,16,0.04517046734690666,6d51fb5820536f46c9ee0f619b8c0d40e028d1875d56bee22aa73fcbe0ef6c54,e17494764a0b70d71507941c0870a216154a356e6eed2a4bcdcd75a1fdd00e85,,0.1152244508266449,0.05,0.007370886392891407,0.011750419344753023,0.006455539609305561,0.10876891121733934,rbf,4.0898542404174805,shared_main_reference,100,7de63602cc2f119ff2f7cbec19532b990e1042c500e79b0351edf04db106955b,771e89cf815df46c8da5ad2ee77b8821252e3e42ae1a5eb861b2a9d4c267d94a,403c0ebb90f90e6e901583b9acbbc9119f6f00cf0efe133228fbc2901c22eb3f,completed
present80_projected_mmd_full,present80_rkmp_controls_v1,present80_rkmp_controls_v1,analysis,PRESENT-80,7,4,203,D1_vs_D1,10000,16,0.04517046734690666,6d51fb5820536f46c9ee0f619b8c0d40e028d1875d56bee22aa73fcbe0ef6c54,e17494764a0b70d71507941c0870a216154a356e6eed2a4bcdcd75a1fdd00e85,,0.010048212483525276,0.3,0.008743043057620525,0.011873181164264678,0.006455539609305561,0.0035926728742197156,rbf,4.0898542404174805,shared_main_reference,100,7de63602cc2f119ff2f7cbec19532b990e1042c500e79b0351edf04db106955b,771e89cf815df46c8da5ad2ee77b8821252e3e42ae1a5eb861b2a9d4c267d94a,403c0ebb90f90e6e901583b9acbbc9119f6f00cf0efe133228fbc2901c22eb3f,completed
present80_projected_mmd_full,present80_rkmp_controls_v1,present80_rkmp_controls_v1,analysis,PRESENT-80,7,4,203,pair_shuffled,10000,16,0.04517046734690666,6d51fb5820536f46c9ee0f619b8c0d40e028d1875d56bee22aa73fcbe0ef6c54,e17494764a0b70d71507941c0870a216154a356e6eed2a4bcdcd75a1fdd00e85,,0.10228532552719116,0.05,0.008090213872492313,0.011262478027492757,0.006455539609305561,0.0958297859178856,rbf,4.0898542404174805,shared_main_reference,100,7de63602cc2f119ff2f7cbec19532b990e1042c500e79b0351edf04db106955b,771e89cf815df46c8da5ad2ee77b8821252e3e42ae1a5eb861b2a9d4c267d94a,403c0ebb90f90e6e901583b9acbbc9119f6f00cf0efe133228fbc2901c22eb3f,completed
present80_projected_mmd_full,present80_rkmp_controls_v1,present80_rkmp_controls_v1,analysis,PRESENT-80,7,8,201,D0_vs_D0,10000,16,0.027886342257261276,9e74e36e516e95a37620963440ad5c4341534736cade8fb329edc55085bff0b8,e17494764a0b70d71507941c0870a216154a356e6eed2a4bcdcd75a1fdd00e85,,0.0028348094783723354,0.8,0.003426543902605772,0.005060550896450877,0.004446432925760746,-0.0016116234473884106,rbf,4.63750696182251,shared_main_reference,100,ded20fc7245eb8b037e8b0cfd12eb1546ca9d73e2a8ad3991272b95622a757ab,771e89cf815df46c8da5ad2ee77b8821252e3e42ae1a5eb861b2a9d4c267d94a,5315972d973e7872b29171e741bbd571678302ee0f67ba33d19b0d2109934cbb,completed
present80_projected_mmd_full,present80_rkmp_controls_v1,present80_rkmp_controls_v1,analysis,PRESENT-80,7,8,201,D1_vs_D0,10000,16,0.027886342257261276,9e74e36e516e95a37620963440ad5c4341534736cade8fb329edc55085bff0b8,e17494764a0b70d71507941c0870a216154a356e6eed2a4bcdcd75a1fdd00e85,,0.17731718719005585,0.05,0.0066694095730781555,0.010252784378826619,0.004446432925760746,0.1728707542642951,rbf,4.63750696182251,shared_main_reference,100,ded20fc7245eb8b037e8b0cfd12eb1546ca9d73e2a8ad3991272b95622a757ab,771e89cf815df46c8da5ad2ee77b8821252e3e42ae1a5eb861b2a9d4c267d94a,5315972d973e7872b29171e741bbd571678302ee0f67ba33d19b0d2109934cbb,completed
present80_projected_mmd_full,present80_rkmp_controls_v1,present80_rkmp_controls_v1,analysis,PRESENT-80,7,8,201,D1_vs_D1,10000,16,0.027886342257261276,9e74e36e516e95a37620963440ad5c4341534736cade8fb329edc55085bff0b8,e17494764a0b70d71507941c0870a216154a356e6eed2a4bcdcd75a1fdd00e85,,0.006058056373149157,0.6,0.0070048444904387,0.00925522232428193,0.004446432925760746,0.0016116234473884106,rbf,4.63750696182251,shared_main_reference,100,ded20fc7245eb8b037e8b0cfd12eb1546ca9d73e2a8ad3991272b95622a757ab,771e89cf815df46c8da5ad2ee77b8821252e3e42ae1a5eb861b2a9d4c267d94a,5315972d973e7872b29171e741bbd571678302ee0f67ba33d19b0d2109934cbb,completed
present80_projected_mmd_full,present80_rkmp_controls_v1,present80_rkmp_controls_v1,analysis,PRESENT-80,7,8,201,pair_shuffled,10000,16,0.027886342257261276,9e74e36e516e95a37620963440ad5c4341534736cade8fb329edc55085bff0b8,e17494764a0b70d71507941c0870a216154a356e6eed2a4bcdcd75a1fdd00e85,,0.16212378442287445,0.05,0.006631544325500727,0.009013281017541884,0.004446432925760746,0.1576773514971137,rbf,4.63750696182251,shared_main_reference,100,ded20fc7245eb8b037e8b0cfd12eb1546ca9d73e2a8ad3991272b95622a757ab,771e89cf815df46c8da5ad2ee77b8821252e3e42ae1a5eb861b2a9d4c267d94a,5315972d973e7872b29171e741bbd571678302ee0f67ba33d19b0d2109934cbb,completed
present80_projected_mmd_full,present80_rkmp_controls_v1,present80_rkmp_controls_v1,analysis,PRESENT-80,7,8,202,D0_vs_D0,10000,16,0.027721010148525238,bf8d8cbbeecf534d1a8be98e2dabe7a819644c8efc09d6d23992058c15f4bd45,e17494764a0b70d71507941c0870a216154a356e6eed2a4bcdcd75a1fdd00e85,,0.002608644310384989,0.7,0.0029324789065867662,0.005477604921907183,0.005802111001685262,-0.003193466691300273,rbf,4.628360271453857,shared_main_reference,100,20ae5ac04bcca2151293342c975ff0f1896162e772f75659b07f80ceceb38b32,771e89cf815df46c8da5ad2ee77b8821252e3e42ae1a5eb861b2a9d4c267d94a,af5588a43630c9c51a4c6327b004f4d28b47d8eaac9fd7f155721f51a861a374,completed
present80_projected_mmd_full,present80_rkmp_controls_v1,present80_rkmp_controls_v1,analysis,PRESENT-80,7,8,202,D1_vs_D0,10000,16,0.027721010148525238,bf8d8cbbeecf534d1a8be98e2dabe7a819644c8efc09d6d23992058c15f4bd45,e17494764a0b70d71507941c0870a216154a356e6eed2a4bcdcd75a1fdd00e85,,0.1903306543827057,0.05,0.007946165278553963,0.012587121780961752,0.005802111001685262,0.18452854338102043,rbf,4.628360271453857,shared_main_reference,100,20ae5ac04bcca2151293342c975ff0f1896162e772f75659b07f80ceceb38b32,771e89cf815df46c8da5ad2ee77b8821252e3e42ae1a5eb861b2a9d4c267d94a,af5588a43630c9c51a4c6327b004f4d28b47d8eaac9fd7f155721f51a861a374,completed
present80_projected_mmd_full,present80_rkmp_controls_v1,present80_rkmp_controls_v1,analysis,PRESENT-80,7,8,202,D1_vs_D1,10000,16,0.027721010148525238,bf8d8cbbeecf534d1a8be98e2dabe7a819644c8efc09d6d23992058c15f4bd45,e17494764a0b70d71507941c0870a216154a356e6eed2a4bcdcd75a1fdd00e85,,0.008995577692985535,0.4,0.007286448962986469,0.012389263510704036,0.005802111001685262,0.003193466691300273,rbf,4.628360271453857,shared_main_reference,100,20ae5ac04bcca2151293342c975ff0f1896162e772f75659b07f80ceceb38b32,771e89cf815df46c8da5ad2ee77b8821252e3e42ae1a5eb861b2a9d4c267d94a,af5588a43630c9c51a4c6327b004f4d28b47d8eaac9fd7f155721f51a861a374,completed
present80_projected_mmd_full,present80_rkmp_controls_v1,present80_rkmp_controls_v1,analysis,PRESENT-80,7,8,202,pair_shuffled,10000,16,0.027721010148525238,bf8d8cbbeecf534d1a8be98e2dabe7a819644c8efc09d6d23992058c15f4bd45,e17494764a0b70d71507941c0870a216154a356e6eed2a4bcdcd75a1fdd00e85,,0.1660994291305542,0.05,0.005967358127236366,0.010132980905473231,0.005802111001685262,0.16029731812886894,rbf,4.628360271453857,shared_main_reference,100,20ae5ac04bcca2151293342c975ff0f1896162e772f75659b07f80ceceb38b32,771e89cf815df46c8da5ad2ee77b8821252e3e42ae1a5eb861b2a9d4c267d94a,af5588a43630c9c51a4c6327b004f4d28b47d8eaac9fd7f155721f51a861a374,completed
present80_projected_mmd_full,present80_rkmp_controls_v1,present80_rkmp_controls_v1,analysis,PRESENT-80,7,8,203,D0_vs_D0,10000,16,0.027748899534344673,75e3b4a227dae98fbd442707fe29953d425d8819191b3bad9b30aac1951e80f6,e17494764a0b70d71507941c0870a216154a356e6eed2a4bcdcd75a1fdd00e85,,0.0047387778759002686,0.15,0.0028999506030231714,0.005137994419783352,0.005045481026172638,-0.0003067031502723694,rbf,4.57679557800293,shared_main_reference,100,3c42aa08fecd6fd79ce6a008b5baa7653dccc4e9d3438fbd7db24040f4a45dcd,771e89cf815df46c8da5ad2ee77b8821252e3e42ae1a5eb861b2a9d4c267d94a,ec14a25e2fe55f4aaf27dcffe19e411dcef607e756a5234d4310db8981aea5af,completed
present80_projected_mmd_full,present80_rkmp_controls_v1,present80_rkmp_controls_v1,analysis,PRESENT-80,7,8,203,D1_vs_D0,10000,16,0.027748899534344673,75e3b4a227dae98fbd442707fe29953d425d8819191b3bad9b30aac1951e80f6,e17494764a0b70d71507941c0870a216154a356e6eed2a4bcdcd75a1fdd00e85,,0.17846675217151642,0.05,0.007625767961144447,0.013222381379455328,0.005045481026172638,0.17342127114534378,rbf,4.57679557800293,shared_main_reference,100,3c42aa08fecd6fd79ce6a008b5baa7653dccc4e9d3438fbd7db24040f4a45dcd,771e89cf815df46c8da5ad2ee77b8821252e3e42ae1a5eb861b2a9d4c267d94a,ec14a25e2fe55f4aaf27dcffe19e411dcef607e756a5234d4310db8981aea5af,completed
present80_projected_mmd_full,present80_rkmp_controls_v1,present80_rkmp_controls_v1,analysis,PRESENT-80,7,8,203,D1_vs_D1,10000,16,0.027748899534344673,75e3b4a227dae98fbd442707fe29953d425d8819191b3bad9b30aac1951e80f6,e17494764a0b70d71507941c0870a216154a356e6eed2a4bcdcd75a1fdd00e85,,0.005352184176445007,0.8,0.006768029183149338,0.010535125061869618,0.005045481026172638,0.0003067031502723694,rbf,4.57679557800293,shared_main_reference,100,3c42aa08fecd6fd79ce6a008b5baa7653dccc4e9d3438fbd7db24040f4a45dcd,771e89cf815df46c8da5ad2ee77b8821252e3e42ae1a5eb861b2a9d4c267d94a,ec14a25e2fe55f4aaf27dcffe19e411dcef607e756a5234d4310db8981aea5af,completed
present80_projected_mmd_full,present80_rkmp_controls_v1,present80_rkmp_controls_v1,analysis,PRESENT-80,7,8,203,pair_shuffled,10000,16,0.027748899534344673,75e3b4a227dae98fbd442707fe29953d425d8819191b3bad9b30aac1951e80f6,e17494764a0b70d71507941c0870a216154a356e6eed2a4bcdcd75a1fdd00e85,,0.1912357211112976,0.05,0.005914506036788225,0.010352820530533787,0.005045481026172638,0.18619024008512497,rbf,4.57679557800293,shared_main_reference,100,3c42aa08fecd6fd79ce6a008b5baa7653dccc4e9d3438fbd7db24040f4a45dcd,771e89cf815df46c8da5ad2ee77b8821252e3e42ae1a5eb861b2a9d4c267d94a,ec14a25e2fe55f4aaf27dcffe19e411dcef607e756a5234d4310db8981aea5af,completed
present80_projected_mmd_full,present80_rkmp_controls_v1,present80_rkmp_controls_v1,analysis,PRESENT-80,7,16,201,D0_vs_D0,10000,16,0.017838921397924423,f64d67dbb42c0176c139c3142eb0e21bfff5202e0737ec170d44c6e3a657198b,e17494764a0b70d71507941c0870a216154a356e6eed2a4bcdcd75a1fdd00e85,,0.002003466710448265,0.8,0.002861375454813242,0.003804494068026542,0.0037689385935664177,-0.0017654718831181526,rbf,5.23972749710083,shared_main_reference,100,978ec81861d5e6c88aa6a72d803d04312d707751fac7a6ddf2fee1826f4ba8a4,771e89cf815df46c8da5ad2ee77b8821252e3e42ae1a5eb861b2a9d4c267d94a,0895789bfc0923d4bd7b5209197bf0d1a48d80e64cc9839a596b3d1a6d3a100e,completed
present80_projected_mmd_full,present80_rkmp_controls_v1,present80_rkmp_controls_v1,analysis,PRESENT-80,7,16,201,D1_vs_D0,10000,16,0.017838921397924423,f64d67dbb42c0176c139c3142eb0e21bfff5202e0737ec170d44c6e3a657198b,e17494764a0b70d71507941c0870a216154a356e6eed2a4bcdcd75a1fdd00e85,,0.2748032510280609,0.05,0.008044861257076263,0.013868545554578294,0.0037689385935664177,0.2710343124344945,rbf,5.23972749710083,shared_main_reference,100,978ec81861d5e6c88aa6a72d803d04312d707751fac7a6ddf2fee1826f4ba8a4,771e89cf815df46c8da5ad2ee77b8821252e3e42ae1a5eb861b2a9d4c267d94a,0895789bfc0923d4bd7b5209197bf0d1a48d80e64cc9839a596b3d1a6d3a100e,completed
present80_projected_mmd_full,present80_rkmp_controls_v1,present80_rkmp_controls_v1,analysis,PRESENT-80,7,16,201,D1_vs_D1,10000,16,0.017838921397924423,f64d67dbb42c0176c139c3142eb0e21bfff5202e0737ec170d44c6e3a657198b,e17494764a0b70d71507941c0870a216154a356e6eed2a4bcdcd75a1fdd00e85,,0.00553441047668457,0.55,0.00603942945599556,0.009614963550120589,0.0037689385935664177,0.0017654718831181526,rbf,5.23972749710083,shared_main_reference,100,978ec81861d5e6c88aa6a72d803d04312d707751fac7a6ddf2fee1826f4ba8a4,771e89cf815df46c8da5ad2ee77b8821252e3e42ae1a5eb861b2a9d4c267d94a,0895789bfc0923d4bd7b5209197bf0d1a48d80e64cc9839a596b3d1a6d3a100e,completed
present80_projected_mmd_full,present80_rkmp_controls_v1,present80_rkmp_controls_v1,analysis,PRESENT-80,7,16,201,pair_shuffled,10000,16,0.017838921397924423,f64d67dbb42c0176c139c3142eb0e21bfff5202e0737ec170d44c6e3a657198b,e17494764a0b70d71507941c0870a216154a356e6eed2a4bcdcd75a1fdd00e85,,0.2582850456237793,0.05,0.005154003389179707,0.009888877812772975,0.0037689385935664177,0.2545161070302129,rbf,5.23972749710083,shared_main_reference,100,978ec81861d5e6c88aa6a72d803d04312d707751fac7a6ddf2fee1826f4ba8a4,771e89cf815df46c8da5ad2ee77b8821252e3e42ae1a5eb861b2a9d4c267d94a,0895789bfc0923d4bd7b5209197bf0d1a48d80e64cc9839a596b3d1a6d3a100e,completed
present80_projected_mmd_full,present80_rkmp_controls_v1,present80_rkmp_controls_v1,analysis,PRESENT-80,7,16,202,D0_vs_D0,10000,16,0.01775388792157173,6a9511e019a8c35d6ce499afab9e23d91f12cca73ce3a3864853b1d56376585e,e17494764a0b70d71507941c0870a216154a356e6eed2a4bcdcd75a1fdd00e85,,0.0017262002220377326,0.9,0.0027824523858726025,0.0036677801515907025,0.0035315241548232734,-0.0018053239327855408,rbf,5.226723670959473,shared_main_reference,100,16fbc4097f168387790f33ab964e50a3438369b828d472fd17fa1177ec7b77be,771e89cf815df46c8da5ad2ee77b8821252e3e42ae1a5eb861b2a9d4c267d94a,3ed1f5fd0a3784b4e6c82d9440f32803ee332c2413fdd61ae212a23d1214c180,completed
present80_projected_mmd_full,present80_rkmp_controls_v1,present80_rkmp_controls_v1,analysis,PRESENT-80,7,16,202,D1_vs_D0,10000,16,0.01775388792157173,6a9511e019a8c35d6ce499afab9e23d91f12cca73ce3a3864853b1d56376585e,e17494764a0b70d71507941c0870a216154a356e6eed2a4bcdcd75a1fdd00e85,,0.26511332392692566,0.05,0.006592810153961182,0.010206047073006626,0.0035315241548232734,0.2615817997721024,rbf,5.226723670959473,shared_main_reference,100,16fbc4097f168387790f33ab964e50a3438369b828d472fd17fa1177ec7b77be,771e89cf815df46c8da5ad2ee77b8821252e3e42ae1a5eb861b2a9d4c267d94a,3ed1f5fd0a3784b4e6c82d9440f32803ee332c2413fdd61ae212a23d1214c180,completed
present80_projected_mmd_full,present80_rkmp_controls_v1,present80_rkmp_controls_v1,analysis,PRESENT-80,7,16,202,D1_vs_D1,10000,16,0.01775388792157173,6a9511e019a8c35d6ce499afab9e23d91f12cca73ce3a3864853b1d56376585e,e17494764a0b70d71507941c0870a216154a356e6eed2a4bcdcd75a1fdd00e85,,0.005336848087608814,0.65,0.005678099114447832,0.007509710965678096,0.0035315241548232734,0.0018053239327855408,rbf,5.226723670959473,shared_main_reference,100,16fbc4097f168387790f33ab964e50a3438369b828d472fd17fa1177ec7b77be,771e89cf815df46c8da5ad2ee77b8821252e3e42ae1a5eb861b2a9d4c267d94a,3ed1f5fd0a3784b4e6c82d9440f32803ee332c2413fdd61ae212a23d1214c180,completed
present80_projected_mmd_full,present80_rkmp_controls_v1,present80_rkmp_controls_v1,analysis,PRESENT-80,7,16,202,pair_shuffled,10000,16,0.01775388792157173,6a9511e019a8c35d6ce499afab9e23d91f12cca73ce3a3864853b1d56376585e,e17494764a0b70d71507941c0870a216154a356e6eed2a4bcdcd75a1fdd00e85,,0.2796876132488251,0.05,0.005677285138517618,0.012594243884086604,0.0035315241548232734,0.2761560890940018,rbf,5.226723670959473,shared_main_reference,100,16fbc4097f168387790f33ab964e50a3438369b828d472fd17fa1177ec7b77be,771e89cf815df46c8da5ad2ee77b8821252e3e42ae1a5eb861b2a9d4c267d94a,3ed1f5fd0a3784b4e6c82d9440f32803ee332c2413fdd61ae212a23d1214c180,completed
present80_projected_mmd_full,present80_rkmp_controls_v1,present80_rkmp_controls_v1,analysis,PRESENT-80,7,16,203,D0_vs_D0,10000,16,0.017736995592713356,d106dc81bbde1cabe02c62dd0bbe4c6d5a62dd2aca6fb6edb6a4381fe9533f75,e17494764a0b70d71507941c0870a216154a356e6eed2a4bcdcd75a1fdd00e85,,0.0039955805987119675,0.1,0.0026487591676414013,0.003695276984944939,0.004836787469685078,-0.0008412068709731102,rbf,5.310036659240723,shared_main_reference,100,cf7223573a7130958c377c262df44b8f050a0ed4ef9b45430210a59269d055aa,771e89cf815df46c8da5ad2ee77b8821252e3e42ae1a5eb861b2a9d4c267d94a,b8cecc4fabfb1641285189aa910f6068983f45bdecc869c6cdd2945b1fe74b4b,completed
present80_projected_mmd_full,present80_rkmp_controls_v1,present80_rkmp_controls_v1,analysis,PRESENT-80,7,16,203,D1_vs_D0,10000,16,0.017736995592713356,d106dc81bbde1cabe02c62dd0bbe4c6d5a62dd2aca6fb6edb6a4381fe9533f75,e17494764a0b70d71507941c0870a216154a356e6eed2a4bcdcd75a1fdd00e85,,0.26578783988952637,0.05,0.006237550638616085,0.011586168501526115,0.004836787469685078,0.2609510524198413,rbf,5.310036659240723,shared_main_reference,100,cf7223573a7130958c377c262df44b8f050a0ed4ef9b45430210a59269d055aa,771e89cf815df46c8da5ad2ee77b8821252e3e42ae1a5eb861b2a9d4c267d94a,b8cecc4fabfb1641285189aa910f6068983f45bdecc869c6cdd2945b1fe74b4b,completed
present80_projected_mmd_full,present80_rkmp_controls_v1,present80_rkmp_controls_v1,analysis,PRESENT-80,7,16,203,D1_vs_D1,10000,16,0.017736995592713356,d106dc81bbde1cabe02c62dd0bbe4c6d5a62dd2aca6fb6edb6a4381fe9533f75,e17494764a0b70d71507941c0870a216154a356e6eed2a4bcdcd75a1fdd00e85,,0.005677994340658188,0.4,0.005185247398912907,0.008983767684549088,0.004836787469685078,0.0008412068709731102,rbf,5.310036659240723,shared_main_reference,100,cf7223573a7130958c377c262df44b8f050a0ed4ef9b45430210a59269d055aa,771e89cf815df46c8da5ad2ee77b8821252e3e42ae1a5eb861b2a9d4c267d94a,b8cecc4fabfb1641285189aa910f6068983f45bdecc869c6cdd2945b1fe74b4b,completed
present80_projected_mmd_full,present80_rkmp_controls_v1,present80_rkmp_controls_v1,analysis,PRESENT-80,7,16,203,pair_shuffled,10000,16,0.017736995592713356,d106dc81bbde1cabe02c62dd0bbe4c6d5a62dd2aca6fb6edb6a4381fe9533f75,e17494764a0b70d71507941c0870a216154a356e6eed2a4bcdcd75a1fdd00e85,,0.23771026730537415,0.05,0.004406473599374294,0.008187051443383086,0.004836787469685078,0.23287347983568907,rbf,5.310036659240723,shared_main_reference,100,cf7223573a7130958c377c262df44b8f050a0ed4ef9b45430210a59269d055aa,771e89cf815df46c8da5ad2ee77b8821252e3e42ae1a5eb861b2a9d4c267d94a,b8cecc4fabfb1641285189aa910f6068983f45bdecc869c6cdd2945b1fe74b4b,completed
present80_projected_mmd_full,present80_rkmp_controls_v1,present80_rkmp_controls_v1,analysis,PRESENT-80,7,32,201,D0_vs_D0,10000,16,0.011913269758224487,f4799ec942dbe32349f1699ed04ba3062116c7f912e4e0fe13e9c0b8d4d4402a,e17494764a0b70d71507941c0870a216154a356e6eed2a4bcdcd75a1fdd00e85,,0.0017807550029829144,0.6,0.001877125701867044,0.0034808411961421357,0.002678637218195945,-0.0008978822152130306,rbf,6.037022590637207,shared_main_reference,100,1b8e2a780cbada711f05819f076ef2fad0bad3dec769691243e388004503033a,771e89cf815df46c8da5ad2ee77b8821252e3e42ae1a5eb861b2a9d4c267d94a,698bbb8bd802d1c7687e22366f7d0d7a709f477dd2166ea73d48705e8f4adf7a,completed
present80_projected_mmd_full,present80_rkmp_controls_v1,present80_rkmp_controls_v1,analysis,PRESENT-80,7,32,201,D1_vs_D0,10000,16,0.011913269758224487,f4799ec942dbe32349f1699ed04ba3062116c7f912e4e0fe13e9c0b8d4d4402a,e17494764a0b70d71507941c0870a216154a356e6eed2a4bcdcd75a1fdd00e85,,0.3827059864997864,0.05,0.0069975052028894424,0.009492671396583318,0.002678637218195945,0.38002734928159043,rbf,6.037022590637207,shared_main_reference,100,1b8e2a780cbada711f05819f076ef2fad0bad3dec769691243e388004503033a,771e89cf815df46c8da5ad2ee77b8821252e3e42ae1a5eb861b2a9d4c267d94a,698bbb8bd802d1c7687e22366f7d0d7a709f477dd2166ea73d48705e8f4adf7a,completed
present80_projected_mmd_full,present80_rkmp_controls_v1,present80_rkmp_controls_v1,analysis,PRESENT-80,7,32,201,D1_vs_D1,10000,16,0.011913269758224487,f4799ec942dbe32349f1699ed04ba3062116c7f912e4e0fe13e9c0b8d4d4402a,e17494764a0b70d71507941c0870a216154a356e6eed2a4bcdcd75a1fdd00e85,,0.0035765194334089756,0.55,0.0038717887364327908,0.005008246470242739,0.002678637218195945,0.0008978822152130306,rbf,6.037022590637207,shared_main_reference,100,1b8e2a780cbada711f05819f076ef2fad0bad3dec769691243e388004503033a,771e89cf815df46c8da5ad2ee77b8821252e3e42ae1a5eb861b2a9d4c267d94a,698bbb8bd802d1c7687e22366f7d0d7a709f477dd2166ea73d48705e8f4adf7a,completed
present80_projected_mmd_full,present80_rkmp_controls_v1,present80_rkmp_controls_v1,analysis,PRESENT-80,7,32,201,pair_shuffled,10000,16,0.011913269758224487,f4799ec942dbe32349f1699ed04ba3062116c7f912e4e0fe13e9c0b8d4d4402a,e17494764a0b70d71507941c0870a216154a356e6eed2a4bcdcd75a1fdd00e85,,0.38683030009269714,0.05,0.0049677747301757336,0.008906996063888058,0.002678637218195945,0.3841516628745012,rbf,6.037022590637207,shared_main_reference,100,1b8e2a780cbada711f05819f076ef2fad0bad3dec769691243e388004503033a,771e89cf815df46c8da5ad2ee77b8821252e3e42ae1a5eb861b2a9d4c267d94a,698bbb8bd802d1c7687e22366f7d0d7a709f477dd2166ea73d48705e8f4adf7a,completed
present80_projected_mmd_full,present80_rkmp_controls_v1,present80_rkmp_controls_v1,analysis,PRESENT-80,7,32,202,D0_vs_D0,10000,16,0.011937575414776802,45323d21fd427df1551a28bfabe171e027a557ba6f020068e76a25a5edbb1b2c,e17494764a0b70d71507941c0870a216154a356e6eed2a4bcdcd75a1fdd00e85,,0.002075841184705496,0.25,0.0016682399436831474,0.0025533617474138718,0.0019383446779102087,0.00013749650679528713,rbf,6.079157829284668,shared_main_reference,100,6d2f653f1d6d2b1189739e88eb101f2bea31c4530dcfed6fb43bf752ac23f68d,771e89cf815df46c8da5ad2ee77b8821252e3e42ae1a5eb861b2a9d4c267d94a,adb307d18ca8a64fe54e66eab6cf5856c6f24ac09785cf8b89026440cbbf54b0,completed
present80_projected_mmd_full,present80_rkmp_controls_v1,present80_rkmp_controls_v1,analysis,PRESENT-80,7,32,202,D1_vs_D0,10000,16,0.011937575414776802,45323d21fd427df1551a28bfabe171e027a557ba6f020068e76a25a5edbb1b2c,e17494764a0b70d71507941c0870a216154a356e6eed2a4bcdcd75a1fdd00e85,,0.3352443277835846,0.05,0.007341689430177212,0.009979881625622508,0.0019383446779102087,0.3333059831056744,rbf,6.079157829284668,shared_main_reference,100,6d2f653f1d6d2b1189739e88eb101f2bea31c4530dcfed6fb43bf752ac23f68d,771e89cf815df46c8da5ad2ee77b8821252e3e42ae1a5eb861b2a9d4c267d94a,adb307d18ca8a64fe54e66eab6cf5856c6f24ac09785cf8b89026440cbbf54b0,completed
present80_projected_mmd_full,present80_rkmp_controls_v1,present80_rkmp_controls_v1,analysis,PRESENT-80,7,32,202,D1_vs_D1,10000,16,0.011937575414776802,45323d21fd427df1551a28bfabe171e027a557ba6f020068e76a25a5edbb1b2c,e17494764a0b70d71507941c0870a216154a356e6eed2a4bcdcd75a1fdd00e85,,0.0018008481711149216,0.95,0.003843391314148903,0.006469996972009538,0.0019383446779102087,-0.00013749650679528713,rbf,6.079157829284668,shared_main_reference,100,6d2f653f1d6d2b1189739e88eb101f2bea31c4530dcfed6fb43bf752ac23f68d,771e89cf815df46c8da5ad2ee77b8821252e3e42ae1a5eb861b2a9d4c267d94a,adb307d18ca8a64fe54e66eab6cf5856c6f24ac09785cf8b89026440cbbf54b0,completed
present80_projected_mmd_full,present80_rkmp_controls_v1,present80_rkmp_controls_v1,analysis,PRESENT-80,7,32,202,pair_shuffled,10000,16,0.011937575414776802,45323d21fd427df1551a28bfabe171e027a557ba6f020068e76a25a5edbb1b2c,e17494764a0b70d71507941c0870a216154a356e6eed2a4bcdcd75a1fdd00e85,,0.3657864034175873,0.05,0.0044021280482411385,0.011717846989631648,0.0019383446779102087,0.36384805873967707,rbf,6.079157829284668,shared_main_reference,100,6d2f653f1d6d2b1189739e88eb101f2bea31c4530dcfed6fb43bf752ac23f68d,771e89cf815df46c8da5ad2ee77b8821252e3e42ae1a5eb861b2a9d4c267d94a,adb307d18ca8a64fe54e66eab6cf5856c6f24ac09785cf8b89026440cbbf54b0,completed
present80_projected_mmd_full,present80_rkmp_controls_v1,present80_rkmp_controls_v1,analysis,PRESENT-80,7,32,203,D0_vs_D0,10000,16,0.011959847062826157,11d1222d8aadc3c4a7b18772717b6e0f6cbd16169f4bee577dd0455017822535,e17494764a0b70d71507941c0870a216154a356e6eed2a4bcdcd75a1fdd00e85,,0.0010481450008228421,0.95,0.0019609425216913223,0.002372497925534844,0.0021522363531403244,-0.0011040913523174822,rbf,6.10537576675415,shared_main_reference,100,a5717c6c34557e90f249972fee6786bb590a97e55966ce4b4b713871f59477d2,771e89cf815df46c8da5ad2ee77b8821252e3e42ae1a5eb861b2a9d4c267d94a,18782e585640de436106d432e8a5b24e7bba6fafa3fdb51120706c0c8dd9de1e,completed
present80_projected_mmd_full,present80_rkmp_controls_v1,present80_rkmp_controls_v1,analysis,PRESENT-80,7,32,203,D1_vs_D0,10000,16,0.011959847062826157,11d1222d8aadc3c4a7b18772717b6e0f6cbd16169f4bee577dd0455017822535,e17494764a0b70d71507941c0870a216154a356e6eed2a4bcdcd75a1fdd00e85,,0.36137083172798157,0.05,0.0061193788424134254,0.012642798386514182,0.0021522363531403244,0.35921859537484124,rbf,6.10537576675415,shared_main_reference,100,a5717c6c34557e90f249972fee6786bb590a97e55966ce4b4b713871f59477d2,771e89cf815df46c8da5ad2ee77b8821252e3e42ae1a5eb861b2a9d4c267d94a,18782e585640de436106d432e8a5b24e7bba6fafa3fdb51120706c0c8dd9de1e,completed
present80_projected_mmd_full,present80_rkmp_controls_v1,present80_rkmp_controls_v1,analysis,PRESENT-80,7,32,203,D1_vs_D1,10000,16,0.011959847062826157,11d1222d8aadc3c4a7b18772717b6e0f6cbd16169f4bee577dd0455017822535,e17494764a0b70d71507941c0870a216154a356e6eed2a4bcdcd75a1fdd00e85,,0.0032563277054578066,0.8,0.0037536874879151583,0.005611852044239639,0.0021522363531403244,0.0011040913523174822,rbf,6.10537576675415,shared_main_reference,100,a5717c6c34557e90f249972fee6786bb590a97e55966ce4b4b713871f59477d2,771e89cf815df46c8da5ad2ee77b8821252e3e42ae1a5eb861b2a9d4c267d94a,18782e585640de436106d432e8a5b24e7bba6fafa3fdb51120706c0c8dd9de1e,completed
present80_projected_mmd_full,present80_rkmp_controls_v1,present80_rkmp_controls_v1,analysis,PRESENT-80,7,32,203,pair_shuffled,10000,16,0.011959847062826157,11d1222d8aadc3c4a7b18772717b6e0f6cbd16169f4bee577dd0455017822535,e17494764a0b70d71507941c0870a216154a356e6eed2a4bcdcd75a1fdd00e85,,0.3964717984199524,0.05,0.0053218877874314785,0.008512783609330641,0.0021522363531403244,0.39431956206681207,rbf,6.10537576675415,shared_main_reference,100,a5717c6c34557e90f249972fee6786bb590a97e55966ce4b4b713871f59477d2,771e89cf815df46c8da5ad2ee77b8821252e3e42ae1a5eb861b2a9d4c267d94a,18782e585640de436106d432e8a5b24e7bba6fafa3fdb51120706c0c8dd9de1e,completed
present80_projected_mmd_full,present80_rkmp_controls_v1,present80_rkmp_controls_v1,analysis,PRESENT-80,8,1,201,D0_vs_D0,10000,16,0.10547488927841187,9a84536d0ebc5cfe7c467fbf8e59051a9b81c99eedb1a41b9d091990b879136e,e17494764a0b70d71507941c0870a216154a356e6eed2a4bcdcd75a1fdd00e85,False,0.005399600602686405,0.8,0.00690832082182169,0.009817170165479183,0.0056135342456400394,-0.00021393364295363426,rbf,3.1318726539611816,shared_main_reference,100,42f10a5d262c74591a42b8d36b620f73c8c0f21e36a9eab14a7997f396fc1e40,771e89cf815df46c8da5ad2ee77b8821252e3e42ae1a5eb861b2a9d4c267d94a,8b93b258d7801c4a1ba0ed8ee66aca9bbd4be1a3bf1036a6d84606b2b0379256,completed
present80_projected_mmd_full,present80_rkmp_controls_v1,present80_rkmp_controls_v1,analysis,PRESENT-80,8,1,201,D1_vs_D0,10000,16,0.10547488927841187,9a84536d0ebc5cfe7c467fbf8e59051a9b81c99eedb1a41b9d091990b879136e,e17494764a0b70d71507941c0870a216154a356e6eed2a4bcdcd75a1fdd00e85,False,0.010323352180421352,0.15,0.006445891223847866,0.010692973341792818,0.0056135342456400394,0.004709817934781313,rbf,3.1318726539611816,shared_main_reference,100,42f10a5d262c74591a42b8d36b620f73c8c0f21e36a9eab14a7997f396fc1e40,771e89cf815df46c8da5ad2ee77b8821252e3e42ae1a5eb861b2a9d4c267d94a,8b93b258d7801c4a1ba0ed8ee66aca9bbd4be1a3bf1036a6d84606b2b0379256,completed
present80_projected_mmd_full,present80_rkmp_controls_v1,present80_rkmp_controls_v1,analysis,PRESENT-80,8,1,201,D1_vs_D1,10000,16,0.10547488927841187,9a84536d0ebc5cfe7c467fbf8e59051a9b81c99eedb1a41b9d091990b879136e,e17494764a0b70d71507941c0870a216154a356e6eed2a4bcdcd75a1fdd00e85,False,0.005827467888593674,0.65,0.006409191060811281,0.008676127158105368,0.0056135342456400394,0.00021393364295363426,rbf,3.1318726539611816,shared_main_reference,100,42f10a5d262c74591a42b8d36b620f73c8c0f21e36a9eab14a7997f396fc1e40,771e89cf815df46c8da5ad2ee77b8821252e3e42ae1a5eb861b2a9d4c267d94a,8b93b258d7801c4a1ba0ed8ee66aca9bbd4be1a3bf1036a6d84606b2b0379256,completed
present80_projected_mmd_full,present80_rkmp_controls_v1,present80_rkmp_controls_v1,analysis,PRESENT-80,8,1,201,pair_shuffled,10000,16,0.10547488927841187,9a84536d0ebc5cfe7c467fbf8e59051a9b81c99eedb1a41b9d091990b879136e,e17494764a0b70d71507941c0870a216154a356e6eed2a4bcdcd75a1fdd00e85,False,0.014455548487603664,0.05,0.0067407479509711266,0.010700326878577467,0.0056135342456400394,0.008842014241963625,rbf,3.1318726539611816,shared_main_reference,100,42f10a5d262c74591a42b8d36b620f73c8c0f21e36a9eab14a7997f396fc1e40,771e89cf815df46c8da5ad2ee77b8821252e3e42ae1a5eb861b2a9d4c267d94a,8b93b258d7801c4a1ba0ed8ee66aca9bbd4be1a3bf1036a6d84606b2b0379256,completed
present80_projected_mmd_full,present80_rkmp_controls_v1,present80_rkmp_controls_v1,analysis,PRESENT-80,8,1,202,D0_vs_D0,10000,16,0.10502352565526962,4d1880480b04d64be4a6e21ce0c4d71f5be40fd916609fa3779b11641be5cc91,e17494764a0b70d71507941c0870a216154a356e6eed2a4bcdcd75a1fdd00e85,False,0.005987128242850304,0.45,0.005623027682304382,0.00954879447817802,0.005228346912190318,0.0007587813306599855,rbf,3.1088671684265137,shared_main_reference,100,b5b516235b417515b144e491d55905572c819471b0af9df7ee5f05a2d3eb24f5,771e89cf815df46c8da5ad2ee77b8821252e3e42ae1a5eb861b2a9d4c267d94a,88061b57a41f68fd6193268d971175ff906cf059c22ec4963c70e8927ff58d29,completed
present80_projected_mmd_full,present80_rkmp_controls_v1,present80_rkmp_controls_v1,analysis,PRESENT-80,8,1,202,D1_vs_D0,10000,16,0.10502352565526962,4d1880480b04d64be4a6e21ce0c4d71f5be40fd916609fa3779b11641be5cc91,e17494764a0b70d71507941c0870a216154a356e6eed2a4bcdcd75a1fdd00e85,False,0.01345481164753437,0.05,0.007083450444042683,0.009426329378038643,0.005228346912190318,0.008226464735344052,rbf,3.1088671684265137,shared_main_reference,100,b5b516235b417515b144e491d55905572c819471b0af9df7ee5f05a2d3eb24f5,771e89cf815df46c8da5ad2ee77b8821252e3e42ae1a5eb861b2a9d4c267d94a,88061b57a41f68fd6193268d971175ff906cf059c22ec4963c70e8927ff58d29,completed
present80_projected_mmd_full,present80_rkmp_controls_v1,present80_rkmp_controls_v1,analysis,PRESENT-80,8,1,202,D1_vs_D1,10000,16,0.10502352565526962,4d1880480b04d64be4a6e21ce0c4d71f5be40fd916609fa3779b11641be5cc91,e17494764a0b70d71507941c0870a216154a356e6eed2a4bcdcd75a1fdd00e85,False,0.0044695655815303326,0.9,0.006233561784029007,0.011169629637151951,0.005228346912190318,-0.0007587813306599855,rbf,3.1088671684265137,shared_main_reference,100,b5b516235b417515b144e491d55905572c819471b0af9df7ee5f05a2d3eb24f5,771e89cf815df46c8da5ad2ee77b8821252e3e42ae1a5eb861b2a9d4c267d94a,88061b57a41f68fd6193268d971175ff906cf059c22ec4963c70e8927ff58d29,completed
present80_projected_mmd_full,present80_rkmp_controls_v1,present80_rkmp_controls_v1,analysis,PRESENT-80,8,1,202,pair_shuffled,10000,16,0.10502352565526962,4d1880480b04d64be4a6e21ce0c4d71f5be40fd916609fa3779b11641be5cc91,e17494764a0b70d71507941c0870a216154a356e6eed2a4bcdcd75a1fdd00e85,False,0.013455132022500038,0.05,0.006862889975309372,0.010626771114766596,0.005228346912190318,0.00822678511030972,rbf,3.1088671684265137,shared_main_reference,100,b5b516235b417515b144e491d55905572c819471b0af9df7ee5f05a2d3eb24f5,771e89cf815df46c8da5ad2ee77b8821252e3e42ae1a5eb861b2a9d4c267d94a,88061b57a41f68fd6193268d971175ff906cf059c22ec4963c70e8927ff58d29,completed
present80_projected_mmd_full,present80_rkmp_controls_v1,present80_rkmp_controls_v1,analysis,PRESENT-80,8,1,203,D0_vs_D0,10000,16,0.1047484278678894,125a2348c0812a0b160950bea2fb53d1a3a1d1977f27eb73f16b3fb4bed5cf15,e17494764a0b70d71507941c0870a216154a356e6eed2a4bcdcd75a1fdd00e85,False,0.010024852119386196,0.1,0.007076258305460215,0.009631501883268355,0.011949317529797554,-0.0019244654104113579,rbf,3.1166014671325684,shared_main_reference,100,3c44df424135d2c9fa3085601be3a390eb0e1b5c16b9229b29d6bfd65d689f76,771e89cf815df46c8da5ad2ee77b8821252e3e42ae1a5eb861b2a9d4c267d94a,16823268392a9477144121aaf8170c8cc9e9ae17019399f872477f2e7b51efb0,completed
present80_projected_mmd_full,present80_rkmp_controls_v1,present80_rkmp_controls_v1,analysis,PRESENT-80,8,1,203,D1_vs_D0,10000,16,0.1047484278678894,125a2348c0812a0b160950bea2fb53d1a3a1d1977f27eb73f16b3fb4bed5cf15,e17494764a0b70d71507941c0870a216154a356e6eed2a4bcdcd75a1fdd00e85,False,0.011238097213208675,0.2,0.00713563384488225,0.012326484080404038,0.011949317529797554,-0.0007112203165888786,rbf,3.1166014671325684,shared_main_reference,100,3c44df424135d2c9fa3085601be3a390eb0e1b5c16b9229b29d6bfd65d689f76,771e89cf815df46c8da5ad2ee77b8821252e3e42ae1a5eb861b2a9d4c267d94a,16823268392a9477144121aaf8170c8cc9e9ae17019399f872477f2e7b51efb0,completed
present80_projected_mmd_full,present80_rkmp_controls_v1,present80_rkmp_controls_v1,analysis,PRESENT-80,8,1,203,D1_vs_D1,10000,16,0.1047484278678894,125a2348c0812a0b160950bea2fb53d1a3a1d1977f27eb73f16b3fb4bed5cf15,e17494764a0b70d71507941c0870a216154a356e6eed2a4bcdcd75a1fdd00e85,False,0.013873782940208912,0.05,0.006752141751348972,0.00947799906134605,0.011949317529797554,0.0019244654104113579,rbf,3.1166014671325684,shared_main_reference,100,3c44df424135d2c9fa3085601be3a390eb0e1b5c16b9229b29d6bfd65d689f76,771e89cf815df46c8da5ad2ee77b8821252e3e42ae1a5eb861b2a9d4c267d94a,16823268392a9477144121aaf8170c8cc9e9ae17019399f872477f2e7b51efb0,completed
present80_projected_mmd_full,present80_rkmp_controls_v1,present80_rkmp_controls_v1,analysis,PRESENT-80,8,1,203,pair_shuffled,10000,16,0.1047484278678894,125a2348c0812a0b160950bea2fb53d1a3a1d1977f27eb73f16b3fb4bed5cf15,e17494764a0b70d71507941c0870a216154a356e6eed2a4bcdcd75a1fdd00e85,False,0.011408318765461445,0.05,0.007781847380101681,0.01044378476217389,0.011949317529797554,-0.0005409987643361092,rbf,3.1166014671325684,shared_main_reference,100,3c44df424135d2c9fa3085601be3a390eb0e1b5c16b9229b29d6bfd65d689f76,771e89cf815df46c8da5ad2ee77b8821252e3e42ae1a5eb861b2a9d4c267d94a,16823268392a9477144121aaf8170c8cc9e9ae17019399f872477f2e7b51efb0,completed
present80_projected_mmd_full,present80_rkmp_controls_v1,present80_rkmp_controls_v1,analysis,PRESENT-80,8,2,201,D0_vs_D0,10000,16,0.05839405953884125,13c7bf4e9d38f3b7e388de8fec84f616099efa8c154cbd09a13b714a57e38003,e17494764a0b70d71507941c0870a216154a356e6eed2a4bcdcd75a1fdd00e85,,0.007118393201380968,0.55,0.007147996220737696,0.009245959576219317,0.006491807755082846,0.0006265854462981224,rbf,3.2864112854003906,shared_main_reference,100,421dedccfbb804b968e2c2c6b1efc0b1e502d8cfe328588cac4d754f80eb8408,771e89cf815df46c8da5ad2ee77b8821252e3e42ae1a5eb861b2a9d4c267d94a,0f513eee73f55918b3079ca23c917f5ded7f14341dd594ee44ead5790bb38b5a,completed
present80_projected_mmd_full,present80_rkmp_controls_v1,present80_rkmp_controls_v1,analysis,PRESENT-80,8,2,201,D1_vs_D0,10000,16,0.05839405953884125,13c7bf4e9d38f3b7e388de8fec84f616099efa8c154cbd09a13b714a57e38003,e17494764a0b70d71507941c0870a216154a356e6eed2a4bcdcd75a1fdd00e85,,0.009774208068847656,0.1,0.007888661697506905,0.009365694969892495,0.006491807755082846,0.0032824003137648106,rbf,3.2864112854003906,shared_main_reference,100,421dedccfbb804b968e2c2c6b1efc0b1e502d8cfe328588cac4d754f80eb8408,771e89cf815df46c8da5ad2ee77b8821252e3e42ae1a5eb861b2a9d4c267d94a,0f513eee73f55918b3079ca23c917f5ded7f14341dd594ee44ead5790bb38b5a,completed
present80_projected_mmd_full,present80_rkmp_controls_v1,present80_rkmp_controls_v1,analysis,PRESENT-80,8,2,201,D1_vs_D1,10000,16,0.05839405953884125,13c7bf4e9d38f3b7e388de8fec84f616099efa8c154cbd09a13b714a57e38003,e17494764a0b70d71507941c0870a216154a356e6eed2a4bcdcd75a1fdd00e85,,0.005865222308784723,0.7,0.0062032402493059635,0.010794021096080533,0.006491807755082846,-0.0006265854462981224,rbf,3.2864112854003906,shared_main_reference,100,421dedccfbb804b968e2c2c6b1efc0b1e502d8cfe328588cac4d754f80eb8408,771e89cf815df46c8da5ad2ee77b8821252e3e42ae1a5eb861b2a9d4c267d94a,0f513eee73f55918b3079ca23c917f5ded7f14341dd594ee44ead5790bb38b5a,completed
present80_projected_mmd_full,present80_rkmp_controls_v1,present80_rkmp_controls_v1,analysis,PRESENT-80,8,2,201,pair_shuffled,10000,16,0.05839405953884125,13c7bf4e9d38f3b7e388de8fec84f616099efa8c154cbd09a13b714a57e38003,e17494764a0b70d71507941c0870a216154a356e6eed2a4bcdcd75a1fdd00e85,,0.013786815106868744,0.05,0.007332750596106052,0.010846399143338202,0.006491807755082846,0.007295007351785898,rbf,3.2864112854003906,shared_main_reference,100,421dedccfbb804b968e2c2c6b1efc0b1e502d8cfe328588cac4d754f80eb8408,771e89cf815df46c8da5ad2ee77b8821252e3e42ae1a5eb861b2a9d4c267d94a,0f513eee73f55918b3079ca23c917f5ded7f14341dd594ee44ead5790bb38b5a,completed
present80_projected_mmd_full,present80_rkmp_controls_v1,present80_rkmp_controls_v1,analysis,PRESENT-80,8,2,202,D0_vs_D0,10000,16,0.058098312467336655,5fbeee283759cf10588fb5fbbe688c4d4438908f31cd57147bf637569092374c,e17494764a0b70d71507941c0870a216154a356e6eed2a4bcdcd75a1fdd00e85,,0.0037794378586113453,0.9,0.005700177513062954,0.00864565698429942,0.004321690881624818,-0.0005422530230134726,rbf,3.3035190105438232,shared_main_reference,100,df79f6a8a4d84e6a3a7d3fa46305e3864db9e06edfc18af04577fd58f7d07f91,771e89cf815df46c8da5ad2ee77b8821252e3e42ae1a5eb861b2a9d4c267d94a,1a97aa35d492f128642d8b99f36355e3aabf7e763ff330f21122b5ec9719eac0,completed
present80_projected_mmd_full,present80_rkmp_controls_v1,present80_rkmp_controls_v1,analysis,PRESENT-80,8,2,202,D1_vs_D0,10000,16,0.058098312467336655,5fbeee283759cf10588fb5fbbe688c4d4438908f31cd57147bf637569092374c,e17494764a0b70d71507941c0870a216154a356e6eed2a4bcdcd75a1fdd00e85,,0.0053870780393481255,0.9,0.007897989824414253,0.009982455614954233,0.004321690881624818,0.0010653871577233076,rbf,3.3035190105438232,shared_main_reference,100,df79f6a8a4d84e6a3a7d3fa46305e3864db9e06edfc18af04577fd58f7d07f91,771e89cf815df46c8da5ad2ee77b8821252e3e42ae1a5eb861b2a9d4c267d94a,1a97aa35d492f128642d8b99f36355e3aabf7e763ff330f21122b5ec9719eac0,completed
present80_projected_mmd_full,present80_rkmp_controls_v1,present80_rkmp_controls_v1,analysis,PRESENT-80,8,2,202,D1_vs_D1,10000,16,0.058098312467336655,5fbeee283759cf10588fb5fbbe688c4d4438908f31cd57147bf637569092374c,e17494764a0b70d71507941c0870a216154a356e6eed2a4bcdcd75a1fdd00e85,,0.00486394390463829,0.7,0.005326826591044664,0.00879786405712366,0.004321690881624818,0.0005422530230134726,rbf,3.3035190105438232,shared_main_reference,100,df79f6a8a4d84e6a3a7d3fa46305e3864db9e06edfc18af04577fd58f7d07f91,771e89cf815df46c8da5ad2ee77b8821252e3e42ae1a5eb861b2a9d4c267d94a,1a97aa35d492f128642d8b99f36355e3aabf7e763ff330f21122b5ec9719eac0,completed
present80_projected_mmd_full,present80_rkmp_controls_v1,present80_rkmp_controls_v1,analysis,PRESENT-80,8,2,202,pair_shuffled,10000,16,0.058098312467336655,5fbeee283759cf10588fb5fbbe688c4d4438908f31cd57147bf637569092374c,e17494764a0b70d71507941c0870a216154a356e6eed2a4bcdcd75a1fdd00e85,,0.009228228591382504,0.4,0.007425363641232252,0.011306387465447187,0.004321690881624818,0.004906537709757686,rbf,3.3035190105438232,shared_main_reference,100,df79f6a8a4d84e6a3a7d3fa46305e3864db9e06edfc18af04577fd58f7d07f91,771e89cf815df46c8da5ad2ee77b8821252e3e42ae1a5eb861b2a9d4c267d94a,1a97aa35d492f128642d8b99f36355e3aabf7e763ff330f21122b5ec9719eac0,completed
present80_projected_mmd_full,present80_rkmp_controls_v1,present80_rkmp_controls_v1,analysis,PRESENT-80,8,2,203,D0_vs_D0,10000,16,0.05816368758678436,c088e0530b361e4516b30b2898573f828b6040cf4b7f92894a99779c7fd498ea,e17494764a0b70d71507941c0870a216154a356e6eed2a4bcdcd75a1fdd00e85,,0.004833545535802841,0.8,0.006004928145557642,0.009549358859658238,0.005356840789318085,-0.0005232952535152435,rbf,3.2574470043182373,shared_main_reference,100,7787daaa1c2ffc2fa80f5ecf37f79804d771cdd34c0e62ef30e88a6f50186ddf,771e89cf815df46c8da5ad2ee77b8821252e3e42ae1a5eb861b2a9d4c267d94a,67a22e1c2dbda4db13d03b05d5277e9485e393308711e6dd59723c7cf077112a,completed
present80_projected_mmd_full,present80_rkmp_controls_v1,present80_rkmp_controls_v1,analysis,PRESENT-80,8,2,203,D1_vs_D0,10000,16,0.05816368758678436,c088e0530b361e4516b30b2898573f828b6040cf4b7f92894a99779c7fd498ea,e17494764a0b70d71507941c0870a216154a356e6eed2a4bcdcd75a1fdd00e85,,0.009133105166256428,0.3,0.007278008386492729,0.010571310576051473,0.005356840789318085,0.003776264376938343,rbf,3.2574470043182373,shared_main_reference,100,7787daaa1c2ffc2fa80f5ecf37f79804d771cdd34c0e62ef30e88a6f50186ddf,771e89cf815df46c8da5ad2ee77b8821252e3e42ae1a5eb861b2a9d4c267d94a,67a22e1c2dbda4db13d03b05d5277e9485e393308711e6dd59723c7cf077112a,completed
present80_projected_mmd_full,present80_rkmp_controls_v1,present80_rkmp_controls_v1,analysis,PRESENT-80,8,2,203,D1_vs_D1,10000,16,0.05816368758678436,c088e0530b361e4516b30b2898573f828b6040cf4b7f92894a99779c7fd498ea,e17494764a0b70d71507941c0870a216154a356e6eed2a4bcdcd75a1fdd00e85,,0.005880136042833328,0.65,0.006190845742821693,0.010075141862034795,0.005356840789318085,0.0005232952535152435,rbf,3.2574470043182373,shared_main_reference,100,7787daaa1c2ffc2fa80f5ecf37f79804d771cdd34c0e62ef30e88a6f50186ddf,771e89cf815df46c8da5ad2ee77b8821252e3e42ae1a5eb861b2a9d4c267d94a,67a22e1c2dbda4db13d03b05d5277e9485e393308711e6dd59723c7cf077112a,completed
present80_projected_mmd_full,present80_rkmp_controls_v1,present80_rkmp_controls_v1,analysis,PRESENT-80,8,2,203,pair_shuffled,10000,16,0.05816368758678436,c088e0530b361e4516b30b2898573f828b6040cf4b7f92894a99779c7fd498ea,e17494764a0b70d71507941c0870a216154a356e6eed2a4bcdcd75a1fdd00e85,,0.01351088471710682,0.05,0.008241008967161179,0.011654210463166234,0.005356840789318085,0.008154043927788734,rbf,3.2574470043182373,shared_main_reference,100,7787daaa1c2ffc2fa80f5ecf37f79804d771cdd34c0e62ef30e88a6f50186ddf,771e89cf815df46c8da5ad2ee77b8821252e3e42ae1a5eb861b2a9d4c267d94a,67a22e1c2dbda4db13d03b05d5277e9485e393308711e6dd59723c7cf077112a,completed
present80_projected_mmd_full,present80_rkmp_controls_v1,present80_rkmp_controls_v1,analysis,PRESENT-80,8,4,201,D0_vs_D0,10000,16,0.03326902166008949,9503d9f2acf89776edb1d702faf3237ffaa89514887f44e2bad741d47682f94d,e17494764a0b70d71507941c0870a216154a356e6eed2a4bcdcd75a1fdd00e85,,0.007814547047019005,0.2,0.005989615339785814,0.009321313723921771,0.006420365301892161,0.0013941817451268435,rbf,3.4895849227905273,shared_main_reference,100,043d77f92f9b43bf687e48c4e3927cf0a385e0c889f8ceb76bc94f2f94cd1b58,771e89cf815df46c8da5ad2ee77b8821252e3e42ae1a5eb861b2a9d4c267d94a,28b42567801a1a1b4dc243e8db24b495684c45e82d19d641c7415e90318c124a,completed
present80_projected_mmd_full,present80_rkmp_controls_v1,present80_rkmp_controls_v1,analysis,PRESENT-80,8,4,201,D1_vs_D0,10000,16,0.03326902166008949,9503d9f2acf89776edb1d702faf3237ffaa89514887f44e2bad741d47682f94d,e17494764a0b70d71507941c0870a216154a356e6eed2a4bcdcd75a1fdd00e85,,0.018061181530356407,0.05,0.007977427914738655,0.013202455919235941,0.006420365301892161,0.011640816228464246,rbf,3.4895849227905273,shared_main_reference,100,043d77f92f9b43bf687e48c4e3927cf0a385e0c889f8ceb76bc94f2f94cd1b58,771e89cf815df46c8da5ad2ee77b8821252e3e42ae1a5eb861b2a9d4c267d94a,28b42567801a1a1b4dc243e8db24b495684c45e82d19d641c7415e90318c124a,completed
present80_projected_mmd_full,present80_rkmp_controls_v1,present80_rkmp_controls_v1,analysis,PRESENT-80,8,4,201,D1_vs_D1,10000,16,0.03326902166008949,9503d9f2acf89776edb1d702faf3237ffaa89514887f44e2bad741d47682f94d,e17494764a0b70d71507941c0870a216154a356e6eed2a4bcdcd75a1fdd00e85,,0.005026183556765318,0.7,0.005583133548498154,0.008125873375684023,0.006420365301892161,-0.0013941817451268435,rbf,3.4895849227905273,shared_main_reference,100,043d77f92f9b43bf687e48c4e3927cf0a385e0c889f8ceb76bc94f2f94cd1b58,771e89cf815df46c8da5ad2ee77b8821252e3e42ae1a5eb861b2a9d4c267d94a,28b42567801a1a1b4dc243e8db24b495684c45e82d19d641c7415e90318c124a,completed
present80_projected_mmd_full,present80_rkmp_controls_v1,present80_rkmp_controls_v1,analysis,PRESENT-80,8,4,201,pair_shuffled,10000,16,0.03326902166008949,9503d9f2acf89776edb1d702faf3237ffaa89514887f44e2bad741d47682f94d,e17494764a0b70d71507941c0870a216154a356e6eed2a4bcdcd75a1fdd00e85,,0.015361202880740166,0.05,0.006843816488981247,0.011133495811372992,0.006420365301892161,0.008940837578848004,rbf,3.4895849227905273,shared_main_reference,100,043d77f92f9b43bf687e48c4e3927cf0a385e0c889f8ceb76bc94f2f94cd1b58,771e89cf815df46c8da5ad2ee77b8821252e3e42ae1a5eb861b2a9d4c267d94a,28b42567801a1a1b4dc243e8db24b495684c45e82d19d641c7415e90318c124a,completed
present80_projected_mmd_full,present80_rkmp_controls_v1,present80_rkmp_controls_v1,analysis,PRESENT-80,8,4,202,D0_vs_D0,10000,16,0.03342122212052345,912833222b4a9e84a3f419cd6e58f30fac1c298263b3a3e9ab7ed21007bdc8e8,e17494764a0b70d71507941c0870a216154a356e6eed2a4bcdcd75a1fdd00e85,,0.004958698526024818,0.4,0.004105526953935623,0.006718714023008942,0.004761556163430214,0.0001971423625946045,rbf,3.500972270965576,shared_main_reference,100,9db2b268819e0bf09b59656969fd8024bfa020767a58b995885b4da0c4127c61,771e89cf815df46c8da5ad2ee77b8821252e3e42ae1a5eb861b2a9d4c267d94a,0bead40c0000615fe9ad1f640dfc8627898a7068a5100419ca106a5a88afda95,completed
present80_projected_mmd_full,present80_rkmp_controls_v1,present80_rkmp_controls_v1,analysis,PRESENT-80,8,4,202,D1_vs_D0,10000,16,0.03342122212052345,912833222b4a9e84a3f419cd6e58f30fac1c298263b3a3e9ab7ed21007bdc8e8,e17494764a0b70d71507941c0870a216154a356e6eed2a4bcdcd75a1fdd00e85,,0.02247895672917366,0.05,0.0069507937878370285,0.011038935184478757,0.004761556163430214,0.017717400565743446,rbf,3.500972270965576,shared_main_reference,100,9db2b268819e0bf09b59656969fd8024bfa020767a58b995885b4da0c4127c61,771e89cf815df46c8da5ad2ee77b8821252e3e42ae1a5eb861b2a9d4c267d94a,0bead40c0000615fe9ad1f640dfc8627898a7068a5100419ca106a5a88afda95,completed
present80_projected_mmd_full,present80_rkmp_controls_v1,present80_rkmp_controls_v1,analysis,PRESENT-80,8,4,202,D1_vs_D1,10000,16,0.03342122212052345,912833222b4a9e84a3f419cd6e58f30fac1c298263b3a3e9ab7ed21007bdc8e8,e17494764a0b70d71507941c0870a216154a356e6eed2a4bcdcd75a1fdd00e85,,0.0045644138008356094,0.8,0.005970393307507038,0.00947621539235115,0.004761556163430214,-0.0001971423625946045,rbf,3.500972270965576,shared_main_reference,100,9db2b268819e0bf09b59656969fd8024bfa020767a58b995885b4da0c4127c61,771e89cf815df46c8da5ad2ee77b8821252e3e42ae1a5eb861b2a9d4c267d94a,0bead40c0000615fe9ad1f640dfc8627898a7068a5100419ca106a5a88afda95,completed
present80_projected_mmd_full,present80_rkmp_controls_v1,present80_rkmp_controls_v1,analysis,PRESENT-80,8,4,202,pair_shuffled,10000,16,0.03342122212052345,912833222b4a9e84a3f419cd6e58f30fac1c298263b3a3e9ab7ed21007bdc8e8,e17494764a0b70d71507941c0870a216154a356e6eed2a4bcdcd75a1fdd00e85,,0.01513754390180111,0.05,0.006995237432420254,0.009963706322014331,0.004761556163430214,0.010375987738370895,rbf,3.500972270965576,shared_main_reference,100,9db2b268819e0bf09b59656969fd8024bfa020767a58b995885b4da0c4127c61,771e89cf815df46c8da5ad2ee77b8821252e3e42ae1a5eb861b2a9d4c267d94a,0bead40c0000615fe9ad1f640dfc8627898a7068a5100419ca106a5a88afda95,completed
present80_projected_mmd_full,present80_rkmp_controls_v1,present80_rkmp_controls_v1,analysis,PRESENT-80,8,4,203,D0_vs_D0,10000,16,0.03334477171301842,3c17fcddc6d9801b71707f45e978c837d6c923e8f498fd9c928c02a2be760f2a,e17494764a0b70d71507941c0870a216154a356e6eed2a4bcdcd75a1fdd00e85,,0.004929662682116032,0.7,0.006141142453998327,0.00870838351547718,0.005540279438719153,-0.0006106167566031218,rbf,3.4949491024017334,shared_main_reference,100,d13e0b835a0751cf938cda531693cc2f8d6428dc10f7bc996ae7f5297288d2b9,771e89cf815df46c8da5ad2ee77b8821252e3e42ae1a5eb861b2a9d4c267d94a,4102dc11531f370b2ce4d743a0af6cfaec2a380ca5d29035df70513368ce0575,completed
present80_projected_mmd_full,present80_rkmp_controls_v1,present80_rkmp_controls_v1,analysis,PRESENT-80,8,4,203,D1_vs_D0,10000,16,0.03334477171301842,3c17fcddc6d9801b71707f45e978c837d6c923e8f498fd9c928c02a2be760f2a,e17494764a0b70d71507941c0870a216154a356e6eed2a4bcdcd75a1fdd00e85,,0.0135941868647933,0.1,0.008597814477980137,0.013844622112810604,0.005540279438719153,0.008053907426074147,rbf,3.4949491024017334,shared_main_reference,100,d13e0b835a0751cf938cda531693cc2f8d6428dc10f7bc996ae7f5297288d2b9,771e89cf815df46c8da5ad2ee77b8821252e3e42ae1a5eb861b2a9d4c267d94a,4102dc11531f370b2ce4d743a0af6cfaec2a380ca5d29035df70513368ce0575,completed
present80_projected_mmd_full,present80_rkmp_controls_v1,present80_rkmp_controls_v1,analysis,PRESENT-80,8,4,203,D1_vs_D1,10000,16,0.03334477171301842,3c17fcddc6d9801b71707f45e978c837d6c923e8f498fd9c928c02a2be760f2a,e17494764a0b70d71507941c0870a216154a356e6eed2a4bcdcd75a1fdd00e85,,0.006150896195322275,0.35,0.005804240703582764,0.008161361142992972,0.005540279438719153,0.0006106167566031218,rbf,3.4949491024017334,shared_main_reference,100,d13e0b835a0751cf938cda531693cc2f8d6428dc10f7bc996ae7f5297288d2b9,771e89cf815df46c8da5ad2ee77b8821252e3e42ae1a5eb861b2a9d4c267d94a,4102dc11531f370b2ce4d743a0af6cfaec2a380ca5d29035df70513368ce0575,completed
present80_projected_mmd_full,present80_rkmp_controls_v1,present80_rkmp_controls_v1,analysis,PRESENT-80,8,4,203,pair_shuffled,10000,16,0.03334477171301842,3c17fcddc6d9801b71707f45e978c837d6c923e8f498fd9c928c02a2be760f2a,e17494764a0b70d71507941c0870a216154a356e6eed2a4bcdcd75a1fdd00e85,,0.017710819840431213,0.05,0.007276840507984161,0.009561858978122473,0.005540279438719153,0.01217054040171206,rbf,3.4949491024017334,shared_main_reference,100,d13e0b835a0751cf938cda531693cc2f8d6428dc10f7bc996ae7f5297288d2b9,771e89cf815df46c8da5ad2ee77b8821252e3e42ae1a5eb861b2a9d4c267d94a,4102dc11531f370b2ce4d743a0af6cfaec2a380ca5d29035df70513368ce0575,completed
present80_projected_mmd_full,present80_rkmp_controls_v1,present80_rkmp_controls_v1,analysis,PRESENT-80,8,8,201,D0_vs_D0,10000,16,0.01874380372464657,9dc4e4ea3100682e38e3a71493da20e138c9d5fa04a437fa3337555bbb86908e,e17494764a0b70d71507941c0870a216154a356e6eed2a4bcdcd75a1fdd00e85,,0.006279474589973688,0.3,0.004357933532446623,0.008180283103138203,0.005654212320223451,0.0006252622697502375,rbf,3.7084450721740723,shared_main_reference,100,ef39b9ed0d82681797ff84b00a0b239f2269413979cf68efc85905c34ae5393c,771e89cf815df46c8da5ad2ee77b8821252e3e42ae1a5eb861b2a9d4c267d94a,2eae4af7a2da7be46829398aefb2f56abebc227b2b474f87d7f985b4462e9c5f,completed
present80_projected_mmd_full,present80_rkmp_controls_v1,present80_rkmp_controls_v1,analysis,PRESENT-80,8,8,201,D1_vs_D0,10000,16,0.01874380372464657,9dc4e4ea3100682e38e3a71493da20e138c9d5fa04a437fa3337555bbb86908e,e17494764a0b70d71507941c0870a216154a356e6eed2a4bcdcd75a1fdd00e85,,0.008695377968251705,0.4,0.008273229002952576,0.010433068592101335,0.005654212320223451,0.0030411656480282545,rbf,3.7084450721740723,shared_main_reference,100,ef39b9ed0d82681797ff84b00a0b239f2269413979cf68efc85905c34ae5393c,771e89cf815df46c8da5ad2ee77b8821252e3e42ae1a5eb861b2a9d4c267d94a,2eae4af7a2da7be46829398aefb2f56abebc227b2b474f87d7f985b4462e9c5f,completed
present80_projected_mmd_full,present80_rkmp_controls_v1,present80_rkmp_controls_v1,analysis,PRESENT-80,8,8,201,D1_vs_D1,10000,16,0.01874380372464657,9dc4e4ea3100682e38e3a71493da20e138c9d5fa04a437fa3337555bbb86908e,e17494764a0b70d71507941c0870a216154a356e6eed2a4bcdcd75a1fdd00e85,,0.005028950050473213,0.35,0.004214521497488022,0.007149466779083011,0.005654212320223451,-0.0006252622697502375,rbf,3.7084450721740723,shared_main_reference,100,ef39b9ed0d82681797ff84b00a0b239f2269413979cf68efc85905c34ae5393c,771e89cf815df46c8da5ad2ee77b8821252e3e42ae1a5eb861b2a9d4c267d94a,2eae4af7a2da7be46829398aefb2f56abebc227b2b474f87d7f985b4462e9c5f,completed
present80_projected_mmd_full,present80_rkmp_controls_v1,present80_rkmp_controls_v1,analysis,PRESENT-80,8,8,201,pair_shuffled,10000,16,0.01874380372464657,9dc4e4ea3100682e38e3a71493da20e138c9d5fa04a437fa3337555bbb86908e,e17494764a0b70d71507941c0870a216154a356e6eed2a4bcdcd75a1fdd00e85,,0.018328450620174408,0.05,0.006326871924102306,0.008593158237636088,0.005654212320223451,0.012674238299950957,rbf,3.7084450721740723,shared_main_reference,100,ef39b9ed0d82681797ff84b00a0b239f2269413979cf68efc85905c34ae5393c,771e89cf815df46c8da5ad2ee77b8821252e3e42ae1a5eb861b2a9d4c267d94a,2eae4af7a2da7be46829398aefb2f56abebc227b2b474f87d7f985b4462e9c5f,completed
present80_projected_mmd_full,present80_rkmp_controls_v1,present80_rkmp_controls_v1,analysis,PRESENT-80,8,8,202,D0_vs_D0,10000,16,0.01876961626112461,7c2c85532e4fcfc6b89e3e70c28d485ce9450b9afebf937d61abdf3b4a48cafd,e17494764a0b70d71507941c0870a216154a356e6eed2a4bcdcd75a1fdd00e85,,0.008840388618409634,0.1,0.0049615055322647095,0.007753098476678129,0.006864052498713136,0.001976336119696498,rbf,3.751526355743408,shared_main_reference,100,7f8448c89a6dba77d8e91125cdcb20b3f201829811067b0f2786a3d08bbe8196,771e89cf815df46c8da5ad2ee77b8821252e3e42ae1a5eb861b2a9d4c267d94a,b8f5ff5a6ee0e7b3d718e30ef1434001fd50800f0236ddbf63acba37a56c0e41,completed
present80_projected_mmd_full,present80_rkmp_controls_v1,present80_rkmp_controls_v1,analysis,PRESENT-80,8,8,202,D1_vs_D0,10000,16,0.01876961626112461,7c2c85532e4fcfc6b89e3e70c28d485ce9450b9afebf937d61abdf3b4a48cafd,e17494764a0b70d71507941c0870a216154a356e6eed2a4bcdcd75a1fdd00e85,,0.01584993489086628,0.05,0.007940759882330894,0.010558286402374504,0.006864052498713136,0.008985882392153144,rbf,3.751526355743408,shared_main_reference,100,7f8448c89a6dba77d8e91125cdcb20b3f201829811067b0f2786a3d08bbe8196,771e89cf815df46c8da5ad2ee77b8821252e3e42ae1a5eb861b2a9d4c267d94a,b8f5ff5a6ee0e7b3d718e30ef1434001fd50800f0236ddbf63acba37a56c0e41,completed
present80_projected_mmd_full,present80_rkmp_controls_v1,present80_rkmp_controls_v1,analysis,PRESENT-80,8,8,202,D1_vs_D1,10000,16,0.01876961626112461,7c2c85532e4fcfc6b89e3e70c28d485ce9450b9afebf937d61abdf3b4a48cafd,e17494764a0b70d71507941c0870a216154a356e6eed2a4bcdcd75a1fdd00e85,,0.004887716379016638,0.35,0.004519307054579258,0.006554143968969582,0.006864052498713136,-0.001976336119696498,rbf,3.751526355743408,shared_main_reference,100,7f8448c89a6dba77d8e91125cdcb20b3f201829811067b0f2786a3d08bbe8196,771e89cf815df46c8da5ad2ee77b8821252e3e42ae1a5eb861b2a9d4c267d94a,b8f5ff5a6ee0e7b3d718e30ef1434001fd50800f0236ddbf63acba37a56c0e41,completed
present80_projected_mmd_full,present80_rkmp_controls_v1,present80_rkmp_controls_v1,analysis,PRESENT-80,8,8,202,pair_shuffled,10000,16,0.01876961626112461,7c2c85532e4fcfc6b89e3e70c28d485ce9450b9afebf937d61abdf3b4a48cafd,e17494764a0b70d71507941c0870a216154a356e6eed2a4bcdcd75a1fdd00e85,,0.023404736071825027,0.05,0.006110912188887596,0.00991071313619613,0.006864052498713136,0.016540683573111892,rbf,3.751526355743408,shared_main_reference,100,7f8448c89a6dba77d8e91125cdcb20b3f201829811067b0f2786a3d08bbe8196,771e89cf815df46c8da5ad2ee77b8821252e3e42ae1a5eb861b2a9d4c267d94a,b8f5ff5a6ee0e7b3d718e30ef1434001fd50800f0236ddbf63acba37a56c0e41,completed
present80_projected_mmd_full,present80_rkmp_controls_v1,present80_rkmp_controls_v1,analysis,PRESENT-80,8,8,203,D0_vs_D0,10000,16,0.01869707740843296,9b16adade89370a14f902d93f29d61155f9a3552b4b920201d40f5c09b1c3d11,e17494764a0b70d71507941c0870a216154a356e6eed2a4bcdcd75a1fdd00e85,,0.005708007607609034,0.45,0.00532897561788559,0.007433977304026483,0.004207090940326452,0.0015009166672825813,rbf,3.7552342414855957,shared_main_reference,100,a064eef058ebbdd0c3829fd9bd20525f730f22d3b1c939bf1071854dddeeb981,771e89cf815df46c8da5ad2ee77b8821252e3e42ae1a5eb861b2a9d4c267d94a,c27b78a0db405036fff89f8d7c52a4e49695835158664ae4240d4048912dac6e,completed
present80_projected_mmd_full,present80_rkmp_controls_v1,present80_rkmp_controls_v1,analysis,PRESENT-80,8,8,203,D1_vs_D0,10000,16,0.01869707740843296,9b16adade89370a14f902d93f29d61155f9a3552b4b920201d40f5c09b1c3d11,e17494764a0b70d71507941c0870a216154a356e6eed2a4bcdcd75a1fdd00e85,,0.019705303013324738,0.05,0.007112186402082443,0.011165315937250848,0.004207090940326452,0.015498212072998285,rbf,3.7552342414855957,shared_main_reference,100,a064eef058ebbdd0c3829fd9bd20525f730f22d3b1c939bf1071854dddeeb981,771e89cf815df46c8da5ad2ee77b8821252e3e42ae1a5eb861b2a9d4c267d94a,c27b78a0db405036fff89f8d7c52a4e49695835158664ae4240d4048912dac6e,completed
present80_projected_mmd_full,present80_rkmp_controls_v1,present80_rkmp_controls_v1,analysis,PRESENT-80,8,8,203,D1_vs_D1,10000,16,0.01869707740843296,9b16adade89370a14f902d93f29d61155f9a3552b4b920201d40f5c09b1c3d11,e17494764a0b70d71507941c0870a216154a356e6eed2a4bcdcd75a1fdd00e85,,0.002706174273043871,0.95,0.005185474641621113,0.007914181239902972,0.004207090940326452,-0.0015009166672825813,rbf,3.7552342414855957,shared_main_reference,100,a064eef058ebbdd0c3829fd9bd20525f730f22d3b1c939bf1071854dddeeb981,771e89cf815df46c8da5ad2ee77b8821252e3e42ae1a5eb861b2a9d4c267d94a,c27b78a0db405036fff89f8d7c52a4e49695835158664ae4240d4048912dac6e,completed
present80_projected_mmd_full,present80_rkmp_controls_v1,present80_rkmp_controls_v1,analysis,PRESENT-80,8,8,203,pair_shuffled,10000,16,0.01869707740843296,9b16adade89370a14f902d93f29d61155f9a3552b4b920201d40f5c09b1c3d11,e17494764a0b70d71507941c0870a216154a356e6eed2a4bcdcd75a1fdd00e85,,0.018707163631916046,0.05,0.00569532485678792,0.007909571938216686,0.004207090940326452,0.014500072691589594,rbf,3.7552342414855957,shared_main_reference,100,a064eef058ebbdd0c3829fd9bd20525f730f22d3b1c939bf1071854dddeeb981,771e89cf815df46c8da5ad2ee77b8821252e3e42ae1a5eb861b2a9d4c267d94a,c27b78a0db405036fff89f8d7c52a4e49695835158664ae4240d4048912dac6e,completed
present80_projected_mmd_full,present80_rkmp_controls_v1,present80_rkmp_controls_v1,analysis,PRESENT-80,8,16,201,D0_vs_D0,10000,16,0.011678142473101616,00f7e1acd6c6c66a7babc3f67cf07c915892544f9fad604cd4ee723a48cdb8ce,e17494764a0b70d71507941c0870a216154a356e6eed2a4bcdcd75a1fdd00e85,,0.005057569593191147,0.15,0.003687526099383831,0.005299886316061015,0.0046837294939905405,0.00037384009920060635,rbf,4.1741132736206055,shared_main_reference,100,51231667276b9bf24aa174d7bc5e4fc55bbf50581c51840b67609ee1241d3520,771e89cf815df46c8da5ad2ee77b8821252e3e42ae1a5eb861b2a9d4c267d94a,9163bb449bb6d0b6b06ff0f51df3fb274d78d7a6b6a69963fd8403f17e2b518b,completed
present80_projected_mmd_full,present80_rkmp_controls_v1,present80_rkmp_controls_v1,analysis,PRESENT-80,8,16,201,D1_vs_D0,10000,16,0.011678142473101616,00f7e1acd6c6c66a7babc3f67cf07c915892544f9fad604cd4ee723a48cdb8ce,e17494764a0b70d71507941c0870a216154a356e6eed2a4bcdcd75a1fdd00e85,,0.021790452301502228,0.05,0.007677278947085142,0.010287298075854774,0.0046837294939905405,0.017106722807511687,rbf,4.1741132736206055,shared_main_reference,100,51231667276b9bf24aa174d7bc5e4fc55bbf50581c51840b67609ee1241d3520,771e89cf815df46c8da5ad2ee77b8821252e3e42ae1a5eb861b2a9d4c267d94a,9163bb449bb6d0b6b06ff0f51df3fb274d78d7a6b6a69963fd8403f17e2b518b,completed
present80_projected_mmd_full,present80_rkmp_controls_v1,present80_rkmp_controls_v1,analysis,PRESENT-80,8,16,201,D1_vs_D1,10000,16,0.011678142473101616,00f7e1acd6c6c66a7babc3f67cf07c915892544f9fad604cd4ee723a48cdb8ce,e17494764a0b70d71507941c0870a216154a356e6eed2a4bcdcd75a1fdd00e85,,0.004309889394789934,0.35,0.003707326715812087,0.004863124573603271,0.0046837294939905405,-0.00037384009920060635,rbf,4.1741132736206055,shared_main_reference,100,51231667276b9bf24aa174d7bc5e4fc55bbf50581c51840b67609ee1241d3520,771e89cf815df46c8da5ad2ee77b8821252e3e42ae1a5eb861b2a9d4c267d94a,9163bb449bb6d0b6b06ff0f51df3fb274d78d7a6b6a69963fd8403f17e2b518b,completed
present80_projected_mmd_full,present80_rkmp_controls_v1,present80_rkmp_controls_v1,analysis,PRESENT-80,8,16,201,pair_shuffled,10000,16,0.011678142473101616,00f7e1acd6c6c66a7babc3f67cf07c915892544f9fad604cd4ee723a48cdb8ce,e17494764a0b70d71507941c0870a216154a356e6eed2a4bcdcd75a1fdd00e85,,0.03464720398187637,0.05,0.006182451732456684,0.007858042325824498,0.0046837294939905405,0.029963474487885833,rbf,4.1741132736206055,shared_main_reference,100,51231667276b9bf24aa174d7bc5e4fc55bbf50581c51840b67609ee1241d3520,771e89cf815df46c8da5ad2ee77b8821252e3e42ae1a5eb861b2a9d4c267d94a,9163bb449bb6d0b6b06ff0f51df3fb274d78d7a6b6a69963fd8403f17e2b518b,completed
present80_projected_mmd_full,present80_rkmp_controls_v1,present80_rkmp_controls_v1,analysis,PRESENT-80,8,16,202,D0_vs_D0,10000,16,0.011678910814225674,01b3833d1e53ba0aa68e37813254cd505427f9b7253f49fd2b41caccda6e41e8,e17494764a0b70d71507941c0870a216154a356e6eed2a4bcdcd75a1fdd00e85,,0.003644885029643774,0.65,0.004601966589689255,0.007219093898311249,0.0038949879817664623,-0.0002501029521226883,rbf,4.131001949310303,shared_main_reference,100,4a773b1bfd6ffffb861e0d81d7130c039757b0aeb807e2157262117838c09426,771e89cf815df46c8da5ad2ee77b8821252e3e42ae1a5eb861b2a9d4c267d94a,580dbb3cc4d8928186cae4c8623268022dc567d8620750872b01a20d9fd59284,completed
present80_projected_mmd_full,present80_rkmp_controls_v1,present80_rkmp_controls_v1,analysis,PRESENT-80,8,16,202,D1_vs_D0,10000,16,0.011678910814225674,01b3833d1e53ba0aa68e37813254cd505427f9b7253f49fd2b41caccda6e41e8,e17494764a0b70d71507941c0870a216154a356e6eed2a4bcdcd75a1fdd00e85,,0.02742733806371689,0.05,0.008042069151997566,0.011264009959995746,0.0038949879817664623,0.023532350081950426,rbf,4.131001949310303,shared_main_reference,100,4a773b1bfd6ffffb861e0d81d7130c039757b0aeb807e2157262117838c09426,771e89cf815df46c8da5ad2ee77b8821252e3e42ae1a5eb861b2a9d4c267d94a,580dbb3cc4d8928186cae4c8623268022dc567d8620750872b01a20d9fd59284,completed
present80_projected_mmd_full,present80_rkmp_controls_v1,present80_rkmp_controls_v1,analysis,PRESENT-80,8,16,202,D1_vs_D1,10000,16,0.011678910814225674,01b3833d1e53ba0aa68e37813254cd505427f9b7253f49fd2b41caccda6e41e8,e17494764a0b70d71507941c0870a216154a356e6eed2a4bcdcd75a1fdd00e85,,0.004145090933889151,0.5,0.0039712656289339066,0.006630318239331245,0.0038949879817664623,0.0002501029521226883,rbf,4.131001949310303,shared_main_reference,100,4a773b1bfd6ffffb861e0d81d7130c039757b0aeb807e2157262117838c09426,771e89cf815df46c8da5ad2ee77b8821252e3e42ae1a5eb861b2a9d4c267d94a,580dbb3cc4d8928186cae4c8623268022dc567d8620750872b01a20d9fd59284,completed
present80_projected_mmd_full,present80_rkmp_controls_v1,present80_rkmp_controls_v1,analysis,PRESENT-80,8,16,202,pair_shuffled,10000,16,0.011678910814225674,01b3833d1e53ba0aa68e37813254cd505427f9b7253f49fd2b41caccda6e41e8,e17494764a0b70d71507941c0870a216154a356e6eed2a4bcdcd75a1fdd00e85,,0.03467230126261711,0.05,0.0059659178368747234,0.009979190304875367,0.0038949879817664623,0.03077731328085065,rbf,4.131001949310303,shared_main_reference,100,4a773b1bfd6ffffb861e0d81d7130c039757b0aeb807e2157262117838c09426,771e89cf815df46c8da5ad2ee77b8821252e3e42ae1a5eb861b2a9d4c267d94a,580dbb3cc4d8928186cae4c8623268022dc567d8620750872b01a20d9fd59284,completed
present80_projected_mmd_full,present80_rkmp_controls_v1,present80_rkmp_controls_v1,analysis,PRESENT-80,8,16,203,D0_vs_D0,10000,16,0.011655203066766262,e1e4d1dd4600d6b768c48c061d3feed00be804bf288448f708d47c4fac150fae,e17494764a0b70d71507941c0870a216154a356e6eed2a4bcdcd75a1fdd00e85,,0.0038217129185795784,0.75,0.004050389863550663,0.005151311587542296,0.004176492569968104,-0.00035477965138852596,rbf,4.172464370727539,shared_main_reference,100,29ab8f3d0554d4164feb919b9ac4eb4d76e2ff64e8b845b66d35e01c1849d87e,771e89cf815df46c8da5ad2ee77b8821252e3e42ae1a5eb861b2a9d4c267d94a,968ab67f049f6505bd41afd5fe00e69282f40c9bdbadbada02abb55f42cec7d4,completed
present80_projected_mmd_full,present80_rkmp_controls_v1,present80_rkmp_controls_v1,analysis,PRESENT-80,8,16,203,D1_vs_D0,10000,16,0.011655203066766262,e1e4d1dd4600d6b768c48c061d3feed00be804bf288448f708d47c4fac150fae,e17494764a0b70d71507941c0870a216154a356e6eed2a4bcdcd75a1fdd00e85,,0.022071460261940956,0.05,0.007209178060293198,0.009175928495824333,0.004176492569968104,0.017894967691972852,rbf,4.172464370727539,shared_main_reference,100,29ab8f3d0554d4164feb919b9ac4eb4d76e2ff64e8b845b66d35e01c1849d87e,771e89cf815df46c8da5ad2ee77b8821252e3e42ae1a5eb861b2a9d4c267d94a,968ab67f049f6505bd41afd5fe00e69282f40c9bdbadbada02abb55f42cec7d4,completed
present80_projected_mmd_full,present80_rkmp_controls_v1,present80_rkmp_controls_v1,analysis,PRESENT-80,8,16,203,D1_vs_D1,10000,16,0.011655203066766262,e1e4d1dd4600d6b768c48c061d3feed00be804bf288448f708d47c4fac150fae,e17494764a0b70d71507941c0870a216154a356e6eed2a4bcdcd75a1fdd00e85,,0.00453127222135663,0.45,0.004066830966621637,0.006692489748820662,0.004176492569968104,0.00035477965138852596,rbf,4.172464370727539,shared_main_reference,100,29ab8f3d0554d4164feb919b9ac4eb4d76e2ff64e8b845b66d35e01c1849d87e,771e89cf815df46c8da5ad2ee77b8821252e3e42ae1a5eb861b2a9d4c267d94a,968ab67f049f6505bd41afd5fe00e69282f40c9bdbadbada02abb55f42cec7d4,completed
present80_projected_mmd_full,present80_rkmp_controls_v1,present80_rkmp_controls_v1,analysis,PRESENT-80,8,16,203,pair_shuffled,10000,16,0.011655203066766262,e1e4d1dd4600d6b768c48c061d3feed00be804bf288448f708d47c4fac150fae,e17494764a0b70d71507941c0870a216154a356e6eed2a4bcdcd75a1fdd00e85,,0.03581172972917557,0.05,0.005805106833577156,0.008670784533023826,0.004176492569968104,0.03163523715920746,rbf,4.172464370727539,shared_main_reference,100,29ab8f3d0554d4164feb919b9ac4eb4d76e2ff64e8b845b66d35e01c1849d87e,771e89cf815df46c8da5ad2ee77b8821252e3e42ae1a5eb861b2a9d4c267d94a,968ab67f049f6505bd41afd5fe00e69282f40c9bdbadbada02abb55f42cec7d4,completed
present80_projected_mmd_full,present80_rkmp_controls_v1,present80_rkmp_controls_v1,analysis,PRESENT-80,8,32,201,D0_vs_D0,10000,16,0.007700651418417692,b21bfe905fbc2f0bb2ed71eceaf33728a14e5d3cfd696eebb685f0ae2df24ef3,e17494764a0b70d71507941c0870a216154a356e6eed2a4bcdcd75a1fdd00e85,,0.002001690911129117,0.75,0.002757791895419359,0.004677647026255725,0.0023643875028938055,-0.0003626965917646885,rbf,4.766526699066162,shared_main_reference,100,18865bee202c1628763d25e73f0b7a58319d7c01180100ec8370e284f6748cfd,771e89cf815df46c8da5ad2ee77b8821252e3e42ae1a5eb861b2a9d4c267d94a,561c2e9d26eda75389c4b7cba5529003270bfc8f2a447a60a328a8ee9ab1d3c1,completed
present80_projected_mmd_full,present80_rkmp_controls_v1,present80_rkmp_controls_v1,analysis,PRESENT-80,8,32,201,D1_vs_D0,10000,16,0.007700651418417692,b21bfe905fbc2f0bb2ed71eceaf33728a14e5d3cfd696eebb685f0ae2df24ef3,e17494764a0b70d71507941c0870a216154a356e6eed2a4bcdcd75a1fdd00e85,,0.03636503592133522,0.05,0.007065013982355595,0.0114405769854784,0.0023643875028938055,0.034000648418441415,rbf,4.766526699066162,shared_main_reference,100,18865bee202c1628763d25e73f0b7a58319d7c01180100ec8370e284f6748cfd,771e89cf815df46c8da5ad2ee77b8821252e3e42ae1a5eb861b2a9d4c267d94a,561c2e9d26eda75389c4b7cba5529003270bfc8f2a447a60a328a8ee9ab1d3c1,completed
present80_projected_mmd_full,present80_rkmp_controls_v1,present80_rkmp_controls_v1,analysis,PRESENT-80,8,32,201,D1_vs_D1,10000,16,0.007700651418417692,b21bfe905fbc2f0bb2ed71eceaf33728a14e5d3cfd696eebb685f0ae2df24ef3,e17494764a0b70d71507941c0870a216154a356e6eed2a4bcdcd75a1fdd00e85,,0.002727084094658494,0.85,0.003842611564323306,0.005145916435867546,0.0023643875028938055,0.0003626965917646885,rbf,4.766526699066162,shared_main_reference,100,18865bee202c1628763d25e73f0b7a58319d7c01180100ec8370e284f6748cfd,771e89cf815df46c8da5ad2ee77b8821252e3e42ae1a5eb861b2a9d4c267d94a,561c2e9d26eda75389c4b7cba5529003270bfc8f2a447a60a328a8ee9ab1d3c1,completed
present80_projected_mmd_full,present80_rkmp_controls_v1,present80_rkmp_controls_v1,analysis,PRESENT-80,8,32,201,pair_shuffled,10000,16,0.007700651418417692,b21bfe905fbc2f0bb2ed71eceaf33728a14e5d3cfd696eebb685f0ae2df24ef3,e17494764a0b70d71507941c0870a216154a356e6eed2a4bcdcd75a1fdd00e85,,0.061484288424253464,0.05,0.006397238001227379,0.008496454264968633,0.0023643875028938055,0.05911990092135966,rbf,4.766526699066162,shared_main_reference,100,18865bee202c1628763d25e73f0b7a58319d7c01180100ec8370e284f6748cfd,771e89cf815df46c8da5ad2ee77b8821252e3e42ae1a5eb861b2a9d4c267d94a,561c2e9d26eda75389c4b7cba5529003270bfc8f2a447a60a328a8ee9ab1d3c1,completed
present80_projected_mmd_full,present80_rkmp_controls_v1,present80_rkmp_controls_v1,analysis,PRESENT-80,8,32,202,D0_vs_D0,10000,16,0.007719141431152821,637dd04280d1dda44010a6cad43c1c556936cdf8ce4ac0650b2f75657a742399,e17494764a0b70d71507941c0870a216154a356e6eed2a4bcdcd75a1fdd00e85,,0.004918167367577553,0.15,0.0026224434841424227,0.005721351224929093,0.004047911730594933,0.0008702556369826198,rbf,4.783267021179199,shared_main_reference,100,557723898a5379a2abb857f862f769246de585e7fc6ef54838194888dfcaabdb,771e89cf815df46c8da5ad2ee77b8821252e3e42ae1a5eb861b2a9d4c267d94a,5a519fd4c9038a69d92cfca58037d545007eb1eebf788240b516c360a2c9dbee,completed
present80_projected_mmd_full,present80_rkmp_controls_v1,present80_rkmp_controls_v1,analysis,PRESENT-80,8,32,202,D1_vs_D0,10000,16,0.007719141431152821,637dd04280d1dda44010a6cad43c1c556936cdf8ce4ac0650b2f75657a742399,e17494764a0b70d71507941c0870a216154a356e6eed2a4bcdcd75a1fdd00e85,,0.032116010785102844,0.05,0.007332621607929468,0.012964214384555816,0.004047911730594933,0.02806809905450791,rbf,4.783267021179199,shared_main_reference,100,557723898a5379a2abb857f862f769246de585e7fc6ef54838194888dfcaabdb,771e89cf815df46c8da5ad2ee77b8821252e3e42ae1a5eb861b2a9d4c267d94a,5a519fd4c9038a69d92cfca58037d545007eb1eebf788240b516c360a2c9dbee,completed
present80_projected_mmd_full,present80_rkmp_controls_v1,present80_rkmp_controls_v1,analysis,PRESENT-80,8,32,202,D1_vs_D1,10000,16,0.007719141431152821,637dd04280d1dda44010a6cad43c1c556936cdf8ce4ac0650b2f75657a742399,e17494764a0b70d71507941c0870a216154a356e6eed2a4bcdcd75a1fdd00e85,,0.0031776560936123133,0.7,0.003724871203303337,0.005425601825118063,0.004047911730594933,-0.0008702556369826198,rbf,4.783267021179199,shared_main_reference,100,557723898a5379a2abb857f862f769246de585e7fc6ef54838194888dfcaabdb,771e89cf815df46c8da5ad2ee77b8821252e3e42ae1a5eb861b2a9d4c267d94a,5a519fd4c9038a69d92cfca58037d545007eb1eebf788240b516c360a2c9dbee,completed
present80_projected_mmd_full,present80_rkmp_controls_v1,present80_rkmp_controls_v1,analysis,PRESENT-80,8,32,202,pair_shuffled,10000,16,0.007719141431152821,637dd04280d1dda44010a6cad43c1c556936cdf8ce4ac0650b2f75657a742399,e17494764a0b70d71507941c0870a216154a356e6eed2a4bcdcd75a1fdd00e85,,0.04936320334672928,0.05,0.005520753096789122,0.009222420956939459,0.004047911730594933,0.045315291616134346,rbf,4.783267021179199,shared_main_reference,100,557723898a5379a2abb857f862f769246de585e7fc6ef54838194888dfcaabdb,771e89cf815df46c8da5ad2ee77b8821252e3e42ae1a5eb861b2a9d4c267d94a,5a519fd4c9038a69d92cfca58037d545007eb1eebf788240b516c360a2c9dbee,completed
present80_projected_mmd_full,present80_rkmp_controls_v1,present80_rkmp_controls_v1,analysis,PRESENT-80,8,32,203,D0_vs_D0,10000,16,0.007729664444923401,7ac1498f85b7272d388979adee8dbcffdce5c4f29bc5a8b66622df66d5f1cfdb,e17494764a0b70d71507941c0870a216154a356e6eed2a4bcdcd75a1fdd00e85,,0.002262746449559927,0.7,0.0026158178225159645,0.003834045142866671,0.0026383501244708896,-0.0003756036749109626,rbf,4.775107383728027,shared_main_reference,100,2385f211c3d7268915524bc99b2d9d9bd6148b609faf770e9bd12cc3e9a7a9cf,771e89cf815df46c8da5ad2ee77b8821252e3e42ae1a5eb861b2a9d4c267d94a,06ec78fdd69177b3c7b2d68afeb4e83e74e5e6d5b9adb6a03d99f28e58b11140,completed
present80_projected_mmd_full,present80_rkmp_controls_v1,present80_rkmp_controls_v1,analysis,PRESENT-80,8,32,203,D1_vs_D0,10000,16,0.007729664444923401,7ac1498f85b7272d388979adee8dbcffdce5c4f29bc5a8b66622df66d5f1cfdb,e17494764a0b70d71507941c0870a216154a356e6eed2a4bcdcd75a1fdd00e85,,0.04566643759608269,0.05,0.008178828284144402,0.010090527124702927,0.0026383501244708896,0.0430280874716118,rbf,4.775107383728027,shared_main_reference,100,2385f211c3d7268915524bc99b2d9d9bd6148b609faf770e9bd12cc3e9a7a9cf,771e89cf815df46c8da5ad2ee77b8821252e3e42ae1a5eb861b2a9d4c267d94a,06ec78fdd69177b3c7b2d68afeb4e83e74e5e6d5b9adb6a03d99f28e58b11140,completed
present80_projected_mmd_full,present80_rkmp_controls_v1,present80_rkmp_controls_v1,analysis,PRESENT-80,8,32,203,D1_vs_D1,10000,16,0.007729664444923401,7ac1498f85b7272d388979adee8dbcffdce5c4f29bc5a8b66622df66d5f1cfdb,e17494764a0b70d71507941c0870a216154a356e6eed2a4bcdcd75a1fdd00e85,,0.003013953799381852,0.65,0.00319531443528831,0.0047472124453634,0.0026383501244708896,0.0003756036749109626,rbf,4.775107383728027,shared_main_reference,100,2385f211c3d7268915524bc99b2d9d9bd6148b609faf770e9bd12cc3e9a7a9cf,771e89cf815df46c8da5ad2ee77b8821252e3e42ae1a5eb861b2a9d4c267d94a,06ec78fdd69177b3c7b2d68afeb4e83e74e5e6d5b9adb6a03d99f28e58b11140,completed
present80_projected_mmd_full,present80_rkmp_controls_v1,present80_rkmp_controls_v1,analysis,PRESENT-80,8,32,203,pair_shuffled,10000,16,0.007729664444923401,7ac1498f85b7272d388979adee8dbcffdce5c4f29bc5a8b66622df66d5f1cfdb,e17494764a0b70d71507941c0870a216154a356e6eed2a4bcdcd75a1fdd00e85,,0.055766765028238297,0.05,0.005653636064380407,0.008374976646155118,0.0026383501244708896,0.05312841490376741,rbf,4.775107383728027,shared_main_reference,100,2385f211c3d7268915524bc99b2d9d9bd6148b609faf770e9bd12cc3e9a7a9cf,771e89cf815df46c8da5ad2ee77b8821252e3e42ae1a5eb861b2a9d4c267d94a,06ec78fdd69177b3c7b2d68afeb4e83e74e5e6d5b9adb6a03d99f28e58b11140,completed
present80_projected_mmd_full,present80_rkmp_controls_v1,present80_rkmp_controls_v1,analysis,PRESENT-80,9,1,201,D0_vs_D0,10000,16,0.10356611013412476,da044b534464720bc2655fedeb410d635ce3c1e26ba5aa5eafb63987be2e5b41,e17494764a0b70d71507941c0870a216154a356e6eed2a4bcdcd75a1fdd00e85,False,0.01033859420567751,0.1,0.006016421131789684,0.008989691454917187,0.0074016975704580545,0.0029368966352194548,rbf,3.0801401138305664,shared_main_reference,100,a8473de5e9498182e82d6fb74726b162c571dbb3fdba41dff9ac9bf948ca99ee,771e89cf815df46c8da5ad2ee77b8821252e3e42ae1a5eb861b2a9d4c267d94a,6a4af541639796909347969d67cb6810d686631da77899f734977ef2b5ad97fc,completed
present80_projected_mmd_full,present80_rkmp_controls_v1,present80_rkmp_controls_v1,analysis,PRESENT-80,9,1,201,D1_vs_D0,10000,16,0.10356611013412476,da044b534464720bc2655fedeb410d635ce3c1e26ba5aa5eafb63987be2e5b41,e17494764a0b70d71507941c0870a216154a356e6eed2a4bcdcd75a1fdd00e85,False,0.008233479224145412,0.45,0.007757245562970638,0.010632072761654851,0.0074016975704580545,0.0008317816536873579,rbf,3.0801401138305664,shared_main_reference,100,a8473de5e9498182e82d6fb74726b162c571dbb3fdba41dff9ac9bf948ca99ee,771e89cf815df46c8da5ad2ee77b8821252e3e42ae1a5eb861b2a9d4c267d94a,6a4af541639796909347969d67cb6810d686631da77899f734977ef2b5ad97fc,completed
present80_projected_mmd_full,present80_rkmp_controls_v1,present80_rkmp_controls_v1,analysis,PRESENT-80,9,1,201,D1_vs_D1,10000,16,0.10356611013412476,da044b534464720bc2655fedeb410d635ce3c1e26ba5aa5eafb63987be2e5b41,e17494764a0b70d71507941c0870a216154a356e6eed2a4bcdcd75a1fdd00e85,False,0.0044648009352386,0.85,0.006654107943177223,0.01083082137629389,0.0074016975704580545,-0.0029368966352194548,rbf,3.0801401138305664,shared_main_reference,100,a8473de5e9498182e82d6fb74726b162c571dbb3fdba41dff9ac9bf948ca99ee,771e89cf815df46c8da5ad2ee77b8821252e3e42ae1a5eb861b2a9d4c267d94a,6a4af541639796909347969d67cb6810d686631da77899f734977ef2b5ad97fc,completed
present80_projected_mmd_full,present80_rkmp_controls_v1,present80_rkmp_controls_v1,analysis,PRESENT-80,9,1,201,pair_shuffled,10000,16,0.10356611013412476,da044b534464720bc2655fedeb410d635ce3c1e26ba5aa5eafb63987be2e5b41,e17494764a0b70d71507941c0870a216154a356e6eed2a4bcdcd75a1fdd00e85,False,0.008004158735275269,0.3,0.006826646625995636,0.009595579374581574,0.0074016975704580545,0.000602461164817214,rbf,3.0801401138305664,shared_main_reference,100,a8473de5e9498182e82d6fb74726b162c571dbb3fdba41dff9ac9bf948ca99ee,771e89cf815df46c8da5ad2ee77b8821252e3e42ae1a5eb861b2a9d4c267d94a,6a4af541639796909347969d67cb6810d686631da77899f734977ef2b5ad97fc,completed
present80_projected_mmd_full,present80_rkmp_controls_v1,present80_rkmp_controls_v1,analysis,PRESENT-80,9,1,202,D0_vs_D0,10000,16,0.10359881073236465,e8ef67536c83d33246878a29b79ae0024326a6e3d2bb012d05d813feb222f196,e17494764a0b70d71507941c0870a216154a356e6eed2a4bcdcd75a1fdd00e85,False,0.0065138693898916245,0.35,0.005714604165405035,0.008989802002906798,0.005827449494972825,0.0006864198949187994,rbf,3.1298975944519043,shared_main_reference,100,1fe370e4db5b9b3dfa1ce71186c36bf355b5d390dfb46377436adca86eb988cc,771e89cf815df46c8da5ad2ee77b8821252e3e42ae1a5eb861b2a9d4c267d94a,23aad4d4ae41ce3db3dc5a10371f26a7bf5bd4d59c824d052967533e0c64c93b,completed
present80_projected_mmd_full,present80_rkmp_controls_v1,present80_rkmp_controls_v1,analysis,PRESENT-80,9,1,202,D1_vs_D0,10000,16,0.10359881073236465,e8ef67536c83d33246878a29b79ae0024326a6e3d2bb012d05d813feb222f196,e17494764a0b70d71507941c0870a216154a356e6eed2a4bcdcd75a1fdd00e85,False,0.008062205277383327,0.35,0.00745453080162406,0.012532781250774857,0.005827449494972825,0.0022347557824105024,rbf,3.1298975944519043,shared_main_reference,100,1fe370e4db5b9b3dfa1ce71186c36bf355b5d390dfb46377436adca86eb988cc,771e89cf815df46c8da5ad2ee77b8821252e3e42ae1a5eb861b2a9d4c267d94a,23aad4d4ae41ce3db3dc5a10371f26a7bf5bd4d59c824d052967533e0c64c93b,completed
present80_projected_mmd_full,present80_rkmp_controls_v1,present80_rkmp_controls_v1,analysis,PRESENT-80,9,1,202,D1_vs_D1,10000,16,0.10359881073236465,e8ef67536c83d33246878a29b79ae0024326a6e3d2bb012d05d813feb222f196,e17494764a0b70d71507941c0870a216154a356e6eed2a4bcdcd75a1fdd00e85,False,0.005141029600054026,0.75,0.006667518522590399,0.008623844478279345,0.005827449494972825,-0.0006864198949187994,rbf,3.1298975944519043,shared_main_reference,100,1fe370e4db5b9b3dfa1ce71186c36bf355b5d390dfb46377436adca86eb988cc,771e89cf815df46c8da5ad2ee77b8821252e3e42ae1a5eb861b2a9d4c267d94a,23aad4d4ae41ce3db3dc5a10371f26a7bf5bd4d59c824d052967533e0c64c93b,completed
present80_projected_mmd_full,present80_rkmp_controls_v1,present80_rkmp_controls_v1,analysis,PRESENT-80,9,1,202,pair_shuffled,10000,16,0.10359881073236465,e8ef67536c83d33246878a29b79ae0024326a6e3d2bb012d05d813feb222f196,e17494764a0b70d71507941c0870a216154a356e6eed2a4bcdcd75a1fdd00e85,False,0.007752627599984407,0.6,0.008192433975636959,0.010586916282773017,0.005827449494972825,0.0019251781050115824,rbf,3.1298975944519043,shared_main_reference,100,1fe370e4db5b9b3dfa1ce71186c36bf355b5d390dfb46377436adca86eb988cc,771e89cf815df46c8da5ad2ee77b8821252e3e42ae1a5eb861b2a9d4c267d94a,23aad4d4ae41ce3db3dc5a10371f26a7bf5bd4d59c824d052967533e0c64c93b,completed
present80_projected_mmd_full,present80_rkmp_controls_v1,present80_rkmp_controls_v1,analysis,PRESENT-80,9,1,203,D0_vs_D0,10000,16,0.10350680351257324,24cfe8c900dd0d9f63f5789daafe6c57ce75c9e0c5dc16b81d8a7f5c13d5252c,e17494764a0b70d71507941c0870a216154a356e6eed2a4bcdcd75a1fdd00e85,False,0.011556128039956093,0.05,0.0061341081745922565,0.00922253569588065,0.009024940198287368,0.002531187841668725,rbf,3.0976319313049316,shared_main_reference,100,9f8589dbbe6a162d89efb4b6551d10fd4d87b7ec4609d2128210dcfc4f7a112f,771e89cf815df46c8da5ad2ee77b8821252e3e42ae1a5eb861b2a9d4c267d94a,c03d2c07183048a3ba2843f87b86b2b9f352bdb13aaced4a9f370267f16bf18c,completed
present80_projected_mmd_full,present80_rkmp_controls_v1,present80_rkmp_controls_v1,analysis,PRESENT-80,9,1,203,D1_vs_D0,10000,16,0.10350680351257324,24cfe8c900dd0d9f63f5789daafe6c57ce75c9e0c5dc16b81d8a7f5c13d5252c,e17494764a0b70d71507941c0870a216154a356e6eed2a4bcdcd75a1fdd00e85,False,0.01070889737457037,0.05,0.007598082534968853,0.010420266911387444,0.009024940198287368,0.001683957176283002,rbf,3.0976319313049316,shared_main_reference,100,9f8589dbbe6a162d89efb4b6551d10fd4d87b7ec4609d2128210dcfc4f7a112f,771e89cf815df46c8da5ad2ee77b8821252e3e42ae1a5eb861b2a9d4c267d94a,c03d2c07183048a3ba2843f87b86b2b9f352bdb13aaced4a9f370267f16bf18c,completed
present80_projected_mmd_full,present80_rkmp_controls_v1,present80_rkmp_controls_v1,analysis,PRESENT-80,9,1,203,D1_vs_D1,10000,16,0.10350680351257324,24cfe8c900dd0d9f63f5789daafe6c57ce75c9e0c5dc16b81d8a7f5c13d5252c,e17494764a0b70d71507941c0870a216154a356e6eed2a4bcdcd75a1fdd00e85,False,0.006493752356618643,0.55,0.0066114203073084354,0.010491293389350172,0.009024940198287368,-0.002531187841668725,rbf,3.0976319313049316,shared_main_reference,100,9f8589dbbe6a162d89efb4b6551d10fd4d87b7ec4609d2128210dcfc4f7a112f,771e89cf815df46c8da5ad2ee77b8821252e3e42ae1a5eb861b2a9d4c267d94a,c03d2c07183048a3ba2843f87b86b2b9f352bdb13aaced4a9f370267f16bf18c,completed
present80_projected_mmd_full,present80_rkmp_controls_v1,present80_rkmp_controls_v1,analysis,PRESENT-80,9,1,203,pair_shuffled,10000,16,0.10350680351257324,24cfe8c900dd0d9f63f5789daafe6c57ce75c9e0c5dc16b81d8a7f5c13d5252c,e17494764a0b70d71507941c0870a216154a356e6eed2a4bcdcd75a1fdd00e85,False,0.00561331445351243,0.85,0.0075769382528960705,0.010189626645296811,0.009024940198287368,-0.0034116257447749376,rbf,3.0976319313049316,shared_main_reference,100,9f8589dbbe6a162d89efb4b6551d10fd4d87b7ec4609d2128210dcfc4f7a112f,771e89cf815df46c8da5ad2ee77b8821252e3e42ae1a5eb861b2a9d4c267d94a,c03d2c07183048a3ba2843f87b86b2b9f352bdb13aaced4a9f370267f16bf18c,completed
present80_projected_mmd_full,present80_rkmp_controls_v1,present80_rkmp_controls_v1,analysis,PRESENT-80,9,2,201,D0_vs_D0,10000,16,0.05764201655983925,eaf89ced44b26366a4c7ebd4cb3a53a357adeac44fe5522f48d4a599c5726bec,e17494764a0b70d71507941c0870a216154a356e6eed2a4bcdcd75a1fdd00e85,,0.0040870108641684055,0.75,0.005560604855418205,0.008494403958320617,0.006402920698747039,-0.0023159098345786333,rbf,3.2441368103027344,shared_main_reference,100,b38ae895a6239db0e238018a52f0b189b6060e0583eb660a90bc842d5d842dd7,771e89cf815df46c8da5ad2ee77b8821252e3e42ae1a5eb861b2a9d4c267d94a,542223d95eb3d4a93a432e36237e343a0a35081daf60eb04419756bf810d3e92,completed
present80_projected_mmd_full,present80_rkmp_controls_v1,present80_rkmp_controls_v1,analysis,PRESENT-80,9,2,201,D1_vs_D0,10000,16,0.05764201655983925,eaf89ced44b26366a4c7ebd4cb3a53a357adeac44fe5522f48d4a599c5726bec,e17494764a0b70d71507941c0870a216154a356e6eed2a4bcdcd75a1fdd00e85,,0.008122868835926056,0.35,0.007444466929882765,0.012128964997828,0.006402920698747039,0.001719948137179017,rbf,3.2441368103027344,shared_main_reference,100,b38ae895a6239db0e238018a52f0b189b6060e0583eb660a90bc842d5d842dd7,771e89cf815df46c8da5ad2ee77b8821252e3e42ae1a5eb861b2a9d4c267d94a,542223d95eb3d4a93a432e36237e343a0a35081daf60eb04419756bf810d3e92,completed
present80_projected_mmd_full,present80_rkmp_controls_v1,present80_rkmp_controls_v1,analysis,PRESENT-80,9,2,201,D1_vs_D1,10000,16,0.05764201655983925,eaf89ced44b26366a4c7ebd4cb3a53a357adeac44fe5522f48d4a599c5726bec,e17494764a0b70d71507941c0870a216154a356e6eed2a4bcdcd75a1fdd00e85,,0.008718830533325672,0.15,0.0066734803840518,0.008957774378359318,0.006402920698747039,0.0023159098345786333,rbf,3.2441368103027344,shared_main_reference,100,b38ae895a6239db0e238018a52f0b189b6060e0583eb660a90bc842d5d842dd7,771e89cf815df46c8da5ad2ee77b8821252e3e42ae1a5eb861b2a9d4c267d94a,542223d95eb3d4a93a432e36237e343a0a35081daf60eb04419756bf810d3e92,completed
present80_projected_mmd_full,present80_rkmp_controls_v1,present80_rkmp_controls_v1,analysis,PRESENT-80,9,2,201,pair_shuffled,10000,16,0.05764201655983925,eaf89ced44b26366a4c7ebd4cb3a53a357adeac44fe5522f48d4a599c5726bec,e17494764a0b70d71507941c0870a216154a356e6eed2a4bcdcd75a1fdd00e85,,0.010155296884477139,0.1,0.007381095085293055,0.01017587939277291,0.006402920698747039,0.0037523761857300997,rbf,3.2441368103027344,shared_main_reference,100,b38ae895a6239db0e238018a52f0b189b6060e0583eb660a90bc842d5d842dd7,771e89cf815df46c8da5ad2ee77b8821252e3e42ae1a5eb861b2a9d4c267d94a,542223d95eb3d4a93a432e36237e343a0a35081daf60eb04419756bf810d3e92,completed
present80_projected_mmd_full,present80_rkmp_controls_v1,present80_rkmp_controls_v1,analysis,PRESENT-80,9,2,202,D0_vs_D0,10000,16,0.05745859071612358,3f6d38c20889c557286b49a5fc4abfd2481f7274a61a37bf87769d946e8ffe8b,e17494764a0b70d71507941c0870a216154a356e6eed2a4bcdcd75a1fdd00e85,,0.0060653104446828365,0.75,0.006812040228396654,0.009385302662849425,0.006107301451265812,-4.199100658297539e-05,rbf,3.248664379119873,shared_main_reference,100,76bdc4c511ba00a35040ecc3f9567c0586fce9719b5d1b6264646545e5917ddf,771e89cf815df46c8da5ad2ee77b8821252e3e42ae1a5eb861b2a9d4c267d94a,fbd8a1635f2fe83b1f43b7edc5b17bccb4a6c0bca7e1bc85e3692949f37d7eae,completed
present80_projected_mmd_full,present80_rkmp_controls_v1,present80_rkmp_controls_v1,analysis,PRESENT-80,9,2,202,D1_vs_D0,10000,16,0.05745859071612358,3f6d38c20889c557286b49a5fc4abfd2481f7274a61a37bf87769d946e8ffe8b,e17494764a0b70d71507941c0870a216154a356e6eed2a4bcdcd75a1fdd00e85,,0.005655955523252487,0.8,0.0067236153408885,0.010200419183820482,0.006107301451265812,-0.00045134592801332474,rbf,3.248664379119873,shared_main_reference,100,76bdc4c511ba00a35040ecc3f9567c0586fce9719b5d1b6264646545e5917ddf,771e89cf815df46c8da5ad2ee77b8821252e3e42ae1a5eb861b2a9d4c267d94a,fbd8a1635f2fe83b1f43b7edc5b17bccb4a6c0bca7e1bc85e3692949f37d7eae,completed
present80_projected_mmd_full,present80_rkmp_controls_v1,present80_rkmp_controls_v1,analysis,PRESENT-80,9,2,202,D1_vs_D1,10000,16,0.05745859071612358,3f6d38c20889c557286b49a5fc4abfd2481f7274a61a37bf87769d946e8ffe8b,e17494764a0b70d71507941c0870a216154a356e6eed2a4bcdcd75a1fdd00e85,,0.006149292457848787,0.6,0.006191649939864874,0.008733255695551632,0.006107301451265812,4.199100658297539e-05,rbf,3.248664379119873,shared_main_reference,100,76bdc4c511ba00a35040ecc3f9567c0586fce9719b5d1b6264646545e5917ddf,771e89cf815df46c8da5ad2ee77b8821252e3e42ae1a5eb861b2a9d4c267d94a,fbd8a1635f2fe83b1f43b7edc5b17bccb4a6c0bca7e1bc85e3692949f37d7eae,completed
present80_projected_mmd_full,present80_rkmp_controls_v1,present80_rkmp_controls_v1,analysis,PRESENT-80,9,2,202,pair_shuffled,10000,16,0.05745859071612358,3f6d38c20889c557286b49a5fc4abfd2481f7274a61a37bf87769d946e8ffe8b,e17494764a0b70d71507941c0870a216154a356e6eed2a4bcdcd75a1fdd00e85,,0.01064432691782713,0.1,0.006656487472355366,0.010703328531235455,0.006107301451265812,0.0045370254665613174,rbf,3.248664379119873,shared_main_reference,100,76bdc4c511ba00a35040ecc3f9567c0586fce9719b5d1b6264646545e5917ddf,771e89cf815df46c8da5ad2ee77b8821252e3e42ae1a5eb861b2a9d4c267d94a,fbd8a1635f2fe83b1f43b7edc5b17bccb4a6c0bca7e1bc85e3692949f37d7eae,completed
present80_projected_mmd_full,present80_rkmp_controls_v1,present80_rkmp_controls_v1,analysis,PRESENT-80,9,2,203,D0_vs_D0,10000,16,0.05749797075986862,9fcd68e6cd5cf79f67d826364a1906e9d27ffa133730089f09e5afbbe4166f1c,e17494764a0b70d71507941c0870a216154a356e6eed2a4bcdcd75a1fdd00e85,,0.0059404452331364155,0.55,0.005976002663373947,0.008471153303980825,0.0051347496919333935,0.000805695541203022,rbf,3.282886505126953,shared_main_reference,100,a9707996f911f092d888421e3dc55ba75d74525f5ad730269b403fbae07713eb,771e89cf815df46c8da5ad2ee77b8821252e3e42ae1a5eb861b2a9d4c267d94a,0d8b46ce00bf356332fd679469470890203496d5adba483cb6c7a272be938eaa,completed
present80_projected_mmd_full,present80_rkmp_controls_v1,present80_rkmp_controls_v1,analysis,PRESENT-80,9,2,203,D1_vs_D0,10000,16,0.05749797075986862,9fcd68e6cd5cf79f67d826364a1906e9d27ffa133730089f09e5afbbe4166f1c,e17494764a0b70d71507941c0870a216154a356e6eed2a4bcdcd75a1fdd00e85,,0.011619064025580883,0.1,0.006782211363315582,0.010935379471629854,0.0051347496919333935,0.0064843143336474895,rbf,3.282886505126953,shared_main_reference,100,a9707996f911f092d888421e3dc55ba75d74525f5ad730269b403fbae07713eb,771e89cf815df46c8da5ad2ee77b8821252e3e42ae1a5eb861b2a9d4c267d94a,0d8b46ce00bf356332fd679469470890203496d5adba483cb6c7a272be938eaa,completed
present80_projected_mmd_full,present80_rkmp_controls_v1,present80_rkmp_controls_v1,analysis,PRESENT-80,9,2,203,D1_vs_D1,10000,16,0.05749797075986862,9fcd68e6cd5cf79f67d826364a1906e9d27ffa133730089f09e5afbbe4166f1c,e17494764a0b70d71507941c0870a216154a356e6eed2a4bcdcd75a1fdd00e85,,0.0043290541507303715,0.75,0.005404734052717686,0.008789264783263206,0.0051347496919333935,-0.000805695541203022,rbf,3.282886505126953,shared_main_reference,100,a9707996f911f092d888421e3dc55ba75d74525f5ad730269b403fbae07713eb,771e89cf815df46c8da5ad2ee77b8821252e3e42ae1a5eb861b2a9d4c267d94a,0d8b46ce00bf356332fd679469470890203496d5adba483cb6c7a272be938eaa,completed
present80_projected_mmd_full,present80_rkmp_controls_v1,present80_rkmp_controls_v1,analysis,PRESENT-80,9,2,203,pair_shuffled,10000,16,0.05749797075986862,9fcd68e6cd5cf79f67d826364a1906e9d27ffa133730089f09e5afbbe4166f1c,e17494764a0b70d71507941c0870a216154a356e6eed2a4bcdcd75a1fdd00e85,,0.013822253793478012,0.05,0.007305434439331293,0.011192417517304416,0.0051347496919333935,0.008687504101544619,rbf,3.282886505126953,shared_main_reference,100,a9707996f911f092d888421e3dc55ba75d74525f5ad730269b403fbae07713eb,771e89cf815df46c8da5ad2ee77b8821252e3e42ae1a5eb861b2a9d4c267d94a,0d8b46ce00bf356332fd679469470890203496d5adba483cb6c7a272be938eaa,completed
present80_projected_mmd_full,present80_rkmp_controls_v1,present80_rkmp_controls_v1,analysis,PRESENT-80,9,4,201,D0_vs_D0,10000,16,0.03302551060914993,e143d125861532b79fe806e3a0948b1a4542b851aa8352a47e49e9f3fe3f1a0a,e17494764a0b70d71507941c0870a216154a356e6eed2a4bcdcd75a1fdd00e85,,0.002936054952442646,1.0,0.004898186307400465,0.008696395345032214,0.0037408943753689528,-0.0008048394229263067,rbf,3.4744153022766113,shared_main_reference,100,af1c4442a39ef53fce8c11bbae66fe11f3aa587f842011157134249581d28682,771e89cf815df46c8da5ad2ee77b8821252e3e42ae1a5eb861b2a9d4c267d94a,920e9edcf679ef2c1f567e92de1fe8b48aef7cf12ef38b771dada47827ef77fc,completed
present80_projected_mmd_full,present80_rkmp_controls_v1,present80_rkmp_controls_v1,analysis,PRESENT-80,9,4,201,D1_vs_D0,10000,16,0.03302551060914993,e143d125861532b79fe806e3a0948b1a4542b851aa8352a47e49e9f3fe3f1a0a,e17494764a0b70d71507941c0870a216154a356e6eed2a4bcdcd75a1fdd00e85,,0.0074499850161373615,0.55,0.007585621904581785,0.011411041393876073,0.0037408943753689528,0.0037090906407684088,rbf,3.4744153022766113,shared_main_reference,100,af1c4442a39ef53fce8c11bbae66fe11f3aa587f842011157134249581d28682,771e89cf815df46c8da5ad2ee77b8821252e3e42ae1a5eb861b2a9d4c267d94a,920e9edcf679ef2c1f567e92de1fe8b48aef7cf12ef38b771dada47827ef77fc,completed
present80_projected_mmd_full,present80_rkmp_controls_v1,present80_rkmp_controls_v1,analysis,PRESENT-80,9,4,201,D1_vs_D1,10000,16,0.03302551060914993,e143d125861532b79fe806e3a0948b1a4542b851aa8352a47e49e9f3fe3f1a0a,e17494764a0b70d71507941c0870a216154a356e6eed2a4bcdcd75a1fdd00e85,,0.0045457337982952595,0.75,0.005962140392512083,0.007140948763117188,0.0037408943753689528,0.0008048394229263067,rbf,3.4744153022766113,shared_main_reference,100,af1c4442a39ef53fce8c11bbae66fe11f3aa587f842011157134249581d28682,771e89cf815df46c8da5ad2ee77b8821252e3e42ae1a5eb861b2a9d4c267d94a,920e9edcf679ef2c1f567e92de1fe8b48aef7cf12ef38b771dada47827ef77fc,completed
present80_projected_mmd_full,present80_rkmp_controls_v1,present80_rkmp_controls_v1,analysis,PRESENT-80,9,4,201,pair_shuffled,10000,16,0.03302551060914993,e143d125861532b79fe806e3a0948b1a4542b851aa8352a47e49e9f3fe3f1a0a,e17494764a0b70d71507941c0870a216154a356e6eed2a4bcdcd75a1fdd00e85,,0.009950469247996807,0.2,0.0062797460705041885,0.010964879207313056,0.0037408943753689528,0.006209574872627854,rbf,3.4744153022766113,shared_main_reference,100,af1c4442a39ef53fce8c11bbae66fe11f3aa587f842011157134249581d28682,771e89cf815df46c8da5ad2ee77b8821252e3e42ae1a5eb861b2a9d4c267d94a,920e9edcf679ef2c1f567e92de1fe8b48aef7cf12ef38b771dada47827ef77fc,completed
present80_projected_mmd_full,present80_rkmp_controls_v1,present80_rkmp_controls_v1,analysis,PRESENT-80,9,4,202,D0_vs_D0,10000,16,0.03294508159160614,681999aa858587d322b380b5c9e6b9ac7c0593827e2e01d764156ac04c26a402,e17494764a0b70d71507941c0870a216154a356e6eed2a4bcdcd75a1fdd00e85,,0.005076635163277388,0.65,0.005920182913541794,0.008536385744810105,0.0052598228212445974,-0.00018318765796720982,rbf,3.492234706878662,shared_main_reference,100,8d0af5f35f3d82cd90bd087b12adc66c2c5dff28448f972cc191c36daa4473fe,771e89cf815df46c8da5ad2ee77b8821252e3e42ae1a5eb861b2a9d4c267d94a,de88652c356784d1d3e91da8cb7117b4230a9063c5342f37726d073b53263ad6,completed
present80_projected_mmd_full,present80_rkmp_controls_v1,present80_rkmp_controls_v1,analysis,PRESENT-80,9,4,202,D1_vs_D0,10000,16,0.03294508159160614,681999aa858587d322b380b5c9e6b9ac7c0593827e2e01d764156ac04c26a402,e17494764a0b70d71507941c0870a216154a356e6eed2a4bcdcd75a1fdd00e85,,0.0048983776941895485,0.9,0.008741291239857674,0.01201110370457172,0.0052598228212445974,-0.00036144512705504894,rbf,3.492234706878662,shared_main_reference,100,8d0af5f35f3d82cd90bd087b12adc66c2c5dff28448f972cc191c36daa4473fe,771e89cf815df46c8da5ad2ee77b8821252e3e42ae1a5eb861b2a9d4c267d94a,de88652c356784d1d3e91da8cb7117b4230a9063c5342f37726d073b53263ad6,completed
present80_projected_mmd_full,present80_rkmp_controls_v1,present80_rkmp_controls_v1,analysis,PRESENT-80,9,4,202,D1_vs_D1,10000,16,0.03294508159160614,681999aa858587d322b380b5c9e6b9ac7c0593827e2e01d764156ac04c26a402,e17494764a0b70d71507941c0870a216154a356e6eed2a4bcdcd75a1fdd00e85,,0.005443010479211807,0.6,0.005955511704087257,0.009628521557897328,0.0052598228212445974,0.00018318765796720982,rbf,3.492234706878662,shared_main_reference,100,8d0af5f35f3d82cd90bd087b12adc66c2c5dff28448f972cc191c36daa4473fe,771e89cf815df46c8da5ad2ee77b8821252e3e42ae1a5eb861b2a9d4c267d94a,de88652c356784d1d3e91da8cb7117b4230a9063c5342f37726d073b53263ad6,completed
present80_projected_mmd_full,present80_rkmp_controls_v1,present80_rkmp_controls_v1,analysis,PRESENT-80,9,4,202,pair_shuffled,10000,16,0.03294508159160614,681999aa858587d322b380b5c9e6b9ac7c0593827e2e01d764156ac04c26a402,e17494764a0b70d71507941c0870a216154a356e6eed2a4bcdcd75a1fdd00e85,,0.013271058909595013,0.05,0.0072158039547502995,0.009724510833621023,0.0052598228212445974,0.008011236088350415,rbf,3.492234706878662,shared_main_reference,100,8d0af5f35f3d82cd90bd087b12adc66c2c5dff28448f972cc191c36daa4473fe,771e89cf815df46c8da5ad2ee77b8821252e3e42ae1a5eb861b2a9d4c267d94a,de88652c356784d1d3e91da8cb7117b4230a9063c5342f37726d073b53263ad6,completed
present80_projected_mmd_full,present80_rkmp_controls_v1,present80_rkmp_controls_v1,analysis,PRESENT-80,9,4,203,D0_vs_D0,10000,16,0.03301018849015236,c4321a4b200fd1f2485268d1f1a2617f32a7e8cddb0aa2b8dbcb9ff3f1de2706,e17494764a0b70d71507941c0870a216154a356e6eed2a4bcdcd75a1fdd00e85,,0.005057353060692549,0.5,0.004728502593934536,0.008693646546453234,0.004167832434177399,0.0008895206265151501,rbf,3.516848087310791,shared_main_reference,100,be9230cfabbce77df4eeb4b9f143c3e19a423606dbf4f0eeb32d76eb7b1821db,771e89cf815df46c8da5ad2ee77b8821252e3e42ae1a5eb861b2a9d4c267d94a,616567e54952bec262e0341fceb765200d270b329a47a22be6634e725a86d8be,completed
present80_projected_mmd_full,present80_rkmp_controls_v1,present80_rkmp_controls_v1,analysis,PRESENT-80,9,4,203,D1_vs_D0,10000,16,0.03301018849015236,c4321a4b200fd1f2485268d1f1a2617f32a7e8cddb0aa2b8dbcb9ff3f1de2706,e17494764a0b70d71507941c0870a216154a356e6eed2a4bcdcd75a1fdd00e85,,0.006149317137897015,0.75,0.0074002062901854515,0.009431467484682798,0.004167832434177399,0.001981484703719616,rbf,3.516848087310791,shared_main_reference,100,be9230cfabbce77df4eeb4b9f143c3e19a423606dbf4f0eeb32d76eb7b1821db,771e89cf815df46c8da5ad2ee77b8821252e3e42ae1a5eb861b2a9d4c267d94a,616567e54952bec262e0341fceb765200d270b329a47a22be6634e725a86d8be,completed
present80_projected_mmd_full,present80_rkmp_controls_v1,present80_rkmp_controls_v1,analysis,PRESENT-80,9,4,203,D1_vs_D1,10000,16,0.03301018849015236,c4321a4b200fd1f2485268d1f1a2617f32a7e8cddb0aa2b8dbcb9ff3f1de2706,e17494764a0b70d71507941c0870a216154a356e6eed2a4bcdcd75a1fdd00e85,,0.0032783118076622486,1.0,0.005077301524579525,0.00819110861048102,0.004167832434177399,-0.0008895206265151501,rbf,3.516848087310791,shared_main_reference,100,be9230cfabbce77df4eeb4b9f143c3e19a423606dbf4f0eeb32d76eb7b1821db,771e89cf815df46c8da5ad2ee77b8821252e3e42ae1a5eb861b2a9d4c267d94a,616567e54952bec262e0341fceb765200d270b329a47a22be6634e725a86d8be,completed
present80_projected_mmd_full,present80_rkmp_controls_v1,present80_rkmp_controls_v1,analysis,PRESENT-80,9,4,203,pair_shuffled,10000,16,0.03301018849015236,c4321a4b200fd1f2485268d1f1a2617f32a7e8cddb0aa2b8dbcb9ff3f1de2706,e17494764a0b70d71507941c0870a216154a356e6eed2a4bcdcd75a1fdd00e85,,0.01365136168897152,0.05,0.0069427452981472015,0.008104975614696738,0.004167832434177399,0.00948352925479412,rbf,3.516848087310791,shared_main_reference,100,be9230cfabbce77df4eeb4b9f143c3e19a423606dbf4f0eeb32d76eb7b1821db,771e89cf815df46c8da5ad2ee77b8821252e3e42ae1a5eb861b2a9d4c267d94a,616567e54952bec262e0341fceb765200d270b329a47a22be6634e725a86d8be,completed
present80_projected_mmd_full,present80_rkmp_controls_v1,present80_rkmp_controls_v1,analysis,PRESENT-80,9,8,201,D0_vs_D0,10000,16,0.01858810894191265,5a95582ea422bdca4fd19d76e466e4d2075b8d05c2669e3088bcc335add33cb3,e17494764a0b70d71507941c0870a216154a356e6eed2a4bcdcd75a1fdd00e85,,0.005463484209030867,0.5,0.0052857957780361176,0.006591140944510698,0.005873496178537607,-0.00041001196950674057,rbf,3.6797690391540527,shared_main_reference,100,0bbe73abd8c2e2ceedafc19440d35f91571e3df0e5893a51e472e0430b3783e5,771e89cf815df46c8da5ad2ee77b8821252e3e42ae1a5eb861b2a9d4c267d94a,6591baa04a1eb9275d7499429240ef6c039a287ce3a9df2e063dbaa810744d6b,completed
present80_projected_mmd_full,present80_rkmp_controls_v1,present80_rkmp_controls_v1,analysis,PRESENT-80,9,8,201,D1_vs_D0,10000,16,0.01858810894191265,5a95582ea422bdca4fd19d76e466e4d2075b8d05c2669e3088bcc335add33cb3,e17494764a0b70d71507941c0870a216154a356e6eed2a4bcdcd75a1fdd00e85,,0.00860626995563507,0.2,0.006737126037478447,0.009568358678370702,0.005873496178537607,0.0027327737770974636,rbf,3.6797690391540527,shared_main_reference,100,0bbe73abd8c2e2ceedafc19440d35f91571e3df0e5893a51e472e0430b3783e5,771e89cf815df46c8da5ad2ee77b8821252e3e42ae1a5eb861b2a9d4c267d94a,6591baa04a1eb9275d7499429240ef6c039a287ce3a9df2e063dbaa810744d6b,completed
present80_projected_mmd_full,present80_rkmp_controls_v1,present80_rkmp_controls_v1,analysis,PRESENT-80,9,8,201,D1_vs_D1,10000,16,0.01858810894191265,5a95582ea422bdca4fd19d76e466e4d2075b8d05c2669e3088bcc335add33cb3,e17494764a0b70d71507941c0870a216154a356e6eed2a4bcdcd75a1fdd00e85,,0.006283508148044348,0.25,0.00566504243761301,0.00722640682943165,0.005873496178537607,0.00041001196950674057,rbf,3.6797690391540527,shared_main_reference,100,0bbe73abd8c2e2ceedafc19440d35f91571e3df0e5893a51e472e0430b3783e5,771e89cf815df46c8da5ad2ee77b8821252e3e42ae1a5eb861b2a9d4c267d94a,6591baa04a1eb9275d7499429240ef6c039a287ce3a9df2e063dbaa810744d6b,completed
present80_projected_mmd_full,present80_rkmp_controls_v1,present80_rkmp_controls_v1,analysis,PRESENT-80,9,8,201,pair_shuffled,10000,16,0.01858810894191265,5a95582ea422bdca4fd19d76e466e4d2075b8d05c2669e3088bcc335add33cb3,e17494764a0b70d71507941c0870a216154a356e6eed2a4bcdcd75a1fdd00e85,,0.017453493550419807,0.05,0.0066847954876720905,0.009636534843593836,0.005873496178537607,0.0115799973718822,rbf,3.6797690391540527,shared_main_reference,100,0bbe73abd8c2e2ceedafc19440d35f91571e3df0e5893a51e472e0430b3783e5,771e89cf815df46c8da5ad2ee77b8821252e3e42ae1a5eb861b2a9d4c267d94a,6591baa04a1eb9275d7499429240ef6c039a287ce3a9df2e063dbaa810744d6b,completed
present80_projected_mmd_full,present80_rkmp_controls_v1,present80_rkmp_controls_v1,analysis,PRESENT-80,9,8,202,D0_vs_D0,10000,16,0.018581312149763107,480ff0976dad052f538d1fc3325d5c1ad6a88a82087d9aaa7e931a21d92e0bb8,e17494764a0b70d71507941c0870a216154a356e6eed2a4bcdcd75a1fdd00e85,,0.0041669029742479324,0.6,0.004187381826341152,0.00643848986364901,0.004957954399287701,-0.0007910514250397682,rbf,3.7407150268554688,shared_main_reference,100,32d67accd99a1e61ae9d483aa68b80c3d2bd64c07b1c87343804f2f314668445,771e89cf815df46c8da5ad2ee77b8821252e3e42ae1a5eb861b2a9d4c267d94a,dc9f82b355989a677ea203aaf5311fd4fb87fc82869bebe07fb6b33f6570535d,completed
present80_projected_mmd_full,present80_rkmp_controls_v1,present80_rkmp_controls_v1,analysis,PRESENT-80,9,8,202,D1_vs_D0,10000,16,0.018581312149763107,480ff0976dad052f538d1fc3325d5c1ad6a88a82087d9aaa7e931a21d92e0bb8,e17494764a0b70d71507941c0870a216154a356e6eed2a4bcdcd75a1fdd00e85,,0.007165701128542423,0.35,0.006723579950630665,0.01064658723771572,0.004957954399287701,0.0022077467292547226,rbf,3.7407150268554688,shared_main_reference,100,32d67accd99a1e61ae9d483aa68b80c3d2bd64c07b1c87343804f2f314668445,771e89cf815df46c8da5ad2ee77b8821252e3e42ae1a5eb861b2a9d4c267d94a,dc9f82b355989a677ea203aaf5311fd4fb87fc82869bebe07fb6b33f6570535d,completed
present80_projected_mmd_full,present80_rkmp_controls_v1,present80_rkmp_controls_v1,analysis,PRESENT-80,9,8,202,D1_vs_D1,10000,16,0.018581312149763107,480ff0976dad052f538d1fc3325d5c1ad6a88a82087d9aaa7e931a21d92e0bb8,e17494764a0b70d71507941c0870a216154a356e6eed2a4bcdcd75a1fdd00e85,,0.005749005824327469,0.25,0.004605463705956936,0.0073168101254850616,0.004957954399287701,0.0007910514250397682,rbf,3.7407150268554688,shared_main_reference,100,32d67accd99a1e61ae9d483aa68b80c3d2bd64c07b1c87343804f2f314668445,771e89cf815df46c8da5ad2ee77b8821252e3e42ae1a5eb861b2a9d4c267d94a,dc9f82b355989a677ea203aaf5311fd4fb87fc82869bebe07fb6b33f6570535d,completed
present80_projected_mmd_full,present80_rkmp_controls_v1,present80_rkmp_controls_v1,analysis,PRESENT-80,9,8,202,pair_shuffled,10000,16,0.018581312149763107,480ff0976dad052f538d1fc3325d5c1ad6a88a82087d9aaa7e931a21d92e0bb8,e17494764a0b70d71507941c0870a216154a356e6eed2a4bcdcd75a1fdd00e85,,0.015521635301411152,0.05,0.00623729545623064,0.009258112404495476,0.004957954399287701,0.010563680902123451,rbf,3.7407150268554688,shared_main_reference,100,32d67accd99a1e61ae9d483aa68b80c3d2bd64c07b1c87343804f2f314668445,771e89cf815df46c8da5ad2ee77b8821252e3e42ae1a5eb861b2a9d4c267d94a,dc9f82b355989a677ea203aaf5311fd4fb87fc82869bebe07fb6b33f6570535d,completed
present80_projected_mmd_full,present80_rkmp_controls_v1,present80_rkmp_controls_v1,analysis,PRESENT-80,9,8,203,D0_vs_D0,10000,16,0.018515989184379578,05eca17f491905a555616cf1725f0f64bd9c64999aab3f4ff147eea719b225c0,e17494764a0b70d71507941c0870a216154a356e6eed2a4bcdcd75a1fdd00e85,,0.005693870596587658,0.2,0.004736051894724369,0.007098911795765157,0.0049614254385232925,0.0007324451580643654,rbf,3.685546398162842,shared_main_reference,100,4edc37a5761e740c112ed32ddc392d7dba667445b7293f98953d61bd173eaa59,771e89cf815df46c8da5ad2ee77b8821252e3e42ae1a5eb861b2a9d4c267d94a,a18eda302cf6f065e2ba64d39dfaf8e9d50f8c6756b99dfdcb3a1bfabd754f3e,completed
present80_projected_mmd_full,present80_rkmp_controls_v1,present80_rkmp_controls_v1,analysis,PRESENT-80,9,8,203,D1_vs_D0,10000,16,0.018515989184379578,05eca17f491905a555616cf1725f0f64bd9c64999aab3f4ff147eea719b225c0,e17494764a0b70d71507941c0870a216154a356e6eed2a4bcdcd75a1fdd00e85,,0.008127610199153423,0.6,0.008589872159063816,0.01375705674290656,0.0049614254385232925,0.0031661847606301308,rbf,3.685546398162842,shared_main_reference,100,4edc37a5761e740c112ed32ddc392d7dba667445b7293f98953d61bd173eaa59,771e89cf815df46c8da5ad2ee77b8821252e3e42ae1a5eb861b2a9d4c267d94a,a18eda302cf6f065e2ba64d39dfaf8e9d50f8c6756b99dfdcb3a1bfabd754f3e,completed
present80_projected_mmd_full,present80_rkmp_controls_v1,present80_rkmp_controls_v1,analysis,PRESENT-80,9,8,203,D1_vs_D1,10000,16,0.018515989184379578,05eca17f491905a555616cf1725f0f64bd9c64999aab3f4ff147eea719b225c0,e17494764a0b70d71507941c0870a216154a356e6eed2a4bcdcd75a1fdd00e85,,0.004228980280458927,0.6,0.004438526928424835,0.0057056985329836584,0.0049614254385232925,-0.0007324451580643654,rbf,3.685546398162842,shared_main_reference,100,4edc37a5761e740c112ed32ddc392d7dba667445b7293f98953d61bd173eaa59,771e89cf815df46c8da5ad2ee77b8821252e3e42ae1a5eb861b2a9d4c267d94a,a18eda302cf6f065e2ba64d39dfaf8e9d50f8c6756b99dfdcb3a1bfabd754f3e,completed
present80_projected_mmd_full,present80_rkmp_controls_v1,present80_rkmp_controls_v1,analysis,PRESENT-80,9,8,203,pair_shuffled,10000,16,0.018515989184379578,05eca17f491905a555616cf1725f0f64bd9c64999aab3f4ff147eea719b225c0,e17494764a0b70d71507941c0870a216154a356e6eed2a4bcdcd75a1fdd00e85,,0.014769116416573524,0.05,0.005775725468993187,0.008917653840035199,0.0049614254385232925,0.009807690978050232,rbf,3.685546398162842,shared_main_reference,100,4edc37a5761e740c112ed32ddc392d7dba667445b7293f98953d61bd173eaa59,771e89cf815df46c8da5ad2ee77b8821252e3e42ae1a5eb861b2a9d4c267d94a,a18eda302cf6f065e2ba64d39dfaf8e9d50f8c6756b99dfdcb3a1bfabd754f3e,completed
present80_projected_mmd_full,present80_rkmp_controls_v1,present80_rkmp_controls_v1,analysis,PRESENT-80,9,16,201,D0_vs_D0,10000,16,0.011553612537682056,fe4442b3add4d1b2076b598f862e546624689f14c24cec2b6fda6a5ecffdbdbc,e17494764a0b70d71507941c0870a216154a356e6eed2a4bcdcd75a1fdd00e85,,0.0029342162888497114,0.95,0.0041665323078632355,0.006249827146530151,0.003428605035878718,-0.0004943887470290065,rbf,4.126086235046387,shared_main_reference,100,948dceb559da0c3fff63324bc0f33799ce1662008513b77c4336ac7afc9681f6,771e89cf815df46c8da5ad2ee77b8821252e3e42ae1a5eb861b2a9d4c267d94a,6a6972ba60c9fa2c9348a44746cde0f4e241c2cf9fefbb6feebacc4373086e64,completed
present80_projected_mmd_full,present80_rkmp_controls_v1,present80_rkmp_controls_v1,analysis,PRESENT-80,9,16,201,D1_vs_D0,10000,16,0.011553612537682056,fe4442b3add4d1b2076b598f862e546624689f14c24cec2b6fda6a5ecffdbdbc,e17494764a0b70d71507941c0870a216154a356e6eed2a4bcdcd75a1fdd00e85,,0.007649093866348267,0.5,0.0075642429292202,0.012624328769743441,0.003428605035878718,0.004220488830469549,rbf,4.126086235046387,shared_main_reference,100,948dceb559da0c3fff63324bc0f33799ce1662008513b77c4336ac7afc9681f6,771e89cf815df46c8da5ad2ee77b8821252e3e42ae1a5eb861b2a9d4c267d94a,6a6972ba60c9fa2c9348a44746cde0f4e241c2cf9fefbb6feebacc4373086e64,completed
present80_projected_mmd_full,present80_rkmp_controls_v1,present80_rkmp_controls_v1,analysis,PRESENT-80,9,16,201,D1_vs_D1,10000,16,0.011553612537682056,fe4442b3add4d1b2076b598f862e546624689f14c24cec2b6fda6a5ecffdbdbc,e17494764a0b70d71507941c0870a216154a356e6eed2a4bcdcd75a1fdd00e85,,0.003922993782907724,0.65,0.004776031710207462,0.006593792652711272,0.003428605035878718,0.0004943887470290065,rbf,4.126086235046387,shared_main_reference,100,948dceb559da0c3fff63324bc0f33799ce1662008513b77c4336ac7afc9681f6,771e89cf815df46c8da5ad2ee77b8821252e3e42ae1a5eb861b2a9d4c267d94a,6a6972ba60c9fa2c9348a44746cde0f4e241c2cf9fefbb6feebacc4373086e64,completed
present80_projected_mmd_full,present80_rkmp_controls_v1,present80_rkmp_controls_v1,analysis,PRESENT-80,9,16,201,pair_shuffled,10000,16,0.011553612537682056,fe4442b3add4d1b2076b598f862e546624689f14c24cec2b6fda6a5ecffdbdbc,e17494764a0b70d71507941c0870a216154a356e6eed2a4bcdcd75a1fdd00e85,,0.02230396866798401,0.05,0.005693922750651836,0.007161171548068523,0.003428605035878718,0.01887536363210529,rbf,4.126086235046387,shared_main_reference,100,948dceb559da0c3fff63324bc0f33799ce1662008513b77c4336ac7afc9681f6,771e89cf815df46c8da5ad2ee77b8821252e3e42ae1a5eb861b2a9d4c267d94a,6a6972ba60c9fa2c9348a44746cde0f4e241c2cf9fefbb6feebacc4373086e64,completed
present80_projected_mmd_full,present80_rkmp_controls_v1,present80_rkmp_controls_v1,analysis,PRESENT-80,9,16,202,D0_vs_D0,10000,16,0.01158132404088974,2ae30f7a2e11277ef7677820b69d1ce49c25d118d3dcd41b68e0ec96433d81a3,e17494764a0b70d71507941c0870a216154a356e6eed2a4bcdcd75a1fdd00e85,,0.003880392527207732,0.55,0.003898825729265809,0.005783607019111512,0.004017451428808272,-0.00013705890160053968,rbf,4.147320747375488,shared_main_reference,100,08532e5485702627525715b81d35286bf83c1231fde06a783ad0b98bd61ccee2,771e89cf815df46c8da5ad2ee77b8821252e3e42ae1a5eb861b2a9d4c267d94a,16e8b5eef09eae44051c81bdbd8f2b0b724b0ee439870e8650a13a9b48fd8cda,completed
present80_projected_mmd_full,present80_rkmp_controls_v1,present80_rkmp_controls_v1,analysis,PRESENT-80,9,16,202,D1_vs_D0,10000,16,0.01158132404088974,2ae30f7a2e11277ef7677820b69d1ce49c25d118d3dcd41b68e0ec96433d81a3,e17494764a0b70d71507941c0870a216154a356e6eed2a4bcdcd75a1fdd00e85,,0.008853388018906116,0.2,0.006636166479438543,0.011183044873178002,0.004017451428808272,0.004835936590097845,rbf,4.147320747375488,shared_main_reference,100,08532e5485702627525715b81d35286bf83c1231fde06a783ad0b98bd61ccee2,771e89cf815df46c8da5ad2ee77b8821252e3e42ae1a5eb861b2a9d4c267d94a,16e8b5eef09eae44051c81bdbd8f2b0b724b0ee439870e8650a13a9b48fd8cda,completed
present80_projected_mmd_full,present80_rkmp_controls_v1,present80_rkmp_controls_v1,analysis,PRESENT-80,9,16,202,D1_vs_D1,10000,16,0.01158132404088974,2ae30f7a2e11277ef7677820b69d1ce49c25d118d3dcd41b68e0ec96433d81a3,e17494764a0b70d71507941c0870a216154a356e6eed2a4bcdcd75a1fdd00e85,,0.004154510330408812,0.55,0.004246904980391264,0.005908676469698547,0.004017451428808272,0.00013705890160053968,rbf,4.147320747375488,shared_main_reference,100,08532e5485702627525715b81d35286bf83c1231fde06a783ad0b98bd61ccee2,771e89cf815df46c8da5ad2ee77b8821252e3e42ae1a5eb861b2a9d4c267d94a,16e8b5eef09eae44051c81bdbd8f2b0b724b0ee439870e8650a13a9b48fd8cda,completed
present80_projected_mmd_full,present80_rkmp_controls_v1,present80_rkmp_controls_v1,analysis,PRESENT-80,9,16,202,pair_shuffled,10000,16,0.01158132404088974,2ae30f7a2e11277ef7677820b69d1ce49c25d118d3dcd41b68e0ec96433d81a3,e17494764a0b70d71507941c0870a216154a356e6eed2a4bcdcd75a1fdd00e85,,0.026260683313012123,0.05,0.006954478099942207,0.008370721712708473,0.004017451428808272,0.02224323188420385,rbf,4.147320747375488,shared_main_reference,100,08532e5485702627525715b81d35286bf83c1231fde06a783ad0b98bd61ccee2,771e89cf815df46c8da5ad2ee77b8821252e3e42ae1a5eb861b2a9d4c267d94a,16e8b5eef09eae44051c81bdbd8f2b0b724b0ee439870e8650a13a9b48fd8cda,completed
present80_projected_mmd_full,present80_rkmp_controls_v1,present80_rkmp_controls_v1,analysis,PRESENT-80,9,16,203,D0_vs_D0,10000,16,0.011560056358575821,afebf3c974f8d8a17477191bea806354bf8045c2690c8fdcd3636484199757d0,e17494764a0b70d71507941c0870a216154a356e6eed2a4bcdcd75a1fdd00e85,,0.004650442395359278,0.2,0.003858993761241436,0.00507403155788779,0.005001646699383855,-0.00035120430402457714,rbf,4.081171989440918,shared_main_reference,100,3fac547b504995aba504004d00d646cc9e96ede87de5b4ef45c931028a39e66c,771e89cf815df46c8da5ad2ee77b8821252e3e42ae1a5eb861b2a9d4c267d94a,7c1381b56e5398f2c28d170c2a5b459179a89fdff79c649c21aae50da8376939,completed
present80_projected_mmd_full,present80_rkmp_controls_v1,present80_rkmp_controls_v1,analysis,PRESENT-80,9,16,203,D1_vs_D0,10000,16,0.011560056358575821,afebf3c974f8d8a17477191bea806354bf8045c2690c8fdcd3636484199757d0,e17494764a0b70d71507941c0870a216154a356e6eed2a4bcdcd75a1fdd00e85,,0.009880926460027695,0.1,0.006939014419913292,0.009500574227422474,0.005001646699383855,0.00487927976064384,rbf,4.081171989440918,shared_main_reference,100,3fac547b504995aba504004d00d646cc9e96ede87de5b4ef45c931028a39e66c,771e89cf815df46c8da5ad2ee77b8821252e3e42ae1a5eb861b2a9d4c267d94a,7c1381b56e5398f2c28d170c2a5b459179a89fdff79c649c21aae50da8376939,completed
present80_projected_mmd_full,present80_rkmp_controls_v1,present80_rkmp_controls_v1,analysis,PRESENT-80,9,16,203,D1_vs_D1,10000,16,0.011560056358575821,afebf3c974f8d8a17477191bea806354bf8045c2690c8fdcd3636484199757d0,e17494764a0b70d71507941c0870a216154a356e6eed2a4bcdcd75a1fdd00e85,,0.005352851003408432,0.2,0.004307794384658337,0.005607426492497325,0.005001646699383855,0.00035120430402457714,rbf,4.081171989440918,shared_main_reference,100,3fac547b504995aba504004d00d646cc9e96ede87de5b4ef45c931028a39e66c,771e89cf815df46c8da5ad2ee77b8821252e3e42ae1a5eb861b2a9d4c267d94a,7c1381b56e5398f2c28d170c2a5b459179a89fdff79c649c21aae50da8376939,completed
present80_projected_mmd_full,present80_rkmp_controls_v1,present80_rkmp_controls_v1,analysis,PRESENT-80,9,16,203,pair_shuffled,10000,16,0.011560056358575821,afebf3c974f8d8a17477191bea806354bf8045c2690c8fdcd3636484199757d0,e17494764a0b70d71507941c0870a216154a356e6eed2a4bcdcd75a1fdd00e85,,0.020584408193826675,0.05,0.0052875494584441185,0.008597335312515495,0.005001646699383855,0.01558276149444282,rbf,4.081171989440918,shared_main_reference,100,3fac547b504995aba504004d00d646cc9e96ede87de5b4ef45c931028a39e66c,771e89cf815df46c8da5ad2ee77b8821252e3e42ae1a5eb861b2a9d4c267d94a,7c1381b56e5398f2c28d170c2a5b459179a89fdff79c649c21aae50da8376939,completed
present80_projected_mmd_full,present80_rkmp_controls_v1,present80_rkmp_controls_v1,analysis,PRESENT-80,9,32,201,D0_vs_D0,10000,16,0.00763742346316576,8e2cfb54e63b38ffd7fcbbc3b96fef6f58597f4eeab41761380d2c374c61a52a,e17494764a0b70d71507941c0870a216154a356e6eed2a4bcdcd75a1fdd00e85,,0.0037357965484261513,0.4,0.0032202587462961674,0.004916844330728052,0.0037647143471986055,-2.8917798772454262e-05,rbf,4.782544136047363,shared_main_reference,100,45a2444372de7447ad34c3a048882ad6c3865ff20c29c864c781255093bfc5ab,771e89cf815df46c8da5ad2ee77b8821252e3e42ae1a5eb861b2a9d4c267d94a,aedb84be98dfba2728bc8a273c91e24cb36305faa8a28293bea7d7d442b69593,completed
present80_projected_mmd_full,present80_rkmp_controls_v1,present80_rkmp_controls_v1,analysis,PRESENT-80,9,32,201,D1_vs_D0,10000,16,0.00763742346316576,8e2cfb54e63b38ffd7fcbbc3b96fef6f58597f4eeab41761380d2c374c61a52a,e17494764a0b70d71507941c0870a216154a356e6eed2a4bcdcd75a1fdd00e85,,0.007095386739820242,0.75,0.008519373834133148,0.012026411667466163,0.0037647143471986055,0.0033306723926216364,rbf,4.782544136047363,shared_main_reference,100,45a2444372de7447ad34c3a048882ad6c3865ff20c29c864c781255093bfc5ab,771e89cf815df46c8da5ad2ee77b8821252e3e42ae1a5eb861b2a9d4c267d94a,aedb84be98dfba2728bc8a273c91e24cb36305faa8a28293bea7d7d442b69593,completed
present80_projected_mmd_full,present80_rkmp_controls_v1,present80_rkmp_controls_v1,analysis,PRESENT-80,9,32,201,D1_vs_D1,10000,16,0.00763742346316576,8e2cfb54e63b38ffd7fcbbc3b96fef6f58597f4eeab41761380d2c374c61a52a,e17494764a0b70d71507941c0870a216154a356e6eed2a4bcdcd75a1fdd00e85,,0.00379363214597106,0.15,0.003100391710177064,0.0043664610013365735,0.0037647143471986055,2.8917798772454262e-05,rbf,4.782544136047363,shared_main_reference,100,45a2444372de7447ad34c3a048882ad6c3865ff20c29c864c781255093bfc5ab,771e89cf815df46c8da5ad2ee77b8821252e3e42ae1a5eb861b2a9d4c267d94a,aedb84be98dfba2728bc8a273c91e24cb36305faa8a28293bea7d7d442b69593,completed
present80_projected_mmd_full,present80_rkmp_controls_v1,present80_rkmp_controls_v1,analysis,PRESENT-80,9,32,201,pair_shuffled,10000,16,0.00763742346316576,8e2cfb54e63b38ffd7fcbbc3b96fef6f58597f4eeab41761380d2c374c61a52a,e17494764a0b70d71507941c0870a216154a356e6eed2a4bcdcd75a1fdd00e85,,0.024388359859585762,0.05,0.0044144149869680405,0.006631758995354173,0.0037647143471986055,0.020623645512387156,rbf,4.782544136047363,shared_main_reference,100,45a2444372de7447ad34c3a048882ad6c3865ff20c29c864c781255093bfc5ab,771e89cf815df46c8da5ad2ee77b8821252e3e42ae1a5eb861b2a9d4c267d94a,aedb84be98dfba2728bc8a273c91e24cb36305faa8a28293bea7d7d442b69593,completed
present80_projected_mmd_full,present80_rkmp_controls_v1,present80_rkmp_controls_v1,analysis,PRESENT-80,9,32,202,D0_vs_D0,10000,16,0.007622359786182642,245e8b0c5e1a5676c73a141359f65c10ce556edcea61fd00d62d2157645ddf2d,e17494764a0b70d71507941c0870a216154a356e6eed2a4bcdcd75a1fdd00e85,,0.002637050813063979,0.65,0.0030544816982001066,0.0049893356859683985,0.0031783481827005744,-0.0005412973696365952,rbf,4.713141918182373,shared_main_reference,100,ecf11aa810a828759d4d276f7680e1b6e9a95fbd09a9d6a5589d3cc05427df73,771e89cf815df46c8da5ad2ee77b8821252e3e42ae1a5eb861b2a9d4c267d94a,2bc3959a937e07b99abcaafdc9b466b834d8781b0635f39d3af476843de73f77,completed
present80_projected_mmd_full,present80_rkmp_controls_v1,present80_rkmp_controls_v1,analysis,PRESENT-80,9,32,202,D1_vs_D0,10000,16,0.007622359786182642,245e8b0c5e1a5676c73a141359f65c10ce556edcea61fd00d62d2157645ddf2d,e17494764a0b70d71507941c0870a216154a356e6eed2a4bcdcd75a1fdd00e85,,0.007174320984631777,0.45,0.00703608151525259,0.010120599064975963,0.0031783481827005744,0.003995972801931202,rbf,4.713141918182373,shared_main_reference,100,ecf11aa810a828759d4d276f7680e1b6e9a95fbd09a9d6a5589d3cc05427df73,771e89cf815df46c8da5ad2ee77b8821252e3e42ae1a5eb861b2a9d4c267d94a,2bc3959a937e07b99abcaafdc9b466b834d8781b0635f39d3af476843de73f77,completed
present80_projected_mmd_full,present80_rkmp_controls_v1,present80_rkmp_controls_v1,analysis,PRESENT-80,9,32,202,D1_vs_D1,10000,16,0.007622359786182642,245e8b0c5e1a5676c73a141359f65c10ce556edcea61fd00d62d2157645ddf2d,e17494764a0b70d71507941c0870a216154a356e6eed2a4bcdcd75a1fdd00e85,,0.0037196455523371696,0.45,0.0034855082631111145,0.005417476966977119,0.0031783481827005744,0.0005412973696365952,rbf,4.713141918182373,shared_main_reference,100,ecf11aa810a828759d4d276f7680e1b6e9a95fbd09a9d6a5589d3cc05427df73,771e89cf815df46c8da5ad2ee77b8821252e3e42ae1a5eb861b2a9d4c267d94a,2bc3959a937e07b99abcaafdc9b466b834d8781b0635f39d3af476843de73f77,completed
present80_projected_mmd_full,present80_rkmp_controls_v1,present80_rkmp_controls_v1,analysis,PRESENT-80,9,32,202,pair_shuffled,10000,16,0.007622359786182642,245e8b0c5e1a5676c73a141359f65c10ce556edcea61fd00d62d2157645ddf2d,e17494764a0b70d71507941c0870a216154a356e6eed2a4bcdcd75a1fdd00e85,,0.029154060408473015,0.05,0.005925052799284458,0.011347766499966381,0.0031783481827005744,0.02597571222577244,rbf,4.713141918182373,shared_main_reference,100,ecf11aa810a828759d4d276f7680e1b6e9a95fbd09a9d6a5589d3cc05427df73,771e89cf815df46c8da5ad2ee77b8821252e3e42ae1a5eb861b2a9d4c267d94a,2bc3959a937e07b99abcaafdc9b466b834d8781b0635f39d3af476843de73f77,completed
present80_projected_mmd_full,present80_rkmp_controls_v1,present80_rkmp_controls_v1,analysis,PRESENT-80,9,32,203,D0_vs_D0,10000,16,0.007620356511324644,6bd1d4889194dabb005e89d8ae50d5b854176567b593e9cf7870831bfa2b54b5,e17494764a0b70d71507941c0870a216154a356e6eed2a4bcdcd75a1fdd00e85,,0.004367843735963106,0.35,0.003554315771907568,0.005420824466273186,0.004131367313675582,0.00023647642228752375,rbf,4.761184215545654,shared_main_reference,100,b5825aae6dad3dc4ec16e981cc642f7436738756e500a18c3d01b53a10b3c7be,771e89cf815df46c8da5ad2ee77b8821252e3e42ae1a5eb861b2a9d4c267d94a,722e36a5b816fc5ce21c8c4735f1a12e636d812d7e88946169edba8d47316228,completed
present80_projected_mmd_full,present80_rkmp_controls_v1,present80_rkmp_controls_v1,analysis,PRESENT-80,9,32,203,D1_vs_D0,10000,16,0.007620356511324644,6bd1d4889194dabb005e89d8ae50d5b854176567b593e9cf7870831bfa2b54b5,e17494764a0b70d71507941c0870a216154a356e6eed2a4bcdcd75a1fdd00e85,,0.0069443341344594955,0.8,0.007492641918361187,0.00977461021393537,0.004131367313675582,0.002812966820783913,rbf,4.761184215545654,shared_main_reference,100,b5825aae6dad3dc4ec16e981cc642f7436738756e500a18c3d01b53a10b3c7be,771e89cf815df46c8da5ad2ee77b8821252e3e42ae1a5eb861b2a9d4c267d94a,722e36a5b816fc5ce21c8c4735f1a12e636d812d7e88946169edba8d47316228,completed
present80_projected_mmd_full,present80_rkmp_controls_v1,present80_rkmp_controls_v1,analysis,PRESENT-80,9,32,203,D1_vs_D1,10000,16,0.007620356511324644,6bd1d4889194dabb005e89d8ae50d5b854176567b593e9cf7870831bfa2b54b5,e17494764a0b70d71507941c0870a216154a356e6eed2a4bcdcd75a1fdd00e85,,0.0038948908913880587,0.25,0.0033073844388127327,0.005333269108086823,0.004131367313675582,-0.00023647642228752375,rbf,4.761184215545654,shared_main_reference,100,b5825aae6dad3dc4ec16e981cc642f7436738756e500a18c3d01b53a10b3c7be,771e89cf815df46c8da5ad2ee77b8821252e3e42ae1a5eb861b2a9d4c267d94a,722e36a5b816fc5ce21c8c4735f1a12e636d812d7e88946169edba8d47316228,completed
present80_projected_mmd_full,present80_rkmp_controls_v1,present80_rkmp_controls_v1,analysis,PRESENT-80,9,32,203,pair_shuffled,10000,16,0.007620356511324644,6bd1d4889194dabb005e89d8ae50d5b854176567b593e9cf7870831bfa2b54b5,e17494764a0b70d71507941c0870a216154a356e6eed2a4bcdcd75a1fdd00e85,,0.030319830402731895,0.05,0.005649726837873459,0.011004920862615107,0.004131367313675582,0.026188463089056313,rbf,4.761184215545654,shared_main_reference,100,b5825aae6dad3dc4ec16e981cc642f7436738756e500a18c3d01b53a10b3c7be,771e89cf815df46c8da5ad2ee77b8821252e3e42ae1a5eb861b2a9d4c267d94a,722e36a5b816fc5ce21c8c4735f1a12e636d812d7e88946169edba8d47316228,completed
present80_projected_mmd_full,present80_rkmp_controls_v1,present80_rkmp_controls_v1,analysis,PRESENT-80,10,1,201,D0_vs_D0,10000,16,0.10382692515850067,65fbd1c4b27566c7e24ef45a6c676e2a83428d9ce9a3a284e7fe8e73a008d54c,e17494764a0b70d71507941c0870a216154a356e6eed2a4bcdcd75a1fdd00e85,False,0.005363518837839365,0.6,0.005845955573022366,0.0074764410033822054,0.007029717555269599,-0.001666198717430234,rbf,3.12087345123291,shared_main_reference,100,21c08623635bc1ea001b91ac52fb9536f9e4f3513900d49db445f0fd9eb58e23,771e89cf815df46c8da5ad2ee77b8821252e3e42ae1a5eb861b2a9d4c267d94a,50d151ee1e62e4202e476f5cd48a553711f66de96eedfbf265b85cc726c95304,completed
present80_projected_mmd_full,present80_rkmp_controls_v1,present80_rkmp_controls_v1,analysis,PRESENT-80,10,1,201,D1_vs_D0,10000,16,0.10382692515850067,65fbd1c4b27566c7e24ef45a6c676e2a83428d9ce9a3a284e7fe8e73a008d54c,e17494764a0b70d71507941c0870a216154a356e6eed2a4bcdcd75a1fdd00e85,False,0.009628095664083958,0.45,0.009452058002352715,0.011983716022223222,0.007029717555269599,0.0025983781088143587,rbf,3.12087345123291,shared_main_reference,100,21c08623635bc1ea001b91ac52fb9536f9e4f3513900d49db445f0fd9eb58e23,771e89cf815df46c8da5ad2ee77b8821252e3e42ae1a5eb861b2a9d4c267d94a,50d151ee1e62e4202e476f5cd48a553711f66de96eedfbf265b85cc726c95304,completed
present80_projected_mmd_full,present80_rkmp_controls_v1,present80_rkmp_controls_v1,analysis,PRESENT-80,10,1,201,D1_vs_D1,10000,16,0.10382692515850067,65fbd1c4b27566c7e24ef45a6c676e2a83428d9ce9a3a284e7fe8e73a008d54c,e17494764a0b70d71507941c0870a216154a356e6eed2a4bcdcd75a1fdd00e85,False,0.008695916272699833,0.05,0.005020409822463989,0.008435834292322397,0.007029717555269599,0.001666198717430234,rbf,3.12087345123291,shared_main_reference,100,21c08623635bc1ea001b91ac52fb9536f9e4f3513900d49db445f0fd9eb58e23,771e89cf815df46c8da5ad2ee77b8821252e3e42ae1a5eb861b2a9d4c267d94a,50d151ee1e62e4202e476f5cd48a553711f66de96eedfbf265b85cc726c95304,completed
present80_projected_mmd_full,present80_rkmp_controls_v1,present80_rkmp_controls_v1,analysis,PRESENT-80,10,1,201,pair_shuffled,10000,16,0.10382692515850067,65fbd1c4b27566c7e24ef45a6c676e2a83428d9ce9a3a284e7fe8e73a008d54c,e17494764a0b70d71507941c0870a216154a356e6eed2a4bcdcd75a1fdd00e85,False,0.007162601221352816,0.45,0.006975147873163223,0.010154352523386477,0.007029717555269599,0.00013288366608321667,rbf,3.12087345123291,shared_main_reference,100,21c08623635bc1ea001b91ac52fb9536f9e4f3513900d49db445f0fd9eb58e23,771e89cf815df46c8da5ad2ee77b8821252e3e42ae1a5eb861b2a9d4c267d94a,50d151ee1e62e4202e476f5cd48a553711f66de96eedfbf265b85cc726c95304,completed
present80_projected_mmd_full,present80_rkmp_controls_v1,present80_rkmp_controls_v1,analysis,PRESENT-80,10,1,202,D0_vs_D0,10000,16,0.10355494171380997,31a74d20862bcabc2673e24c3e270385babd6df996c1e2a62bec7069eb4c1d83,e17494764a0b70d71507941c0870a216154a356e6eed2a4bcdcd75a1fdd00e85,False,0.007856921292841434,0.2,0.006128070876002312,0.008662612643092867,0.0061905262991786,0.0016663949936628342,rbf,3.071415662765503,shared_main_reference,100,cf9e111ade57ef954819ece8aa25887334db65dd26b54a9aa2d4eaa4ab14ed66,771e89cf815df46c8da5ad2ee77b8821252e3e42ae1a5eb861b2a9d4c267d94a,8559beae27afad0b7b47d3509f048cd59435a6e7282d30f4831ef045e38d4d87,completed
present80_projected_mmd_full,present80_rkmp_controls_v1,present80_rkmp_controls_v1,analysis,PRESENT-80,10,1,202,D1_vs_D0,10000,16,0.10355494171380997,31a74d20862bcabc2673e24c3e270385babd6df996c1e2a62bec7069eb4c1d83,e17494764a0b70d71507941c0870a216154a356e6eed2a4bcdcd75a1fdd00e85,False,0.006514463108032942,0.8,0.008653893135488033,0.012033047713339327,0.0061905262991786,0.0003239368088543415,rbf,3.071415662765503,shared_main_reference,100,cf9e111ade57ef954819ece8aa25887334db65dd26b54a9aa2d4eaa4ab14ed66,771e89cf815df46c8da5ad2ee77b8821252e3e42ae1a5eb861b2a9d4c267d94a,8559beae27afad0b7b47d3509f048cd59435a6e7282d30f4831ef045e38d4d87,completed
present80_projected_mmd_full,present80_rkmp_controls_v1,present80_rkmp_controls_v1,analysis,PRESENT-80,10,1,202,D1_vs_D1,10000,16,0.10355494171380997,31a74d20862bcabc2673e24c3e270385babd6df996c1e2a62bec7069eb4c1d83,e17494764a0b70d71507941c0870a216154a356e6eed2a4bcdcd75a1fdd00e85,False,0.004524131305515766,0.9,0.00719744386151433,0.010116861760616295,0.0061905262991786,-0.0016663949936628342,rbf,3.071415662765503,shared_main_reference,100,cf9e111ade57ef954819ece8aa25887334db65dd26b54a9aa2d4eaa4ab14ed66,771e89cf815df46c8da5ad2ee77b8821252e3e42ae1a5eb861b2a9d4c267d94a,8559beae27afad0b7b47d3509f048cd59435a6e7282d30f4831ef045e38d4d87,completed
present80_projected_mmd_full,present80_rkmp_controls_v1,present80_rkmp_controls_v1,analysis,PRESENT-80,10,1,202,pair_shuffled,10000,16,0.10355494171380997,31a74d20862bcabc2673e24c3e270385babd6df996c1e2a62bec7069eb4c1d83,e17494764a0b70d71507941c0870a216154a356e6eed2a4bcdcd75a1fdd00e85,False,0.0074270726181566715,0.75,0.00931583996862173,0.012042402382940045,0.0061905262991786,0.0012365463189780712,rbf,3.071415662765503,shared_main_reference,100,cf9e111ade57ef954819ece8aa25887334db65dd26b54a9aa2d4eaa4ab14ed66,771e89cf815df46c8da5ad2ee77b8821252e3e42ae1a5eb861b2a9d4c267d94a,8559beae27afad0b7b47d3509f048cd59435a6e7282d30f4831ef045e38d4d87,completed
present80_projected_mmd_full,present80_rkmp_controls_v1,present80_rkmp_controls_v1,analysis,PRESENT-80,10,1,203,D0_vs_D0,10000,16,0.10358497500419617,e8fa97ee29c1a6741b01276696c39a58a8aa2fc7be6b470ce252a9011ab4897a,e17494764a0b70d71507941c0870a216154a356e6eed2a4bcdcd75a1fdd00e85,False,0.004451528657227755,0.95,0.006202977150678635,0.0097986189648509,0.008713291259482503,-0.004261762602254748,rbf,3.0828475952148438,shared_main_reference,100,6aed39477e71655de8e847948bb7ae5a69022072aaddff30e8395b9eddca5816,771e89cf815df46c8da5ad2ee77b8821252e3e42ae1a5eb861b2a9d4c267d94a,80670c2f9338c752869dbf2f5cf90302dd7478dc63bdb47e77003c97cf835ab1,completed
present80_projected_mmd_full,present80_rkmp_controls_v1,present80_rkmp_controls_v1,analysis,PRESENT-80,10,1,203,D1_vs_D0,10000,16,0.10358497500419617,e8fa97ee29c1a6741b01276696c39a58a8aa2fc7be6b470ce252a9011ab4897a,e17494764a0b70d71507941c0870a216154a356e6eed2a4bcdcd75a1fdd00e85,False,0.00840101670473814,0.25,0.006732702720910311,0.009776727762073271,0.008713291259482503,-0.00031227455474436283,rbf,3.0828475952148438,shared_main_reference,100,6aed39477e71655de8e847948bb7ae5a69022072aaddff30e8395b9eddca5816,771e89cf815df46c8da5ad2ee77b8821252e3e42ae1a5eb861b2a9d4c267d94a,80670c2f9338c752869dbf2f5cf90302dd7478dc63bdb47e77003c97cf835ab1,completed
present80_projected_mmd_full,present80_rkmp_controls_v1,present80_rkmp_controls_v1,analysis,PRESENT-80,10,1,203,D1_vs_D1,10000,16,0.10358497500419617,e8fa97ee29c1a6741b01276696c39a58a8aa2fc7be6b470ce252a9011ab4897a,e17494764a0b70d71507941c0870a216154a356e6eed2a4bcdcd75a1fdd00e85,False,0.012975053861737251,0.05,0.0061357030645012856,0.010264208167791363,0.008713291259482503,0.004261762602254748,rbf,3.0828475952148438,shared_main_reference,100,6aed39477e71655de8e847948bb7ae5a69022072aaddff30e8395b9eddca5816,771e89cf815df46c8da5ad2ee77b8821252e3e42ae1a5eb861b2a9d4c267d94a,80670c2f9338c752869dbf2f5cf90302dd7478dc63bdb47e77003c97cf835ab1,completed
present80_projected_mmd_full,present80_rkmp_controls_v1,present80_rkmp_controls_v1,analysis,PRESENT-80,10,1,203,pair_shuffled,10000,16,0.10358497500419617,e8fa97ee29c1a6741b01276696c39a58a8aa2fc7be6b470ce252a9011ab4897a,e17494764a0b70d71507941c0870a216154a356e6eed2a4bcdcd75a1fdd00e85,False,0.009251167066395283,0.15,0.007761914283037186,0.01031327480450272,0.008713291259482503,0.0005378758069127798,rbf,3.0828475952148438,shared_main_reference,100,6aed39477e71655de8e847948bb7ae5a69022072aaddff30e8395b9eddca5816,771e89cf815df46c8da5ad2ee77b8821252e3e42ae1a5eb861b2a9d4c267d94a,80670c2f9338c752869dbf2f5cf90302dd7478dc63bdb47e77003c97cf835ab1,completed
present80_projected_mmd_full,present80_rkmp_controls_v1,present80_rkmp_controls_v1,analysis,PRESENT-80,10,2,201,D0_vs_D0,10000,16,0.05752605199813843,c383e8ec99f10a0ba3c62dd058b9d2ea5e9fc2ce48d1ed060df1c9901a225492,e17494764a0b70d71507941c0870a216154a356e6eed2a4bcdcd75a1fdd00e85,,0.005056403111666441,0.75,0.0062804678454995155,0.008781089633703231,0.0049953272100538015,6.107590161263943e-05,rbf,3.2529807090759277,shared_main_reference,100,ecceca28e54cd95a7e7f6f7c521d3e6ca93f14672dbe7413fd4fedce334073c4,771e89cf815df46c8da5ad2ee77b8821252e3e42ae1a5eb861b2a9d4c267d94a,5c9640c4b074b4e394cf42ca6909dd1c608662059f69ff4bb64308b0b9863006,completed
present80_projected_mmd_full,present80_rkmp_controls_v1,present80_rkmp_controls_v1,analysis,PRESENT-80,10,2,201,D1_vs_D0,10000,16,0.05752605199813843,c383e8ec99f10a0ba3c62dd058b9d2ea5e9fc2ce48d1ed060df1c9901a225492,e17494764a0b70d71507941c0870a216154a356e6eed2a4bcdcd75a1fdd00e85,,0.004566090181469917,0.95,0.007654227316379547,0.011255332920700311,0.0049953272100538015,-0.00042923702858388424,rbf,3.2529807090759277,shared_main_reference,100,ecceca28e54cd95a7e7f6f7c521d3e6ca93f14672dbe7413fd4fedce334073c4,771e89cf815df46c8da5ad2ee77b8821252e3e42ae1a5eb861b2a9d4c267d94a,5c9640c4b074b4e394cf42ca6909dd1c608662059f69ff4bb64308b0b9863006,completed
present80_projected_mmd_full,present80_rkmp_controls_v1,present80_rkmp_controls_v1,analysis,PRESENT-80,10,2,201,D1_vs_D1,10000,16,0.05752605199813843,c383e8ec99f10a0ba3c62dd058b9d2ea5e9fc2ce48d1ed060df1c9901a225492,e17494764a0b70d71507941c0870a216154a356e6eed2a4bcdcd75a1fdd00e85,,0.004934251308441162,0.8,0.005868821404874325,0.0074767733924090835,0.0049953272100538015,-6.107590161263943e-05,rbf,3.2529807090759277,shared_main_reference,100,ecceca28e54cd95a7e7f6f7c521d3e6ca93f14672dbe7413fd4fedce334073c4,771e89cf815df46c8da5ad2ee77b8821252e3e42ae1a5eb861b2a9d4c267d94a,5c9640c4b074b4e394cf42ca6909dd1c608662059f69ff4bb64308b0b9863006,completed
present80_projected_mmd_full,present80_rkmp_controls_v1,present80_rkmp_controls_v1,analysis,PRESENT-80,10,2,201,pair_shuffled,10000,16,0.05752605199813843,c383e8ec99f10a0ba3c62dd058b9d2ea5e9fc2ce48d1ed060df1c9901a225492,e17494764a0b70d71507941c0870a216154a356e6eed2a4bcdcd75a1fdd00e85,,0.008309331722557545,0.25,0.005855749826878309,0.011280503217130897,0.0049953272100538015,0.003314004512503743,rbf,3.2529807090759277,shared_main_reference,100,ecceca28e54cd95a7e7f6f7c521d3e6ca93f14672dbe7413fd4fedce334073c4,771e89cf815df46c8da5ad2ee77b8821252e3e42ae1a5eb861b2a9d4c267d94a,5c9640c4b074b4e394cf42ca6909dd1c608662059f69ff4bb64308b0b9863006,completed
present80_projected_mmd_full,present80_rkmp_controls_v1,present80_rkmp_controls_v1,analysis,PRESENT-80,10,2,202,D0_vs_D0,10000,16,0.05736912786960602,d535e015bfe2725e5645871fb9f35305809598394b9d5a0a6360cc05437a4170,e17494764a0b70d71507941c0870a216154a356e6eed2a4bcdcd75a1fdd00e85,,0.005518163554370403,0.6,0.0057351416908204556,0.008730715699493881,0.005236524622887373,0.0002816389314830303,rbf,3.2639706134796143,shared_main_reference,100,6d2b49068bbb4a49f9168fa21149878d4b12fedab64ffc88a1a0dc5fe328821b,771e89cf815df46c8da5ad2ee77b8821252e3e42ae1a5eb861b2a9d4c267d94a,3b6ddc6c678be8b6cb95d2ed3ee320c8b4be0c464c0d7de6aade37db5372ffb7,completed
present80_projected_mmd_full,present80_rkmp_controls_v1,present80_rkmp_controls_v1,analysis,PRESENT-80,10,2,202,D1_vs_D0,10000,16,0.05736912786960602,d535e015bfe2725e5645871fb9f35305809598394b9d5a0a6360cc05437a4170,e17494764a0b70d71507941c0870a216154a356e6eed2a4bcdcd75a1fdd00e85,,0.004382491577416658,1.0,0.007467922754585743,0.009773980174213647,0.005236524622887373,-0.0008540330454707146,rbf,3.2639706134796143,shared_main_reference,100,6d2b49068bbb4a49f9168fa21149878d4b12fedab64ffc88a1a0dc5fe328821b,771e89cf815df46c8da5ad2ee77b8821252e3e42ae1a5eb861b2a9d4c267d94a,3b6ddc6c678be8b6cb95d2ed3ee320c8b4be0c464c0d7de6aade37db5372ffb7,completed
present80_projected_mmd_full,present80_rkmp_controls_v1,present80_rkmp_controls_v1,analysis,PRESENT-80,10,2,202,D1_vs_D1,10000,16,0.05736912786960602,d535e015bfe2725e5645871fb9f35305809598394b9d5a0a6360cc05437a4170,e17494764a0b70d71507941c0870a216154a356e6eed2a4bcdcd75a1fdd00e85,,0.004954885691404343,0.85,0.0069662416353821754,0.009888770617544649,0.005236524622887373,-0.0002816389314830303,rbf,3.2639706134796143,shared_main_reference,100,6d2b49068bbb4a49f9168fa21149878d4b12fedab64ffc88a1a0dc5fe328821b,771e89cf815df46c8da5ad2ee77b8821252e3e42ae1a5eb861b2a9d4c267d94a,3b6ddc6c678be8b6cb95d2ed3ee320c8b4be0c464c0d7de6aade37db5372ffb7,completed
present80_projected_mmd_full,present80_rkmp_controls_v1,present80_rkmp_controls_v1,analysis,PRESENT-80,10,2,202,pair_shuffled,10000,16,0.05736912786960602,d535e015bfe2725e5645871fb9f35305809598394b9d5a0a6360cc05437a4170,e17494764a0b70d71507941c0870a216154a356e6eed2a4bcdcd75a1fdd00e85,,0.010036017745733261,0.05,0.00639027263969183,0.008898153621703386,0.005236524622887373,0.004799493122845888,rbf,3.2639706134796143,shared_main_reference,100,6d2b49068bbb4a49f9168fa21149878d4b12fedab64ffc88a1a0dc5fe328821b,771e89cf815df46c8da5ad2ee77b8821252e3e42ae1a5eb861b2a9d4c267d94a,3b6ddc6c678be8b6cb95d2ed3ee320c8b4be0c464c0d7de6aade37db5372ffb7,completed
present80_projected_mmd_full,present80_rkmp_controls_v1,present80_rkmp_controls_v1,analysis,PRESENT-80,10,2,203,D0_vs_D0,10000,16,0.057701677083969116,971b3b95d2dd4b186c8ec35261da307047f1479c71d2fdc990a211edcd8b87e0,e17494764a0b70d71507941c0870a216154a356e6eed2a4bcdcd75a1fdd00e85,,0.005752753000706434,0.6,0.006103090941905975,0.008022090326994656,0.0047129299491643906,0.0010398230515420437,rbf,3.2957100868225098,shared_main_reference,100,b197dedeac620fe4a67b268ee058e78cf60bba58de99a21504e0a48e00ffad13,771e89cf815df46c8da5ad2ee77b8821252e3e42ae1a5eb861b2a9d4c267d94a,d21fc226b78b078e2cf6142468ace47a097bfba4dc655e2b11c19a13eb8fb46a,completed
present80_projected_mmd_full,present80_rkmp_controls_v1,present80_rkmp_controls_v1,analysis,PRESENT-80,10,2,203,D1_vs_D0,10000,16,0.057701677083969116,971b3b95d2dd4b186c8ec35261da307047f1479c71d2fdc990a211edcd8b87e0,e17494764a0b70d71507941c0870a216154a356e6eed2a4bcdcd75a1fdd00e85,,0.008764639496803284,0.4,0.007872226648032665,0.011205667536705731,0.0047129299491643906,0.004051709547638893,rbf,3.2957100868225098,shared_main_reference,100,b197dedeac620fe4a67b268ee058e78cf60bba58de99a21504e0a48e00ffad13,771e89cf815df46c8da5ad2ee77b8821252e3e42ae1a5eb861b2a9d4c267d94a,d21fc226b78b078e2cf6142468ace47a097bfba4dc655e2b11c19a13eb8fb46a,completed
present80_projected_mmd_full,present80_rkmp_controls_v1,present80_rkmp_controls_v1,analysis,PRESENT-80,10,2,203,D1_vs_D1,10000,16,0.057701677083969116,971b3b95d2dd4b186c8ec35261da307047f1479c71d2fdc990a211edcd8b87e0,e17494764a0b70d71507941c0870a216154a356e6eed2a4bcdcd75a1fdd00e85,,0.003673106897622347,1.0,0.006268976256251335,0.009293893538415424,0.0047129299491643906,-0.0010398230515420437,rbf,3.2957100868225098,shared_main_reference,100,b197dedeac620fe4a67b268ee058e78cf60bba58de99a21504e0a48e00ffad13,771e89cf815df46c8da5ad2ee77b8821252e3e42ae1a5eb861b2a9d4c267d94a,d21fc226b78b078e2cf6142468ace47a097bfba4dc655e2b11c19a13eb8fb46a,completed
present80_projected_mmd_full,present80_rkmp_controls_v1,present80_rkmp_controls_v1,analysis,PRESENT-80,10,2,203,pair_shuffled,10000,16,0.057701677083969116,971b3b95d2dd4b186c8ec35261da307047f1479c71d2fdc990a211edcd8b87e0,e17494764a0b70d71507941c0870a216154a356e6eed2a4bcdcd75a1fdd00e85,,0.018131326884031296,0.05,0.007591619156301022,0.009617823176085944,0.0047129299491643906,0.013418396934866905,rbf,3.2957100868225098,shared_main_reference,100,b197dedeac620fe4a67b268ee058e78cf60bba58de99a21504e0a48e00ffad13,771e89cf815df46c8da5ad2ee77b8821252e3e42ae1a5eb861b2a9d4c267d94a,d21fc226b78b078e2cf6142468ace47a097bfba4dc655e2b11c19a13eb8fb46a,completed
present80_projected_mmd_full,present80_rkmp_controls_v1,present80_rkmp_controls_v1,analysis,PRESENT-80,10,4,201,D0_vs_D0,10000,16,0.032964348793029785,6d03ec5d4ed6665cfe941d9cc2e2f0ec5846c711ce75744df72c42629524b68f,e17494764a0b70d71507941c0870a216154a356e6eed2a4bcdcd75a1fdd00e85,,0.009283994324505329,0.1,0.005942906718701124,0.008535319101065392,0.0076588590163737535,0.0016251353081315756,rbf,3.482761859893799,shared_main_reference,100,595af3d8a6c96ccd3ec7601abd55862f77ebb8f453d8125cd7ab0dbe97267b6a,771e89cf815df46c8da5ad2ee77b8821252e3e42ae1a5eb861b2a9d4c267d94a,0e907481c6cb9040e6b712149930b3dd417713e83f9bb2a19e211975e49f4adc,completed
present80_projected_mmd_full,present80_rkmp_controls_v1,present80_rkmp_controls_v1,analysis,PRESENT-80,10,4,201,D1_vs_D0,10000,16,0.032964348793029785,6d03ec5d4ed6665cfe941d9cc2e2f0ec5846c711ce75744df72c42629524b68f,e17494764a0b70d71507941c0870a216154a356e6eed2a4bcdcd75a1fdd00e85,,0.007266476284712553,0.65,0.008000804111361504,0.011097232066094873,0.0076588590163737535,-0.0003923827316612005,rbf,3.482761859893799,shared_main_reference,100,595af3d8a6c96ccd3ec7601abd55862f77ebb8f453d8125cd7ab0dbe97267b6a,771e89cf815df46c8da5ad2ee77b8821252e3e42ae1a5eb861b2a9d4c267d94a,0e907481c6cb9040e6b712149930b3dd417713e83f9bb2a19e211975e49f4adc,completed
present80_projected_mmd_full,present80_rkmp_controls_v1,present80_rkmp_controls_v1,analysis,PRESENT-80,10,4,201,D1_vs_D1,10000,16,0.032964348793029785,6d03ec5d4ed6665cfe941d9cc2e2f0ec5846c711ce75744df72c42629524b68f,e17494764a0b70d71507941c0870a216154a356e6eed2a4bcdcd75a1fdd00e85,,0.006033723708242178,0.5,0.00584403146058321,0.009338377416133877,0.0076588590163737535,-0.0016251353081315756,rbf,3.482761859893799,shared_main_reference,100,595af3d8a6c96ccd3ec7601abd55862f77ebb8f453d8125cd7ab0dbe97267b6a,771e89cf815df46c8da5ad2ee77b8821252e3e42ae1a5eb861b2a9d4c267d94a,0e907481c6cb9040e6b712149930b3dd417713e83f9bb2a19e211975e49f4adc,completed
present80_projected_mmd_full,present80_rkmp_controls_v1,present80_rkmp_controls_v1,analysis,PRESENT-80,10,4,201,pair_shuffled,10000,16,0.032964348793029785,6d03ec5d4ed6665cfe941d9cc2e2f0ec5846c711ce75744df72c42629524b68f,e17494764a0b70d71507941c0870a216154a356e6eed2a4bcdcd75a1fdd00e85,,0.013912064023315907,0.05,0.006899155210703611,0.009374162461608646,0.0076588590163737535,0.006253205006942153,rbf,3.482761859893799,shared_main_reference,100,595af3d8a6c96ccd3ec7601abd55862f77ebb8f453d8125cd7ab0dbe97267b6a,771e89cf815df46c8da5ad2ee77b8821252e3e42ae1a5eb861b2a9d4c267d94a,0e907481c6cb9040e6b712149930b3dd417713e83f9bb2a19e211975e49f4adc,completed
present80_projected_mmd_full,present80_rkmp_controls_v1,present80_rkmp_controls_v1,analysis,PRESENT-80,10,4,202,D0_vs_D0,10000,16,0.032938215881586075,49d1d7e6712900988de146cbce90212ab1cf858848ed39e71b1afbfd9beefb96,e17494764a0b70d71507941c0870a216154a356e6eed2a4bcdcd75a1fdd00e85,,0.0033987953793257475,0.9,0.005377705208957195,0.007777565577998757,0.004349148250184953,-0.0009503528708592057,rbf,3.4613399505615234,shared_main_reference,100,b432ae191849235a2a8cf1b9be44a3d7af774230329d3911fd042113fbb6786f,771e89cf815df46c8da5ad2ee77b8821252e3e42ae1a5eb861b2a9d4c267d94a,60e55965ace120ac3d3f9537ba68063c981e527cbc91f94f9135eda40bb8248f,completed
present80_projected_mmd_full,present80_rkmp_controls_v1,present80_rkmp_controls_v1,analysis,PRESENT-80,10,4,202,D1_vs_D0,10000,16,0.032938215881586075,49d1d7e6712900988de146cbce90212ab1cf858848ed39e71b1afbfd9beefb96,e17494764a0b70d71507941c0870a216154a356e6eed2a4bcdcd75a1fdd00e85,,0.0072290655225515366,0.75,0.008351527154445648,0.012839196249842644,0.004349148250184953,0.0028799172723665833,rbf,3.4613399505615234,shared_main_reference,100,b432ae191849235a2a8cf1b9be44a3d7af774230329d3911fd042113fbb6786f,771e89cf815df46c8da5ad2ee77b8821252e3e42ae1a5eb861b2a9d4c267d94a,60e55965ace120ac3d3f9537ba68063c981e527cbc91f94f9135eda40bb8248f,completed
present80_projected_mmd_full,present80_rkmp_controls_v1,present80_rkmp_controls_v1,analysis,PRESENT-80,10,4,202,D1_vs_D1,10000,16,0.032938215881586075,49d1d7e6712900988de146cbce90212ab1cf858848ed39e71b1afbfd9beefb96,e17494764a0b70d71507941c0870a216154a356e6eed2a4bcdcd75a1fdd00e85,,0.005299501121044159,0.4,0.004896512255072594,0.007616993458941578,0.004349148250184953,0.0009503528708592057,rbf,3.4613399505615234,shared_main_reference,100,b432ae191849235a2a8cf1b9be44a3d7af774230329d3911fd042113fbb6786f,771e89cf815df46c8da5ad2ee77b8821252e3e42ae1a5eb861b2a9d4c267d94a,60e55965ace120ac3d3f9537ba68063c981e527cbc91f94f9135eda40bb8248f,completed
present80_projected_mmd_full,present80_rkmp_controls_v1,present80_rkmp_controls_v1,analysis,PRESENT-80,10,4,202,pair_shuffled,10000,16,0.032938215881586075,49d1d7e6712900988de146cbce90212ab1cf858848ed39e71b1afbfd9beefb96,e17494764a0b70d71507941c0870a216154a356e6eed2a4bcdcd75a1fdd00e85,,0.011674701236188412,0.1,0.0068301125429570675,0.010932074207812541,0.004349148250184953,0.0073255529860034585,rbf,3.4613399505615234,shared_main_reference,100,b432ae191849235a2a8cf1b9be44a3d7af774230329d3911fd042113fbb6786f,771e89cf815df46c8da5ad2ee77b8821252e3e42ae1a5eb861b2a9d4c267d94a,60e55965ace120ac3d3f9537ba68063c981e527cbc91f94f9135eda40bb8248f,completed
present80_projected_mmd_full,present80_rkmp_controls_v1,present80_rkmp_controls_v1,analysis,PRESENT-80,10,4,203,D0_vs_D0,10000,16,0.03296482563018799,b61422cb4b276ac451ecef3a1cc2d045fd61e4886b953be39bbde1b6645113c1,e17494764a0b70d71507941c0870a216154a356e6eed2a4bcdcd75a1fdd00e85,,0.002806569216772914,1.0,0.005637543275952339,0.007641518767923115,0.0037544359220191836,-0.0009478667052462697,rbf,3.4845962524414062,shared_main_reference,100,8b641980927b83e6bbcd8087f55d8c73b38626ebcd5382745a9dc92294305607,771e89cf815df46c8da5ad2ee77b8821252e3e42ae1a5eb861b2a9d4c267d94a,e3492d883a372fc42c4da4bdc65ae7d35d43c999eaf3b16f10c1fcf85b1fea45,completed
present80_projected_mmd_full,present80_rkmp_controls_v1,present80_rkmp_controls_v1,analysis,PRESENT-80,10,4,203,D1_vs_D0,10000,16,0.03296482563018799,b61422cb4b276ac451ecef3a1cc2d045fd61e4886b953be39bbde1b6645113c1,e17494764a0b70d71507941c0870a216154a356e6eed2a4bcdcd75a1fdd00e85,,0.007033831439912319,0.75,0.007686028257012367,0.01295013148337602,0.0037544359220191836,0.0032793955178931355,rbf,3.4845962524414062,shared_main_reference,100,8b641980927b83e6bbcd8087f55d8c73b38626ebcd5382745a9dc92294305607,771e89cf815df46c8da5ad2ee77b8821252e3e42ae1a5eb861b2a9d4c267d94a,e3492d883a372fc42c4da4bdc65ae7d35d43c999eaf3b16f10c1fcf85b1fea45,completed
present80_projected_mmd_full,present80_rkmp_controls_v1,present80_rkmp_controls_v1,analysis,PRESENT-80,10,4,203,D1_vs_D1,10000,16,0.03296482563018799,b61422cb4b276ac451ecef3a1cc2d045fd61e4886b953be39bbde1b6645113c1,e17494764a0b70d71507941c0870a216154a356e6eed2a4bcdcd75a1fdd00e85,,0.004702302627265453,0.7,0.005150194279849529,0.00810278104618191,0.0037544359220191836,0.0009478667052462697,rbf,3.4845962524414062,shared_main_reference,100,8b641980927b83e6bbcd8087f55d8c73b38626ebcd5382745a9dc92294305607,771e89cf815df46c8da5ad2ee77b8821252e3e42ae1a5eb861b2a9d4c267d94a,e3492d883a372fc42c4da4bdc65ae7d35d43c999eaf3b16f10c1fcf85b1fea45,completed
present80_projected_mmd_full,present80_rkmp_controls_v1,present80_rkmp_controls_v1,analysis,PRESENT-80,10,4,203,pair_shuffled,10000,16,0.03296482563018799,b61422cb4b276ac451ecef3a1cc2d045fd61e4886b953be39bbde1b6645113c1,e17494764a0b70d71507941c0870a216154a356e6eed2a4bcdcd75a1fdd00e85,,0.010609624907374382,0.15,0.0064025502651929855,0.011016662418842315,0.0037544359220191836,0.006855188985355198,rbf,3.4845962524414062,shared_main_reference,100,8b641980927b83e6bbcd8087f55d8c73b38626ebcd5382745a9dc92294305607,771e89cf815df46c8da5ad2ee77b8821252e3e42ae1a5eb861b2a9d4c267d94a,e3492d883a372fc42c4da4bdc65ae7d35d43c999eaf3b16f10c1fcf85b1fea45,completed
present80_projected_mmd_full,present80_rkmp_controls_v1,present80_rkmp_controls_v1,analysis,PRESENT-80,10,8,201,D0_vs_D0,10000,16,0.018566131591796875,ef8b16d7ac69676e8bda9a7fa2fe8825cb38bcb426802d7c99fd3dbd0f7649cd,e17494764a0b70d71507941c0870a216154a356e6eed2a4bcdcd75a1fdd00e85,,0.007134776096791029,0.1,0.00509291049093008,0.0064192030113190395,0.006294171791523695,0.000840604305267334,rbf,3.720729351043701,shared_main_reference,100,b8448febd1de49c577fbfdddcf7fa4742f8965da97faf5d9d2f9c8ca82403aad,771e89cf815df46c8da5ad2ee77b8821252e3e42ae1a5eb861b2a9d4c267d94a,694d53029a376eb6d35c2fd9f25d9207004a13d826143eeb955c80bd39eb2408,completed
present80_projected_mmd_full,present80_rkmp_controls_v1,present80_rkmp_controls_v1,analysis,PRESENT-80,10,8,201,D1_vs_D0,10000,16,0.018566131591796875,ef8b16d7ac69676e8bda9a7fa2fe8825cb38bcb426802d7c99fd3dbd0f7649cd,e17494764a0b70d71507941c0870a216154a356e6eed2a4bcdcd75a1fdd00e85,,0.00906775426119566,0.35,0.007979584857821465,0.01117303920909762,0.006294171791523695,0.0027735824696719646,rbf,3.720729351043701,shared_main_reference,100,b8448febd1de49c577fbfdddcf7fa4742f8965da97faf5d9d2f9c8ca82403aad,771e89cf815df46c8da5ad2ee77b8821252e3e42ae1a5eb861b2a9d4c267d94a,694d53029a376eb6d35c2fd9f25d9207004a13d826143eeb955c80bd39eb2408,completed
present80_projected_mmd_full,present80_rkmp_controls_v1,present80_rkmp_controls_v1,analysis,PRESENT-80,10,8,201,D1_vs_D1,10000,16,0.018566131591796875,ef8b16d7ac69676e8bda9a7fa2fe8825cb38bcb426802d7c99fd3dbd0f7649cd,e17494764a0b70d71507941c0870a216154a356e6eed2a4bcdcd75a1fdd00e85,,0.005453567486256361,0.4,0.005112750455737114,0.006856032600626349,0.006294171791523695,-0.000840604305267334,rbf,3.720729351043701,shared_main_reference,100,b8448febd1de49c577fbfdddcf7fa4742f8965da97faf5d9d2f9c8ca82403aad,771e89cf815df46c8da5ad2ee77b8821252e3e42ae1a5eb861b2a9d4c267d94a,694d53029a376eb6d35c2fd9f25d9207004a13d826143eeb955c80bd39eb2408,completed
present80_projected_mmd_full,present80_rkmp_controls_v1,present80_rkmp_controls_v1,analysis,PRESENT-80,10,8,201,pair_shuffled,10000,16,0.018566131591796875,ef8b16d7ac69676e8bda9a7fa2fe8825cb38bcb426802d7c99fd3dbd0f7649cd,e17494764a0b70d71507941c0870a216154a356e6eed2a4bcdcd75a1fdd00e85,,0.01333645824342966,0.05,0.006724139675498009,0.00948799373582005,0.006294171791523695,0.007042286451905966,rbf,3.720729351043701,shared_main_reference,100,b8448febd1de49c577fbfdddcf7fa4742f8965da97faf5d9d2f9c8ca82403aad,771e89cf815df46c8da5ad2ee77b8821252e3e42ae1a5eb861b2a9d4c267d94a,694d53029a376eb6d35c2fd9f25d9207004a13d826143eeb955c80bd39eb2408,completed
present80_projected_mmd_full,present80_rkmp_controls_v1,present80_rkmp_controls_v1,analysis,PRESENT-80,10,8,202,D0_vs_D0,10000,16,0.01855461299419403,29ea0854a2b651f7432c572148839f8f18aea2e9edc84730fb464e6b2d31890e,e17494764a0b70d71507941c0870a216154a356e6eed2a4bcdcd75a1fdd00e85,,0.006588284857571125,0.15,0.003945345990359783,0.006824444048106669,0.005151222343556583,0.001437062514014542,rbf,3.7091336250305176,shared_main_reference,100,6a5f9cfdb896046966f34ce65c57a43017ccc880a2660e42b756263c6b1d2c72,771e89cf815df46c8da5ad2ee77b8821252e3e42ae1a5eb861b2a9d4c267d94a,4ec1349848af06a2fd27abd1221395b078c76099980783ef97a29d27f0f60ca4,completed
present80_projected_mmd_full,present80_rkmp_controls_v1,present80_rkmp_controls_v1,analysis,PRESENT-80,10,8,202,D1_vs_D0,10000,16,0.01855461299419403,29ea0854a2b651f7432c572148839f8f18aea2e9edc84730fb464e6b2d31890e,e17494764a0b70d71507941c0870a216154a356e6eed2a4bcdcd75a1fdd00e85,,0.007497986312955618,0.55,0.007746851071715355,0.01225668266415596,0.005151222343556583,0.002346763969399035,rbf,3.7091336250305176,shared_main_reference,100,6a5f9cfdb896046966f34ce65c57a43017ccc880a2660e42b756263c6b1d2c72,771e89cf815df46c8da5ad2ee77b8821252e3e42ae1a5eb861b2a9d4c267d94a,4ec1349848af06a2fd27abd1221395b078c76099980783ef97a29d27f0f60ca4,completed
present80_projected_mmd_full,present80_rkmp_controls_v1,present80_rkmp_controls_v1,analysis,PRESENT-80,10,8,202,D1_vs_D1,10000,16,0.01855461299419403,29ea0854a2b651f7432c572148839f8f18aea2e9edc84730fb464e6b2d31890e,e17494764a0b70d71507941c0870a216154a356e6eed2a4bcdcd75a1fdd00e85,,0.003714159829542041,0.95,0.0049527231603860855,0.00656545991078019,0.005151222343556583,-0.001437062514014542,rbf,3.7091336250305176,shared_main_reference,100,6a5f9cfdb896046966f34ce65c57a43017ccc880a2660e42b756263c6b1d2c72,771e89cf815df46c8da5ad2ee77b8821252e3e42ae1a5eb861b2a9d4c267d94a,4ec1349848af06a2fd27abd1221395b078c76099980783ef97a29d27f0f60ca4,completed
present80_projected_mmd_full,present80_rkmp_controls_v1,present80_rkmp_controls_v1,analysis,PRESENT-80,10,8,202,pair_shuffled,10000,16,0.01855461299419403,29ea0854a2b651f7432c572148839f8f18aea2e9edc84730fb464e6b2d31890e,e17494764a0b70d71507941c0870a216154a356e6eed2a4bcdcd75a1fdd00e85,,0.014441548846662045,0.05,0.006300742272287607,0.010176632460206747,0.005151222343556583,0.009290326503105462,rbf,3.7091336250305176,shared_main_reference,100,6a5f9cfdb896046966f34ce65c57a43017ccc880a2660e42b756263c6b1d2c72,771e89cf815df46c8da5ad2ee77b8821252e3e42ae1a5eb861b2a9d4c267d94a,4ec1349848af06a2fd27abd1221395b078c76099980783ef97a29d27f0f60ca4,completed
present80_projected_mmd_full,present80_rkmp_controls_v1,present80_rkmp_controls_v1,analysis,PRESENT-80,10,8,203,D0_vs_D0,10000,16,0.018525084480643272,505c3721fe8c6629307dcd776f08a8be1d3534741ff800228ee18199a739b65b,e17494764a0b70d71507941c0870a216154a356e6eed2a4bcdcd75a1fdd00e85,,0.0052027287892997265,0.6,0.0055253589525818825,0.008401343598961828,0.004730376647785306,0.0004723521415144205,rbf,3.7021920680999756,shared_main_reference,100,c17a166ce3c965a51d2623ff7a47eb532a54121ba6baca31563ef0c134dc394a,771e89cf815df46c8da5ad2ee77b8821252e3e42ae1a5eb861b2a9d4c267d94a,e739823d728c5c2f6e0c67841bc819cb26998aa6a7e0403512c49f0593d5959c,completed
present80_projected_mmd_full,present80_rkmp_controls_v1,present80_rkmp_controls_v1,analysis,PRESENT-80,10,8,203,D1_vs_D0,10000,16,0.018525084480643272,505c3721fe8c6629307dcd776f08a8be1d3534741ff800228ee18199a739b65b,e17494764a0b70d71507941c0870a216154a356e6eed2a4bcdcd75a1fdd00e85,,0.009122890420258045,0.25,0.008401092141866684,0.011592691205441949,0.004730376647785306,0.004392513772472739,rbf,3.7021920680999756,shared_main_reference,100,c17a166ce3c965a51d2623ff7a47eb532a54121ba6baca31563ef0c134dc394a,771e89cf815df46c8da5ad2ee77b8821252e3e42ae1a5eb861b2a9d4c267d94a,e739823d728c5c2f6e0c67841bc819cb26998aa6a7e0403512c49f0593d5959c,completed
present80_projected_mmd_full,present80_rkmp_controls_v1,present80_rkmp_controls_v1,analysis,PRESENT-80,10,8,203,D1_vs_D1,10000,16,0.018525084480643272,505c3721fe8c6629307dcd776f08a8be1d3534741ff800228ee18199a739b65b,e17494764a0b70d71507941c0870a216154a356e6eed2a4bcdcd75a1fdd00e85,,0.0042580245062708855,0.65,0.005360724404454231,0.008213860727846621,0.004730376647785306,-0.0004723521415144205,rbf,3.7021920680999756,shared_main_reference,100,c17a166ce3c965a51d2623ff7a47eb532a54121ba6baca31563ef0c134dc394a,771e89cf815df46c8da5ad2ee77b8821252e3e42ae1a5eb861b2a9d4c267d94a,e739823d728c5c2f6e0c67841bc819cb26998aa6a7e0403512c49f0593d5959c,completed
present80_projected_mmd_full,present80_rkmp_controls_v1,present80_rkmp_controls_v1,analysis,PRESENT-80,10,8,203,pair_shuffled,10000,16,0.018525084480643272,505c3721fe8c6629307dcd776f08a8be1d3534741ff800228ee18199a739b65b,e17494764a0b70d71507941c0870a216154a356e6eed2a4bcdcd75a1fdd00e85,,0.02064795047044754,0.05,0.0077865696512162685,0.009214050509035588,0.004730376647785306,0.015917573822662234,rbf,3.7021920680999756,shared_main_reference,100,c17a166ce3c965a51d2623ff7a47eb532a54121ba6baca31563ef0c134dc394a,771e89cf815df46c8da5ad2ee77b8821252e3e42ae1a5eb861b2a9d4c267d94a,e739823d728c5c2f6e0c67841bc819cb26998aa6a7e0403512c49f0593d5959c,completed
present80_projected_mmd_full,present80_rkmp_controls_v1,present80_rkmp_controls_v1,analysis,PRESENT-80,10,16,201,D0_vs_D0,10000,16,0.011554534547030926,25711269051f48bea116f7034d513fae3b8533923a95223cb4a4d9d87e3b0603,e17494764a0b70d71507941c0870a216154a356e6eed2a4bcdcd75a1fdd00e85,,0.005227676592767239,0.4,0.00440678745508194,0.006641266960650677,0.0036559858126565814,0.0015716907801106572,rbf,4.138445854187012,shared_main_reference,100,396582cf37d0fee400dafddedc89c4ff4710bb7d61f72e7b7fdeb79df926ef44,771e89cf815df46c8da5ad2ee77b8821252e3e42ae1a5eb861b2a9d4c267d94a,8ba80c8a6fec2f4c3de4f02f8a2c320d2ed0861615e1377d4f8a4e3a6cf5d59e,completed
present80_projected_mmd_full,present80_rkmp_controls_v1,present80_rkmp_controls_v1,analysis,PRESENT-80,10,16,201,D1_vs_D0,10000,16,0.011554534547030926,25711269051f48bea116f7034d513fae3b8533923a95223cb4a4d9d87e3b0603,e17494764a0b70d71507941c0870a216154a356e6eed2a4bcdcd75a1fdd00e85,,0.007987401448190212,0.35,0.007211647927761078,0.01058937413617968,0.0036559858126565814,0.004331415635533631,rbf,4.138445854187012,shared_main_reference,100,396582cf37d0fee400dafddedc89c4ff4710bb7d61f72e7b7fdeb79df926ef44,771e89cf815df46c8da5ad2ee77b8821252e3e42ae1a5eb861b2a9d4c267d94a,8ba80c8a6fec2f4c3de4f02f8a2c320d2ed0861615e1377d4f8a4e3a6cf5d59e,completed
present80_projected_mmd_full,present80_rkmp_controls_v1,present80_rkmp_controls_v1,analysis,PRESENT-80,10,16,201,D1_vs_D1,10000,16,0.011554534547030926,25711269051f48bea116f7034d513fae3b8533923a95223cb4a4d9d87e3b0603,e17494764a0b70d71507941c0870a216154a356e6eed2a4bcdcd75a1fdd00e85,,0.002084295032545924,0.95,0.004368718713521957,0.00620630537159741,0.0036559858126565814,-0.0015716907801106572,rbf,4.138445854187012,shared_main_reference,100,396582cf37d0fee400dafddedc89c4ff4710bb7d61f72e7b7fdeb79df926ef44,771e89cf815df46c8da5ad2ee77b8821252e3e42ae1a5eb861b2a9d4c267d94a,8ba80c8a6fec2f4c3de4f02f8a2c320d2ed0861615e1377d4f8a4e3a6cf5d59e,completed
present80_projected_mmd_full,present80_rkmp_controls_v1,present80_rkmp_controls_v1,analysis,PRESENT-80,10,16,201,pair_shuffled,10000,16,0.011554534547030926,25711269051f48bea116f7034d513fae3b8533923a95223cb4a4d9d87e3b0603,e17494764a0b70d71507941c0870a216154a356e6eed2a4bcdcd75a1fdd00e85,,0.01608544960618019,0.05,0.0056204963475465775,0.00885752011090517,0.0036559858126565814,0.01242946379352361,rbf,4.138445854187012,shared_main_reference,100,396582cf37d0fee400dafddedc89c4ff4710bb7d61f72e7b7fdeb79df926ef44,771e89cf815df46c8da5ad2ee77b8821252e3e42ae1a5eb861b2a9d4c267d94a,8ba80c8a6fec2f4c3de4f02f8a2c320d2ed0861615e1377d4f8a4e3a6cf5d59e,completed
present80_projected_mmd_full,present80_rkmp_controls_v1,present80_rkmp_controls_v1,analysis,PRESENT-80,10,16,202,D0_vs_D0,10000,16,0.011560177430510521,92113bb2a39673a87ceb0b6d47aa740ea48e0b106a9ae87312aa94ea19217b2a,e17494764a0b70d71507941c0870a216154a356e6eed2a4bcdcd75a1fdd00e85,,0.0030019800178706646,0.9,0.004369410686194897,0.005572234885767102,0.005230981158092618,-0.0022290011402219534,rbf,4.135122299194336,shared_main_reference,100,f5c38c096e650d593f0263500f83be6ada8c7f6b9b852112c8c63d5193902aec,771e89cf815df46c8da5ad2ee77b8821252e3e42ae1a5eb861b2a9d4c267d94a,794da0c25a7e576f68ca6cdf5192904967aa2f0102d9b86e9e6261c7c0d2e856,completed
present80_projected_mmd_full,present80_rkmp_controls_v1,present80_rkmp_controls_v1,analysis,PRESENT-80,10,16,202,D1_vs_D0,10000,16,0.011560177430510521,92113bb2a39673a87ceb0b6d47aa740ea48e0b106a9ae87312aa94ea19217b2a,e17494764a0b70d71507941c0870a216154a356e6eed2a4bcdcd75a1fdd00e85,,0.008018041029572487,0.45,0.00731388246640563,0.010482277628034352,0.005230981158092618,0.002787059871479869,rbf,4.135122299194336,shared_main_reference,100,f5c38c096e650d593f0263500f83be6ada8c7f6b9b852112c8c63d5193902aec,771e89cf815df46c8da5ad2ee77b8821252e3e42ae1a5eb861b2a9d4c267d94a,794da0c25a7e576f68ca6cdf5192904967aa2f0102d9b86e9e6261c7c0d2e856,completed
present80_projected_mmd_full,present80_rkmp_controls_v1,present80_rkmp_controls_v1,analysis,PRESENT-80,10,16,202,D1_vs_D1,10000,16,0.011560177430510521,92113bb2a39673a87ceb0b6d47aa740ea48e0b106a9ae87312aa94ea19217b2a,e17494764a0b70d71507941c0870a216154a356e6eed2a4bcdcd75a1fdd00e85,,0.007459982298314571,0.05,0.004049031995236874,0.0063453475013375265,0.005230981158092618,0.0022290011402219534,rbf,4.135122299194336,shared_main_reference,100,f5c38c096e650d593f0263500f83be6ada8c7f6b9b852112c8c63d5193902aec,771e89cf815df46c8da5ad2ee77b8821252e3e42ae1a5eb861b2a9d4c267d94a,794da0c25a7e576f68ca6cdf5192904967aa2f0102d9b86e9e6261c7c0d2e856,completed
present80_projected_mmd_full,present80_rkmp_controls_v1,present80_rkmp_controls_v1,analysis,PRESENT-80,10,16,202,pair_shuffled,10000,16,0.011560177430510521,92113bb2a39673a87ceb0b6d47aa740ea48e0b106a9ae87312aa94ea19217b2a,e17494764a0b70d71507941c0870a216154a356e6eed2a4bcdcd75a1fdd00e85,,0.01708095334470272,0.05,0.006046961061656475,0.007805578690022221,0.005230981158092618,0.011849972186610103,rbf,4.135122299194336,shared_main_reference,100,f5c38c096e650d593f0263500f83be6ada8c7f6b9b852112c8c63d5193902aec,771e89cf815df46c8da5ad2ee77b8821252e3e42ae1a5eb861b2a9d4c267d94a,794da0c25a7e576f68ca6cdf5192904967aa2f0102d9b86e9e6261c7c0d2e856,completed
present80_projected_mmd_full,present80_rkmp_controls_v1,present80_rkmp_controls_v1,analysis,PRESENT-80,10,16,203,D0_vs_D0,10000,16,0.011582011356949806,313890093ef2ecaaf5d0c04b15264c74fa614dd5ddd4a46714306ea3bf8131dd,e17494764a0b70d71507941c0870a216154a356e6eed2a4bcdcd75a1fdd00e85,,0.003562403377145529,0.7,0.004174361936748028,0.006387262511998415,0.003709087264724076,-0.000146683887578547,rbf,4.159454822540283,shared_main_reference,100,a78e190f564a618ef3950bf4c52c865aabab33b76dbe4d52de2f404659512ed4,771e89cf815df46c8da5ad2ee77b8821252e3e42ae1a5eb861b2a9d4c267d94a,42c65f7a466c6dc4cec52d397c8957fa6fca52cdeffe755637c74368e1f2d5ec,completed
present80_projected_mmd_full,present80_rkmp_controls_v1,present80_rkmp_controls_v1,analysis,PRESENT-80,10,16,203,D1_vs_D0,10000,16,0.011582011356949806,313890093ef2ecaaf5d0c04b15264c74fa614dd5ddd4a46714306ea3bf8131dd,e17494764a0b70d71507941c0870a216154a356e6eed2a4bcdcd75a1fdd00e85,,0.012803143821656704,0.1,0.00755205238237977,0.01159732295200228,0.003709087264724076,0.009094056556932628,rbf,4.159454822540283,shared_main_reference,100,a78e190f564a618ef3950bf4c52c865aabab33b76dbe4d52de2f404659512ed4,771e89cf815df46c8da5ad2ee77b8821252e3e42ae1a5eb861b2a9d4c267d94a,42c65f7a466c6dc4cec52d397c8957fa6fca52cdeffe755637c74368e1f2d5ec,completed
present80_projected_mmd_full,present80_rkmp_controls_v1,present80_rkmp_controls_v1,analysis,PRESENT-80,10,16,203,D1_vs_D1,10000,16,0.011582011356949806,313890093ef2ecaaf5d0c04b15264c74fa614dd5ddd4a46714306ea3bf8131dd,e17494764a0b70d71507941c0870a216154a356e6eed2a4bcdcd75a1fdd00e85,,0.003855771152302623,0.75,0.004727181047201157,0.006057065166532993,0.003709087264724076,0.000146683887578547,rbf,4.159454822540283,shared_main_reference,100,a78e190f564a618ef3950bf4c52c865aabab33b76dbe4d52de2f404659512ed4,771e89cf815df46c8da5ad2ee77b8821252e3e42ae1a5eb861b2a9d4c267d94a,42c65f7a466c6dc4cec52d397c8957fa6fca52cdeffe755637c74368e1f2d5ec,completed
present80_projected_mmd_full,present80_rkmp_controls_v1,present80_rkmp_controls_v1,analysis,PRESENT-80,10,16,203,pair_shuffled,10000,16,0.011582011356949806,313890093ef2ecaaf5d0c04b15264c74fa614dd5ddd4a46714306ea3bf8131dd,e17494764a0b70d71507941c0870a216154a356e6eed2a4bcdcd75a1fdd00e85,,0.020913001149892807,0.05,0.005172066856175661,0.007741023879498242,0.003709087264724076,0.01720391388516873,rbf,4.159454822540283,shared_main_reference,100,a78e190f564a618ef3950bf4c52c865aabab33b76dbe4d52de2f404659512ed4,771e89cf815df46c8da5ad2ee77b8821252e3e42ae1a5eb861b2a9d4c267d94a,42c65f7a466c6dc4cec52d397c8957fa6fca52cdeffe755637c74368e1f2d5ec,completed
present80_projected_mmd_full,present80_rkmp_controls_v1,present80_rkmp_controls_v1,analysis,PRESENT-80,10,32,201,D0_vs_D0,10000,16,0.007614328991621733,772e3a75ad627fbb2a4fec19c5962509b6c25f905317d4e769586b69656d961b,e17494764a0b70d71507941c0870a216154a356e6eed2a4bcdcd75a1fdd00e85,,0.0036673755384981632,0.5,0.003187590977177024,0.006199882505461574,0.0030117869609966874,0.0006555885775014758,rbf,4.696793079376221,shared_main_reference,100,fcd1a3d92a43640a58dd2df33a39b394bbcb192f5366f5a89a805235004c2db2,771e89cf815df46c8da5ad2ee77b8821252e3e42ae1a5eb861b2a9d4c267d94a,acc733e2cb4ea28c90fc06a018f1195639a0a4cac0fd2a5b706964f73a8b7845,completed
present80_projected_mmd_full,present80_rkmp_controls_v1,present80_rkmp_controls_v1,analysis,PRESENT-80,10,32,201,D1_vs_D0,10000,16,0.007614328991621733,772e3a75ad627fbb2a4fec19c5962509b6c25f905317d4e769586b69656d961b,e17494764a0b70d71507941c0870a216154a356e6eed2a4bcdcd75a1fdd00e85,,0.0065290178172290325,0.6,0.007229241542518139,0.010614851675927638,0.0030117869609966874,0.003517230856232345,rbf,4.696793079376221,shared_main_reference,100,fcd1a3d92a43640a58dd2df33a39b394bbcb192f5366f5a89a805235004c2db2,771e89cf815df46c8da5ad2ee77b8821252e3e42ae1a5eb861b2a9d4c267d94a,acc733e2cb4ea28c90fc06a018f1195639a0a4cac0fd2a5b706964f73a8b7845,completed
present80_projected_mmd_full,present80_rkmp_controls_v1,present80_rkmp_controls_v1,analysis,PRESENT-80,10,32,201,D1_vs_D1,10000,16,0.007614328991621733,772e3a75ad627fbb2a4fec19c5962509b6c25f905317d4e769586b69656d961b,e17494764a0b70d71507941c0870a216154a356e6eed2a4bcdcd75a1fdd00e85,,0.0023561983834952116,0.8,0.0032477902714163065,0.005230776453390715,0.0030117869609966874,-0.0006555885775014758,rbf,4.696793079376221,shared_main_reference,100,fcd1a3d92a43640a58dd2df33a39b394bbcb192f5366f5a89a805235004c2db2,771e89cf815df46c8da5ad2ee77b8821252e3e42ae1a5eb861b2a9d4c267d94a,acc733e2cb4ea28c90fc06a018f1195639a0a4cac0fd2a5b706964f73a8b7845,completed
present80_projected_mmd_full,present80_rkmp_controls_v1,present80_rkmp_controls_v1,analysis,PRESENT-80,10,32,201,pair_shuffled,10000,16,0.007614328991621733,772e3a75ad627fbb2a4fec19c5962509b6c25f905317d4e769586b69656d961b,e17494764a0b70d71507941c0870a216154a356e6eed2a4bcdcd75a1fdd00e85,,0.03144253417849541,0.05,0.0060217673890292645,0.009129960276186466,0.0030117869609966874,0.02843074721749872,rbf,4.696793079376221,shared_main_reference,100,fcd1a3d92a43640a58dd2df33a39b394bbcb192f5366f5a89a805235004c2db2,771e89cf815df46c8da5ad2ee77b8821252e3e42ae1a5eb861b2a9d4c267d94a,acc733e2cb4ea28c90fc06a018f1195639a0a4cac0fd2a5b706964f73a8b7845,completed
present80_projected_mmd_full,present80_rkmp_controls_v1,present80_rkmp_controls_v1,analysis,PRESENT-80,10,32,202,D0_vs_D0,10000,16,0.007635351270437241,c0e37374a80630611abf851e6c796b2d5ba77a9e12fa9e75b0fd063083b033d5,e17494764a0b70d71507941c0870a216154a356e6eed2a4bcdcd75a1fdd00e85,,0.002160408068448305,0.8,0.0026236060075461864,0.0037335479166358703,0.0022572766756638885,-9.686860721558332e-05,rbf,4.71754789352417,shared_main_reference,100,6ffcf899895271d9a4536e66ad058f52d070cc31fb84d4a86be9c5018907b423,771e89cf815df46c8da5ad2ee77b8821252e3e42ae1a5eb861b2a9d4c267d94a,ef3c542d6117ea15381557f0ac1d134cba589e22fa866cdf5e99c6eb152e752d,completed
present80_projected_mmd_full,present80_rkmp_controls_v1,present80_rkmp_controls_v1,analysis,PRESENT-80,10,32,202,D1_vs_D0,10000,16,0.007635351270437241,c0e37374a80630611abf851e6c796b2d5ba77a9e12fa9e75b0fd063083b033d5,e17494764a0b70d71507941c0870a216154a356e6eed2a4bcdcd75a1fdd00e85,,0.007115332409739494,0.6,0.0073803141713142395,0.011321839690208436,0.0022572766756638885,0.004858055734075606,rbf,4.71754789352417,shared_main_reference,100,6ffcf899895271d9a4536e66ad058f52d070cc31fb84d4a86be9c5018907b423,771e89cf815df46c8da5ad2ee77b8821252e3e42ae1a5eb861b2a9d4c267d94a,ef3c542d6117ea15381557f0ac1d134cba589e22fa866cdf5e99c6eb152e752d,completed
present80_projected_mmd_full,present80_rkmp_controls_v1,present80_rkmp_controls_v1,analysis,PRESENT-80,10,32,202,D1_vs_D1,10000,16,0.007635351270437241,c0e37374a80630611abf851e6c796b2d5ba77a9e12fa9e75b0fd063083b033d5,e17494764a0b70d71507941c0870a216154a356e6eed2a4bcdcd75a1fdd00e85,,0.0023541452828794718,0.55,0.0023823846131563187,0.005328955361619592,0.0022572766756638885,9.686860721558332e-05,rbf,4.71754789352417,shared_main_reference,100,6ffcf899895271d9a4536e66ad058f52d070cc31fb84d4a86be9c5018907b423,771e89cf815df46c8da5ad2ee77b8821252e3e42ae1a5eb861b2a9d4c267d94a,ef3c542d6117ea15381557f0ac1d134cba589e22fa866cdf5e99c6eb152e752d,completed
present80_projected_mmd_full,present80_rkmp_controls_v1,present80_rkmp_controls_v1,analysis,PRESENT-80,10,32,202,pair_shuffled,10000,16,0.007635351270437241,c0e37374a80630611abf851e6c796b2d5ba77a9e12fa9e75b0fd063083b033d5,e17494764a0b70d71507941c0870a216154a356e6eed2a4bcdcd75a1fdd00e85,,0.030422136187553406,0.05,0.005819079466164112,0.00774460798129439,0.0022572766756638885,0.028164859511889517,rbf,4.71754789352417,shared_main_reference,100,6ffcf899895271d9a4536e66ad058f52d070cc31fb84d4a86be9c5018907b423,771e89cf815df46c8da5ad2ee77b8821252e3e42ae1a5eb861b2a9d4c267d94a,ef3c542d6117ea15381557f0ac1d134cba589e22fa866cdf5e99c6eb152e752d,completed
present80_projected_mmd_full,present80_rkmp_controls_v1,present80_rkmp_controls_v1,analysis,PRESENT-80,10,32,203,D0_vs_D0,10000,16,0.0076311370357871056,4dd6f08b5c3b2095e2d5cec1b992853a499747a2e927046022131245b89700a5,e17494764a0b70d71507941c0870a216154a356e6eed2a4bcdcd75a1fdd00e85,,0.0029677487909793854,0.75,0.0037378843408077955,0.0048304099123924965,0.002893613651394844,7.413513958454132e-05,rbf,4.795522689819336,shared_main_reference,100,d46dc2ba0234b27fa73c91c768847a13ddf802ba6c3db9ba2f073d1feec760b0,771e89cf815df46c8da5ad2ee77b8821252e3e42ae1a5eb861b2a9d4c267d94a,5f709f83590bfa13420fcd4445d866dff68e5517714abb307c2a671b4e179751,completed
present80_projected_mmd_full,present80_rkmp_controls_v1,present80_rkmp_controls_v1,analysis,PRESENT-80,10,32,203,D1_vs_D0,10000,16,0.0076311370357871056,4dd6f08b5c3b2095e2d5cec1b992853a499747a2e927046022131245b89700a5,e17494764a0b70d71507941c0870a216154a356e6eed2a4bcdcd75a1fdd00e85,,0.0073648663237690926,0.65,0.00824680458754301,0.014017991721630096,0.002893613651394844,0.0044712526723742485,rbf,4.795522689819336,shared_main_reference,100,d46dc2ba0234b27fa73c91c768847a13ddf802ba6c3db9ba2f073d1feec760b0,771e89cf815df46c8da5ad2ee77b8821252e3e42ae1a5eb861b2a9d4c267d94a,5f709f83590bfa13420fcd4445d866dff68e5517714abb307c2a671b4e179751,completed
present80_projected_mmd_full,present80_rkmp_controls_v1,present80_rkmp_controls_v1,analysis,PRESENT-80,10,32,203,D1_vs_D1,10000,16,0.0076311370357871056,4dd6f08b5c3b2095e2d5cec1b992853a499747a2e927046022131245b89700a5,e17494764a0b70d71507941c0870a216154a356e6eed2a4bcdcd75a1fdd00e85,,0.0028194785118103027,0.55,0.002897543366998434,0.005187451187521217,0.002893613651394844,-7.413513958454132e-05,rbf,4.795522689819336,shared_main_reference,100,d46dc2ba0234b27fa73c91c768847a13ddf802ba6c3db9ba2f073d1feec760b0,771e89cf815df46c8da5ad2ee77b8821252e3e42ae1a5eb861b2a9d4c267d94a,5f709f83590bfa13420fcd4445d866dff68e5517714abb307c2a671b4e179751,completed
present80_projected_mmd_full,present80_rkmp_controls_v1,present80_rkmp_controls_v1,analysis,PRESENT-80,10,32,203,pair_shuffled,10000,16,0.0076311370357871056,4dd6f08b5c3b2095e2d5cec1b992853a499747a2e927046022131245b89700a5,e17494764a0b70d71507941c0870a216154a356e6eed2a4bcdcd75a1fdd00e85,,0.028687734156847,0.05,0.005292008630931377,0.009224330727010965,0.002893613651394844,0.025794120505452156,rbf,4.795522689819336,shared_main_reference,100,d46dc2ba0234b27fa73c91c768847a13ddf802ba6c3db9ba2f073d1feec760b0,771e89cf815df46c8da5ad2ee77b8821252e3e42ae1a5eb861b2a9d4c267d94a,5f709f83590bfa13420fcd4445d866dff68e5517714abb307c2a671b4e179751,completed
