{
  "cipher": "hight",
  "scenario": "related-key",
  "rounds": 15,
  "pairs": 4,
  "input_difference": "0x4000000000000000",
  "input_diff_int": 4611686018427387904,
  "key_bit": 97,
  "samples": 20000,
  "pca_components": 16,
  "kmeans_k": 2,
  "use_gpu": true,
  "results": {
    "pca_explained_variance_ratio": [
      0.0017838856438174844,
      0.0017605669563636184,
      0.0017528694588690996,
      0.0017412350280210376,
      0.0017337598837912083,
      0.0017318896716460586,
      0.0017251516692340374,
      0.0017223681788891554,
      0.0017157674301415682,
      0.0017024135449901223
    ],
    "kmeans_inertia": 101143.71875,
    "kmeans_silhouette": 0.0411885641515255,
    "accuracy_vs_true": 0.4948,
    "adjusted_rand_index": 5.816360817469392e-05
  },
  "timing": {
    "total_seconds": 47.971102237701416,
    "data_generation_seconds": 5.0224738121032715
  },
  "auto_sweep": {
    "used": false,
    "metric": null,
    "sweep_samples": null
  }
}