{
  "cipher": "hight",
  "scenario": "related-key",
  "rounds": 15,
  "pairs": 1,
  "input_difference": "0x4000000000000000",
  "input_diff_int": 4611686018427387904,
  "key_bit": 97,
  "samples": 20000,
  "pca_components": 16,
  "kmeans_k": 2,
  "use_gpu": true,
  "results": {
    "pca_explained_variance_ratio": [
      0.006088270805776119,
      0.0060203298926353455,
      0.005967472214251757,
      0.005948271602392197,
      0.005926668643951416,
      0.005892901215702295,
      0.0058279032818973064,
      0.005810270085930824,
      0.0057992092333734035,
      0.005773033015429974
    ],
    "kmeans_inertia": 85825.5625,
    "kmeans_silhouette": 0.04149112477898598,
    "accuracy_vs_true": 0.49645,
    "adjusted_rand_index": 4.0770077000341033e-07
  },
  "timing": {
    "total_seconds": 41.71100187301636,
    "data_generation_seconds": 5.642887115478516
  },
  "auto_sweep": {
    "used": false,
    "metric": null,
    "sweep_samples": null
  }
}