{
  "cipher": "lea",
  "scenario": "related-key",
  "rounds": 9,
  "pairs": 32,
  "input_difference": "0x8000000080",
  "input_diff_int": 549755814016,
  "key_bit": 94,
  "samples": 20000,
  "pca_components": 16,
  "kmeans_k": 2,
  "use_gpu": true,
  "results": {
    "pca_explained_variance_ratio": [
      0.0002420011005597189,
      0.00024124635092448443,
      0.00024041978758759797,
      0.00024011879577301443,
      0.0002392148890066892,
      0.0002385754487477243,
      0.00023808250261936337,
      0.00023778587637934834,
      0.00023765153309796005,
      0.00023633218370378017
    ],
    "kmeans_inertia": 224047.59375,
    "kmeans_silhouette": 0.04075489565730095,
    "accuracy_vs_true": 0.49675,
    "adjusted_rand_index": -7.750775061132601e-06
  },
  "timing": {
    "total_seconds": 40.78034996986389,
    "data_generation_seconds": 7.423179626464844
  },
  "auto_sweep": {
    "used": false,
    "metric": null,
    "sweep_samples": null
  }
}