study_id,domain,cipher,cipher_slug,cipher_module,round,k,seed,source_seed,samples_per_class,plain_bits,key_bits,delta_p_hex,delta_k_hex,delta_k_bit,delta_k_indexing,representation,output_layout,key_mode,dtype,feature_shape_per_class,d1_path,d0_path,d1_labels_path,d0_labels_path,d0_control_a_path,d0_control_b_path,d1_control_a_path,d1_control_b_path,pair_shuffled_path,main_config_hash,d0_control_config_hash,d1_control_config_hash,pair_shuffled_config_hash,run_config_path,validation_path,control_metadata_path,protocol_valid,generation_seconds,actual_bytes,config_hash,completed_at_utc,status
lea_rkmp_controls_v1,analysis,LEA-128,lea128,cipher.lea,7,1,201,201,10000,128,128,0x00000000000000000000008000000080,0x00000000000000000000000200000000,94,msb0,delta_C||C||C_star,grouped,shared,uint8,"[10000, 1, 384]",/mnt/d/#PROJECT_RKNDIncECA/Related-key-mcp-attention-Inception-based-ND/analysis_data/lea_rkmp_controls_v1/analysis/lea128/r7/k1/seed201/D1_structured.npy,/mnt/d/#PROJECT_RKNDIncECA/Related-key-mcp-attention-Inception-based-ND/analysis_data/lea_rkmp_controls_v1/analysis/lea128/r7/k1/seed201/D0_null.npy,/mnt/d/#PROJECT_RKNDIncECA/Related-key-mcp-attention-Inception-based-ND/analysis_data/lea_rkmp_controls_v1/analysis/lea128/r7/k1/seed201/D1_labels.npy,/mnt/d/#PROJECT_RKNDIncECA/Related-key-mcp-attention-Inception-based-ND/analysis_data/lea_rkmp_controls_v1/analysis/lea128/r7/k1/seed201/D0_labels.npy,/mnt/d/#PROJECT_RKNDIncECA/Related-key-mcp-attention-Inception-based-ND/analysis_data/lea_rkmp_controls_v1/analysis/lea128/r7/k1/seed201/controls/D0_vs_D0/D0_control_a.npy,/mnt/d/#PROJECT_RKNDIncECA/Related-key-mcp-attention-Inception-based-ND/analysis_data/lea_rkmp_controls_v1/analysis/lea128/r7/k1/seed201/controls/D0_vs_D0/D0_control_b.npy,/mnt/d/#PROJECT_RKNDIncECA/Related-key-mcp-attention-Inception-based-ND/analysis_data/lea_rkmp_controls_v1/analysis/lea128/r7/k1/seed201/controls/D1_vs_D1/D1_control_a.npy,/mnt/d/#PROJECT_RKNDIncECA/Related-key-mcp-attention-Inception-based-ND/analysis_data/lea_rkmp_controls_v1/analysis/lea128/r7/k1/seed201/controls/D1_vs_D1/D1_control_b.npy,/mnt/d/#PROJECT_RKNDIncECA/Related-key-mcp-attention-Inception-based-ND/analysis_data/lea_rkmp_controls_v1/analysis/lea128/r7/k1/seed201/controls/pair_shuffled/D1_pair_shuffled.npy,6686a025fb64a3a7cfe9ae70086d0abf07ec7ec8c5e0fd73becf6a7765c99645,f8887619e839f527831139f32d47eb92ef9b7476de83b93937558b4dd5f57add,19d6615bf9deccdc7a157df6e7e5305a5e11623a59d402a0112bf50cb02d7e3d,929927c18d9a58dc3658dd38c41cfbca6f9317949264bce1a5d5fccab3228e00,/mnt/d/#PROJECT_RKNDIncECA/Related-key-mcp-attention-Inception-based-ND/analysis_data/lea_rkmp_controls_v1/analysis/lea128/r7/k1/seed201/run_config.json,/mnt/d/#PROJECT_RKNDIncECA/Related-key-mcp-attention-Inception-based-ND/analysis_data/lea_rkmp_controls_v1/analysis/lea128/r7/k1/seed201/protocol_validation.json,/mnt/d/#PROJECT_RKNDIncECA/Related-key-mcp-attention-Inception-based-ND/analysis_data/lea_rkmp_controls_v1/analysis/lea128/r7/k1/seed201/control_metadata.json,True,2.520093,26901152,070284e5b785955741d71042d75849c7e513d58a09c0533cb4dce8eeaae61b79,2026-07-17T13:19:50.053427+00:00,completed
lea_rkmp_controls_v1,analysis,LEA-128,lea128,cipher.lea,7,1,202,202,10000,128,128,0x00000000000000000000008000000080,0x00000000000000000000000200000000,94,msb0,delta_C||C||C_star,grouped,shared,uint8,"[10000, 1, 384]",/mnt/d/#PROJECT_RKNDIncECA/Related-key-mcp-attention-Inception-based-ND/analysis_data/lea_rkmp_controls_v1/analysis/lea128/r7/k1/seed202/D1_structured.npy,/mnt/d/#PROJECT_RKNDIncECA/Related-key-mcp-attention-Inception-based-ND/analysis_data/lea_rkmp_controls_v1/analysis/lea128/r7/k1/seed202/D0_null.npy,/mnt/d/#PROJECT_RKNDIncECA/Related-key-mcp-attention-Inception-based-ND/analysis_data/lea_rkmp_controls_v1/analysis/lea128/r7/k1/seed202/D1_labels.npy,/mnt/d/#PROJECT_RKNDIncECA/Related-key-mcp-attention-Inception-based-ND/analysis_data/lea_rkmp_controls_v1/analysis/lea128/r7/k1/seed202/D0_labels.npy,/mnt/d/#PROJECT_RKNDIncECA/Related-key-mcp-attention-Inception-based-ND/analysis_data/lea_rkmp_controls_v1/analysis/lea128/r7/k1/seed202/controls/D0_vs_D0/D0_control_a.npy,/mnt/d/#PROJECT_RKNDIncECA/Related-key-mcp-attention-Inception-based-ND/analysis_data/lea_rkmp_controls_v1/analysis/lea128/r7/k1/seed202/controls/D0_vs_D0/D0_control_b.npy,/mnt/d/#PROJECT_RKNDIncECA/Related-key-mcp-attention-Inception-based-ND/analysis_data/lea_rkmp_controls_v1/analysis/lea128/r7/k1/seed202/controls/D1_vs_D1/D1_control_a.npy,/mnt/d/#PROJECT_RKNDIncECA/Related-key-mcp-attention-Inception-based-ND/analysis_data/lea_rkmp_controls_v1/analysis/lea128/r7/k1/seed202/controls/D1_vs_D1/D1_control_b.npy,/mnt/d/#PROJECT_RKNDIncECA/Related-key-mcp-attention-Inception-based-ND/analysis_data/lea_rkmp_controls_v1/analysis/lea128/r7/k1/seed202/controls/pair_shuffled/D1_pair_shuffled.npy,5e9fe011598220f6d19aaae5834691814ef3e3254c06ed5fa0b91b327ec1408f,5036ffcd435837e80b62feb2de70c798d3ac3fb56b4f4b7e278b866b82906e43,d70ac39306decc6d31ab4b78fdb9cf6850e58cb24738d6d77aa7f0b4841bd731,7aa15680d48d3667dc870fce3f21814636efc1c0ce7fcef9e4e3d5db006ac8c3,/mnt/d/#PROJECT_RKNDIncECA/Related-key-mcp-attention-Inception-based-ND/analysis_data/lea_rkmp_controls_v1/analysis/lea128/r7/k1/seed202/run_config.json,/mnt/d/#PROJECT_RKNDIncECA/Related-key-mcp-attention-Inception-based-ND/analysis_data/lea_rkmp_controls_v1/analysis/lea128/r7/k1/seed202/protocol_validation.json,/mnt/d/#PROJECT_RKNDIncECA/Related-key-mcp-attention-Inception-based-ND/analysis_data/lea_rkmp_controls_v1/analysis/lea128/r7/k1/seed202/control_metadata.json,True,2.904339,26901152,18edad70538a9a62fccc5c5985067543bbfbf733af12a2249af41d51bd4e2599,2026-07-17T13:19:53.018651+00:00,completed
lea_rkmp_controls_v1,analysis,LEA-128,lea128,cipher.lea,7,1,203,203,10000,128,128,0x00000000000000000000008000000080,0x00000000000000000000000200000000,94,msb0,delta_C||C||C_star,grouped,shared,uint8,"[10000, 1, 384]",/mnt/d/#PROJECT_RKNDIncECA/Related-key-mcp-attention-Inception-based-ND/analysis_data/lea_rkmp_controls_v1/analysis/lea128/r7/k1/seed203/D1_structured.npy,/mnt/d/#PROJECT_RKNDIncECA/Related-key-mcp-attention-Inception-based-ND/analysis_data/lea_rkmp_controls_v1/analysis/lea128/r7/k1/seed203/D0_null.npy,/mnt/d/#PROJECT_RKNDIncECA/Related-key-mcp-attention-Inception-based-ND/analysis_data/lea_rkmp_controls_v1/analysis/lea128/r7/k1/seed203/D1_labels.npy,/mnt/d/#PROJECT_RKNDIncECA/Related-key-mcp-attention-Inception-based-ND/analysis_data/lea_rkmp_controls_v1/analysis/lea128/r7/k1/seed203/D0_labels.npy,/mnt/d/#PROJECT_RKNDIncECA/Related-key-mcp-attention-Inception-based-ND/analysis_data/lea_rkmp_controls_v1/analysis/lea128/r7/k1/seed203/controls/D0_vs_D0/D0_control_a.npy,/mnt/d/#PROJECT_RKNDIncECA/Related-key-mcp-attention-Inception-based-ND/analysis_data/lea_rkmp_controls_v1/analysis/lea128/r7/k1/seed203/controls/D0_vs_D0/D0_control_b.npy,/mnt/d/#PROJECT_RKNDIncECA/Related-key-mcp-attention-Inception-based-ND/analysis_data/lea_rkmp_controls_v1/analysis/lea128/r7/k1/seed203/controls/D1_vs_D1/D1_control_a.npy,/mnt/d/#PROJECT_RKNDIncECA/Related-key-mcp-attention-Inception-based-ND/analysis_data/lea_rkmp_controls_v1/analysis/lea128/r7/k1/seed203/controls/D1_vs_D1/D1_control_b.npy,/mnt/d/#PROJECT_RKNDIncECA/Related-key-mcp-attention-Inception-based-ND/analysis_data/lea_rkmp_controls_v1/analysis/lea128/r7/k1/seed203/controls/pair_shuffled/D1_pair_shuffled.npy,ba21d0473f453ae0046d78771bf62cffe099be172e46dae15c9627065c943f4b,edb3c8955cdabe0a87ba79fe1dd4cb3dc921e52b52b6ef33ee9362715ca507a7,6f83389c38eff75881ad00153741ddad9acd32cfaf3ea8ee07c4490e351c5320,47fea0abc59f2a7aa33dab33ccfe5ebf54836899d2a875c28e4ed0203469cc38,/mnt/d/#PROJECT_RKNDIncECA/Related-key-mcp-attention-Inception-based-ND/analysis_data/lea_rkmp_controls_v1/analysis/lea128/r7/k1/seed203/run_config.json,/mnt/d/#PROJECT_RKNDIncECA/Related-key-mcp-attention-Inception-based-ND/analysis_data/lea_rkmp_controls_v1/analysis/lea128/r7/k1/seed203/protocol_validation.json,/mnt/d/#PROJECT_RKNDIncECA/Related-key-mcp-attention-Inception-based-ND/analysis_data/lea_rkmp_controls_v1/analysis/lea128/r7/k1/seed203/control_metadata.json,True,2.314967,26901152,af53ee4f5ddff07129bc06f192ef0708fb183d9cf0ffa5eb4400bb61f7857c49,2026-07-17T13:19:55.401213+00:00,completed
lea_rkmp_controls_v1,analysis,LEA-128,lea128,cipher.lea,7,2,201,201,10000,128,128,0x00000000000000000000008000000080,0x00000000000000000000000200000000,94,msb0,delta_C||C||C_star,grouped,shared,uint8,"[10000, 2, 384]",/mnt/d/#PROJECT_RKNDIncECA/Related-key-mcp-attention-Inception-based-ND/analysis_data/lea_rkmp_controls_v1/analysis/lea128/r7/k2/seed201/D1_structured.npy,/mnt/d/#PROJECT_RKNDIncECA/Related-key-mcp-attention-Inception-based-ND/analysis_data/lea_rkmp_controls_v1/analysis/lea128/r7/k2/seed201/D0_null.npy,/mnt/d/#PROJECT_RKNDIncECA/Related-key-mcp-attention-Inception-based-ND/analysis_data/lea_rkmp_controls_v1/analysis/lea128/r7/k2/seed201/D1_labels.npy,/mnt/d/#PROJECT_RKNDIncECA/Related-key-mcp-attention-Inception-based-ND/analysis_data/lea_rkmp_controls_v1/analysis/lea128/r7/k2/seed201/D0_labels.npy,/mnt/d/#PROJECT_RKNDIncECA/Related-key-mcp-attention-Inception-based-ND/analysis_data/lea_rkmp_controls_v1/analysis/lea128/r7/k2/seed201/controls/D0_vs_D0/D0_control_a.npy,/mnt/d/#PROJECT_RKNDIncECA/Related-key-mcp-attention-Inception-based-ND/analysis_data/lea_rkmp_controls_v1/analysis/lea128/r7/k2/seed201/controls/D0_vs_D0/D0_control_b.npy,/mnt/d/#PROJECT_RKNDIncECA/Related-key-mcp-attention-Inception-based-ND/analysis_data/lea_rkmp_controls_v1/analysis/lea128/r7/k2/seed201/controls/D1_vs_D1/D1_control_a.npy,/mnt/d/#PROJECT_RKNDIncECA/Related-key-mcp-attention-Inception-based-ND/analysis_data/lea_rkmp_controls_v1/analysis/lea128/r7/k2/seed201/controls/D1_vs_D1/D1_control_b.npy,/mnt/d/#PROJECT_RKNDIncECA/Related-key-mcp-attention-Inception-based-ND/analysis_data/lea_rkmp_controls_v1/analysis/lea128/r7/k2/seed201/controls/pair_shuffled/D1_pair_shuffled.npy,a1422f1324ea705c3e4f29c1f2b31f3606d3628395e9df908dab68640b388556,cdadc10ec6d697d016f22db22acf4cc047c86a5661faef8051b82c7c7a02825d,69496789b80b6ee6a1775b8808b44ea1159281c5bb728577222d1249d2a2dcd1,be075b4e40930fc9035bfbc48dc487dde8c3ecb9ffc8c72c226de21cfc1bb91d,/mnt/d/#PROJECT_RKNDIncECA/Related-key-mcp-attention-Inception-based-ND/analysis_data/lea_rkmp_controls_v1/analysis/lea128/r7/k2/seed201/run_config.json,/mnt/d/#PROJECT_RKNDIncECA/Related-key-mcp-attention-Inception-based-ND/analysis_data/lea_rkmp_controls_v1/analysis/lea128/r7/k2/seed201/protocol_validation.json,/mnt/d/#PROJECT_RKNDIncECA/Related-key-mcp-attention-Inception-based-ND/analysis_data/lea_rkmp_controls_v1/analysis/lea128/r7/k2/seed201/control_metadata.json,True,5.97776,53781152,d19725a844d0334ceab30051e0b512c9bbc482cfcc4790e4a9c406f24f7aeb9f,2026-07-17T13:20:01.460934+00:00,completed
lea_rkmp_controls_v1,analysis,LEA-128,lea128,cipher.lea,7,2,202,202,10000,128,128,0x00000000000000000000008000000080,0x00000000000000000000000200000000,94,msb0,delta_C||C||C_star,grouped,shared,uint8,"[10000, 2, 384]",/mnt/d/#PROJECT_RKNDIncECA/Related-key-mcp-attention-Inception-based-ND/analysis_data/lea_rkmp_controls_v1/analysis/lea128/r7/k2/seed202/D1_structured.npy,/mnt/d/#PROJECT_RKNDIncECA/Related-key-mcp-attention-Inception-based-ND/analysis_data/lea_rkmp_controls_v1/analysis/lea128/r7/k2/seed202/D0_null.npy,/mnt/d/#PROJECT_RKNDIncECA/Related-key-mcp-attention-Inception-based-ND/analysis_data/lea_rkmp_controls_v1/analysis/lea128/r7/k2/seed202/D1_labels.npy,/mnt/d/#PROJECT_RKNDIncECA/Related-key-mcp-attention-Inception-based-ND/analysis_data/lea_rkmp_controls_v1/analysis/lea128/r7/k2/seed202/D0_labels.npy,/mnt/d/#PROJECT_RKNDIncECA/Related-key-mcp-attention-Inception-based-ND/analysis_data/lea_rkmp_controls_v1/analysis/lea128/r7/k2/seed202/controls/D0_vs_D0/D0_control_a.npy,/mnt/d/#PROJECT_RKNDIncECA/Related-key-mcp-attention-Inception-based-ND/analysis_data/lea_rkmp_controls_v1/analysis/lea128/r7/k2/seed202/controls/D0_vs_D0/D0_control_b.npy,/mnt/d/#PROJECT_RKNDIncECA/Related-key-mcp-attention-Inception-based-ND/analysis_data/lea_rkmp_controls_v1/analysis/lea128/r7/k2/seed202/controls/D1_vs_D1/D1_control_a.npy,/mnt/d/#PROJECT_RKNDIncECA/Related-key-mcp-attention-Inception-based-ND/analysis_data/lea_rkmp_controls_v1/analysis/lea128/r7/k2/seed202/controls/D1_vs_D1/D1_control_b.npy,/mnt/d/#PROJECT_RKNDIncECA/Related-key-mcp-attention-Inception-based-ND/analysis_data/lea_rkmp_controls_v1/analysis/lea128/r7/k2/seed202/controls/pair_shuffled/D1_pair_shuffled.npy,a8678adf44645860369f4c749f99a0238cce5d5a6094fe8e2b2e6665c883a737,4d87c64494c2de4f3b1de847914ee9e242aa85f49fbaac6c7c31af1fc8fba232,588c6f91a556ebdb661b9b7932e48f8898ef456c9b83e954141a0a322d103e82,a01734fb3e20e0b1aca08645c5dfbed682901374fd5bf69ba02537d76c1c2914,/mnt/d/#PROJECT_RKNDIncECA/Related-key-mcp-attention-Inception-based-ND/analysis_data/lea_rkmp_controls_v1/analysis/lea128/r7/k2/seed202/run_config.json,/mnt/d/#PROJECT_RKNDIncECA/Related-key-mcp-attention-Inception-based-ND/analysis_data/lea_rkmp_controls_v1/analysis/lea128/r7/k2/seed202/protocol_validation.json,/mnt/d/#PROJECT_RKNDIncECA/Related-key-mcp-attention-Inception-based-ND/analysis_data/lea_rkmp_controls_v1/analysis/lea128/r7/k2/seed202/control_metadata.json,True,5.628185,53781152,74a7827aed4bac0790e551cfe7c54f13618e1e943e8728a2fb757edcedc3cbce,2026-07-17T13:20:07.358480+00:00,completed
lea_rkmp_controls_v1,analysis,LEA-128,lea128,cipher.lea,7,2,203,203,10000,128,128,0x00000000000000000000008000000080,0x00000000000000000000000200000000,94,msb0,delta_C||C||C_star,grouped,shared,uint8,"[10000, 2, 384]",/mnt/d/#PROJECT_RKNDIncECA/Related-key-mcp-attention-Inception-based-ND/analysis_data/lea_rkmp_controls_v1/analysis/lea128/r7/k2/seed203/D1_structured.npy,/mnt/d/#PROJECT_RKNDIncECA/Related-key-mcp-attention-Inception-based-ND/analysis_data/lea_rkmp_controls_v1/analysis/lea128/r7/k2/seed203/D0_null.npy,/mnt/d/#PROJECT_RKNDIncECA/Related-key-mcp-attention-Inception-based-ND/analysis_data/lea_rkmp_controls_v1/analysis/lea128/r7/k2/seed203/D1_labels.npy,/mnt/d/#PROJECT_RKNDIncECA/Related-key-mcp-attention-Inception-based-ND/analysis_data/lea_rkmp_controls_v1/analysis/lea128/r7/k2/seed203/D0_labels.npy,/mnt/d/#PROJECT_RKNDIncECA/Related-key-mcp-attention-Inception-based-ND/analysis_data/lea_rkmp_controls_v1/analysis/lea128/r7/k2/seed203/controls/D0_vs_D0/D0_control_a.npy,/mnt/d/#PROJECT_RKNDIncECA/Related-key-mcp-attention-Inception-based-ND/analysis_data/lea_rkmp_controls_v1/analysis/lea128/r7/k2/seed203/controls/D0_vs_D0/D0_control_b.npy,/mnt/d/#PROJECT_RKNDIncECA/Related-key-mcp-attention-Inception-based-ND/analysis_data/lea_rkmp_controls_v1/analysis/lea128/r7/k2/seed203/controls/D1_vs_D1/D1_control_a.npy,/mnt/d/#PROJECT_RKNDIncECA/Related-key-mcp-attention-Inception-based-ND/analysis_data/lea_rkmp_controls_v1/analysis/lea128/r7/k2/seed203/controls/D1_vs_D1/D1_control_b.npy,/mnt/d/#PROJECT_RKNDIncECA/Related-key-mcp-attention-Inception-based-ND/analysis_data/lea_rkmp_controls_v1/analysis/lea128/r7/k2/seed203/controls/pair_shuffled/D1_pair_shuffled.npy,d60ab0132e18f913c5bad441f95b2b54a6b50793c1ff7b2daf817146628d4884,04069acd2e32ecfec02e987f6b32763bef535fefa8abe9d3f9c5ea0a8c9049e9,0c6ea8c473f03b175ff41efc7a742025a3fe5015a44d9ce13b13877cf7162c31,8e26e4d6889c68efcb9da914be66d63b51d578ce7b8d9e0188c98d9084c1d151,/mnt/d/#PROJECT_RKNDIncECA/Related-key-mcp-attention-Inception-based-ND/analysis_data/lea_rkmp_controls_v1/analysis/lea128/r7/k2/seed203/run_config.json,/mnt/d/#PROJECT_RKNDIncECA/Related-key-mcp-attention-Inception-based-ND/analysis_data/lea_rkmp_controls_v1/analysis/lea128/r7/k2/seed203/protocol_validation.json,/mnt/d/#PROJECT_RKNDIncECA/Related-key-mcp-attention-Inception-based-ND/analysis_data/lea_rkmp_controls_v1/analysis/lea128/r7/k2/seed203/control_metadata.json,True,5.157126,53781152,7b28ab98505dc0a9b8a8dc654af25b27a021988be45e8996c6e8feccb3d2ee5e,2026-07-17T13:20:16.186695+00:00,completed
lea_rkmp_controls_v1,analysis,LEA-128,lea128,cipher.lea,7,4,201,201,10000,128,128,0x00000000000000000000008000000080,0x00000000000000000000000200000000,94,msb0,delta_C||C||C_star,grouped,shared,uint8,"[10000, 4, 384]",/mnt/d/#PROJECT_RKNDIncECA/Related-key-mcp-attention-Inception-based-ND/analysis_data/lea_rkmp_controls_v1/analysis/lea128/r7/k4/seed201/D1_structured.npy,/mnt/d/#PROJECT_RKNDIncECA/Related-key-mcp-attention-Inception-based-ND/analysis_data/lea_rkmp_controls_v1/analysis/lea128/r7/k4/seed201/D0_null.npy,/mnt/d/#PROJECT_RKNDIncECA/Related-key-mcp-attention-Inception-based-ND/analysis_data/lea_rkmp_controls_v1/analysis/lea128/r7/k4/seed201/D1_labels.npy,/mnt/d/#PROJECT_RKNDIncECA/Related-key-mcp-attention-Inception-based-ND/analysis_data/lea_rkmp_controls_v1/analysis/lea128/r7/k4/seed201/D0_labels.npy,/mnt/d/#PROJECT_RKNDIncECA/Related-key-mcp-attention-Inception-based-ND/analysis_data/lea_rkmp_controls_v1/analysis/lea128/r7/k4/seed201/controls/D0_vs_D0/D0_control_a.npy,/mnt/d/#PROJECT_RKNDIncECA/Related-key-mcp-attention-Inception-based-ND/analysis_data/lea_rkmp_controls_v1/analysis/lea128/r7/k4/seed201/controls/D0_vs_D0/D0_control_b.npy,/mnt/d/#PROJECT_RKNDIncECA/Related-key-mcp-attention-Inception-based-ND/analysis_data/lea_rkmp_controls_v1/analysis/lea128/r7/k4/seed201/controls/D1_vs_D1/D1_control_a.npy,/mnt/d/#PROJECT_RKNDIncECA/Related-key-mcp-attention-Inception-based-ND/analysis_data/lea_rkmp_controls_v1/analysis/lea128/r7/k4/seed201/controls/D1_vs_D1/D1_control_b.npy,/mnt/d/#PROJECT_RKNDIncECA/Related-key-mcp-attention-Inception-based-ND/analysis_data/lea_rkmp_controls_v1/analysis/lea128/r7/k4/seed201/controls/pair_shuffled/D1_pair_shuffled.npy,c20429bea3273e06290fe629fa3b75bea414cfef967ca2ceea7f7b4631be8428,ecbbd3413e2f5c02f267db790f8e647382773b7a8617894c1a58d2ec5aa9a431,f372afe691c4fcaa706bc75c2c7b5b4bb689b487c523a6c2fdd8157ad2d7ad08,03a20079c23e81d6546c455e324334db890d4b7e966102b686a139bad03c8130,/mnt/d/#PROJECT_RKNDIncECA/Related-key-mcp-attention-Inception-based-ND/analysis_data/lea_rkmp_controls_v1/analysis/lea128/r7/k4/seed201/run_config.json,/mnt/d/#PROJECT_RKNDIncECA/Related-key-mcp-attention-Inception-based-ND/analysis_data/lea_rkmp_controls_v1/analysis/lea128/r7/k4/seed201/protocol_validation.json,/mnt/d/#PROJECT_RKNDIncECA/Related-key-mcp-attention-Inception-based-ND/analysis_data/lea_rkmp_controls_v1/analysis/lea128/r7/k4/seed201/control_metadata.json,True,7.485482,107541152,b32aa701300e6e641c6389de9a7441f2d63a6ce81ff2a168bc6dadece67df689,2026-07-17T13:20:23.760409+00:00,completed
lea_rkmp_controls_v1,analysis,LEA-128,lea128,cipher.lea,7,4,202,202,10000,128,128,0x00000000000000000000008000000080,0x00000000000000000000000200000000,94,msb0,delta_C||C||C_star,grouped,shared,uint8,"[10000, 4, 384]",/mnt/d/#PROJECT_RKNDIncECA/Related-key-mcp-attention-Inception-based-ND/analysis_data/lea_rkmp_controls_v1/analysis/lea128/r7/k4/seed202/D1_structured.npy,/mnt/d/#PROJECT_RKNDIncECA/Related-key-mcp-attention-Inception-based-ND/analysis_data/lea_rkmp_controls_v1/analysis/lea128/r7/k4/seed202/D0_null.npy,/mnt/d/#PROJECT_RKNDIncECA/Related-key-mcp-attention-Inception-based-ND/analysis_data/lea_rkmp_controls_v1/analysis/lea128/r7/k4/seed202/D1_labels.npy,/mnt/d/#PROJECT_RKNDIncECA/Related-key-mcp-attention-Inception-based-ND/analysis_data/lea_rkmp_controls_v1/analysis/lea128/r7/k4/seed202/D0_labels.npy,/mnt/d/#PROJECT_RKNDIncECA/Related-key-mcp-attention-Inception-based-ND/analysis_data/lea_rkmp_controls_v1/analysis/lea128/r7/k4/seed202/controls/D0_vs_D0/D0_control_a.npy,/mnt/d/#PROJECT_RKNDIncECA/Related-key-mcp-attention-Inception-based-ND/analysis_data/lea_rkmp_controls_v1/analysis/lea128/r7/k4/seed202/controls/D0_vs_D0/D0_control_b.npy,/mnt/d/#PROJECT_RKNDIncECA/Related-key-mcp-attention-Inception-based-ND/analysis_data/lea_rkmp_controls_v1/analysis/lea128/r7/k4/seed202/controls/D1_vs_D1/D1_control_a.npy,/mnt/d/#PROJECT_RKNDIncECA/Related-key-mcp-attention-Inception-based-ND/analysis_data/lea_rkmp_controls_v1/analysis/lea128/r7/k4/seed202/controls/D1_vs_D1/D1_control_b.npy,/mnt/d/#PROJECT_RKNDIncECA/Related-key-mcp-attention-Inception-based-ND/analysis_data/lea_rkmp_controls_v1/analysis/lea128/r7/k4/seed202/controls/pair_shuffled/D1_pair_shuffled.npy,590d7c82e234245451eca5dea756672e7007b38131a98626cead4a1bfa26a38d,ea4a6289c6feb5aecd31ea981646d87917a0426d2ab38dbc5a15e6357e5b31bf,897e4f5b9835c00c554841cf5c634484a1b6a07c3ae756242603099354e9fcff,c4358c50268e543f15c10f8cc6dabefd0cfd6494f3956a5daded6b2eacd912f1,/mnt/d/#PROJECT_RKNDIncECA/Related-key-mcp-attention-Inception-based-ND/analysis_data/lea_rkmp_controls_v1/analysis/lea128/r7/k4/seed202/run_config.json,/mnt/d/#PROJECT_RKNDIncECA/Related-key-mcp-attention-Inception-based-ND/analysis_data/lea_rkmp_controls_v1/analysis/lea128/r7/k4/seed202/protocol_validation.json,/mnt/d/#PROJECT_RKNDIncECA/Related-key-mcp-attention-Inception-based-ND/analysis_data/lea_rkmp_controls_v1/analysis/lea128/r7/k4/seed202/control_metadata.json,True,7.36931,107541152,489dc89d668f99b3f2eadb6ae24c109283287849dcebec358f7901becde6ae15,2026-07-17T13:20:31.184690+00:00,completed
lea_rkmp_controls_v1,analysis,LEA-128,lea128,cipher.lea,7,4,203,203,10000,128,128,0x00000000000000000000008000000080,0x00000000000000000000000200000000,94,msb0,delta_C||C||C_star,grouped,shared,uint8,"[10000, 4, 384]",/mnt/d/#PROJECT_RKNDIncECA/Related-key-mcp-attention-Inception-based-ND/analysis_data/lea_rkmp_controls_v1/analysis/lea128/r7/k4/seed203/D1_structured.npy,/mnt/d/#PROJECT_RKNDIncECA/Related-key-mcp-attention-Inception-based-ND/analysis_data/lea_rkmp_controls_v1/analysis/lea128/r7/k4/seed203/D0_null.npy,/mnt/d/#PROJECT_RKNDIncECA/Related-key-mcp-attention-Inception-based-ND/analysis_data/lea_rkmp_controls_v1/analysis/lea128/r7/k4/seed203/D1_labels.npy,/mnt/d/#PROJECT_RKNDIncECA/Related-key-mcp-attention-Inception-based-ND/analysis_data/lea_rkmp_controls_v1/analysis/lea128/r7/k4/seed203/D0_labels.npy,/mnt/d/#PROJECT_RKNDIncECA/Related-key-mcp-attention-Inception-based-ND/analysis_data/lea_rkmp_controls_v1/analysis/lea128/r7/k4/seed203/controls/D0_vs_D0/D0_control_a.npy,/mnt/d/#PROJECT_RKNDIncECA/Related-key-mcp-attention-Inception-based-ND/analysis_data/lea_rkmp_controls_v1/analysis/lea128/r7/k4/seed203/controls/D0_vs_D0/D0_control_b.npy,/mnt/d/#PROJECT_RKNDIncECA/Related-key-mcp-attention-Inception-based-ND/analysis_data/lea_rkmp_controls_v1/analysis/lea128/r7/k4/seed203/controls/D1_vs_D1/D1_control_a.npy,/mnt/d/#PROJECT_RKNDIncECA/Related-key-mcp-attention-Inception-based-ND/analysis_data/lea_rkmp_controls_v1/analysis/lea128/r7/k4/seed203/controls/D1_vs_D1/D1_control_b.npy,/mnt/d/#PROJECT_RKNDIncECA/Related-key-mcp-attention-Inception-based-ND/analysis_data/lea_rkmp_controls_v1/analysis/lea128/r7/k4/seed203/controls/pair_shuffled/D1_pair_shuffled.npy,b7cc6f3517f787760ae81570073eb97a253e2404b79c836b6d542bd0b37e2150,51433e1eff2405291a504b77ad38de9a86d828cc02da3d40ac7df27afa501cc2,97efcff95917cf288389144b97a41f0cbc2f6aa8e1c26e1864e25b096a34f912,01992c5c18a639a9ea556d5719dcb123e01ce14c4e07c7394bd5707bb0cb8d31,/mnt/d/#PROJECT_RKNDIncECA/Related-key-mcp-attention-Inception-based-ND/analysis_data/lea_rkmp_controls_v1/analysis/lea128/r7/k4/seed203/run_config.json,/mnt/d/#PROJECT_RKNDIncECA/Related-key-mcp-attention-Inception-based-ND/analysis_data/lea_rkmp_controls_v1/analysis/lea128/r7/k4/seed203/protocol_validation.json,/mnt/d/#PROJECT_RKNDIncECA/Related-key-mcp-attention-Inception-based-ND/analysis_data/lea_rkmp_controls_v1/analysis/lea128/r7/k4/seed203/control_metadata.json,True,6.948398,107541152,54bcc3b2a232b67da1d1e4b9946818be602ce3006cb2028af9c19db263fa92f0,2026-07-17T13:20:38.195719+00:00,completed
lea_rkmp_controls_v1,analysis,LEA-128,lea128,cipher.lea,7,8,201,201,10000,128,128,0x00000000000000000000008000000080,0x00000000000000000000000200000000,94,msb0,delta_C||C||C_star,grouped,shared,uint8,"[10000, 8, 384]",/mnt/d/#PROJECT_RKNDIncECA/Related-key-mcp-attention-Inception-based-ND/analysis_data/lea_rkmp_controls_v1/analysis/lea128/r7/k8/seed201/D1_structured.npy,/mnt/d/#PROJECT_RKNDIncECA/Related-key-mcp-attention-Inception-based-ND/analysis_data/lea_rkmp_controls_v1/analysis/lea128/r7/k8/seed201/D0_null.npy,/mnt/d/#PROJECT_RKNDIncECA/Related-key-mcp-attention-Inception-based-ND/analysis_data/lea_rkmp_controls_v1/analysis/lea128/r7/k8/seed201/D1_labels.npy,/mnt/d/#PROJECT_RKNDIncECA/Related-key-mcp-attention-Inception-based-ND/analysis_data/lea_rkmp_controls_v1/analysis/lea128/r7/k8/seed201/D0_labels.npy,/mnt/d/#PROJECT_RKNDIncECA/Related-key-mcp-attention-Inception-based-ND/analysis_data/lea_rkmp_controls_v1/analysis/lea128/r7/k8/seed201/controls/D0_vs_D0/D0_control_a.npy,/mnt/d/#PROJECT_RKNDIncECA/Related-key-mcp-attention-Inception-based-ND/analysis_data/lea_rkmp_controls_v1/analysis/lea128/r7/k8/seed201/controls/D0_vs_D0/D0_control_b.npy,/mnt/d/#PROJECT_RKNDIncECA/Related-key-mcp-attention-Inception-based-ND/analysis_data/lea_rkmp_controls_v1/analysis/lea128/r7/k8/seed201/controls/D1_vs_D1/D1_control_a.npy,/mnt/d/#PROJECT_RKNDIncECA/Related-key-mcp-attention-Inception-based-ND/analysis_data/lea_rkmp_controls_v1/analysis/lea128/r7/k8/seed201/controls/D1_vs_D1/D1_control_b.npy,/mnt/d/#PROJECT_RKNDIncECA/Related-key-mcp-attention-Inception-based-ND/analysis_data/lea_rkmp_controls_v1/analysis/lea128/r7/k8/seed201/controls/pair_shuffled/D1_pair_shuffled.npy,7b81737a9a62fd6e65e093ab3a79b7b80833c8b004531dc83bd6d8b8720551f2,7f844746edc8fb6289838fa396ff513413e0cf648359112ad7b39b501fb6ee6b,888719791e17384e960fd6afb6dafa2e937d8006d0da10cbb43b2eceac47438c,2bf1898f1c47a5f36e322e4b082c52507523efd1814721b426b7ca8017a7dcc9,/mnt/d/#PROJECT_RKNDIncECA/Related-key-mcp-attention-Inception-based-ND/analysis_data/lea_rkmp_controls_v1/analysis/lea128/r7/k8/seed201/run_config.json,/mnt/d/#PROJECT_RKNDIncECA/Related-key-mcp-attention-Inception-based-ND/analysis_data/lea_rkmp_controls_v1/analysis/lea128/r7/k8/seed201/protocol_validation.json,/mnt/d/#PROJECT_RKNDIncECA/Related-key-mcp-attention-Inception-based-ND/analysis_data/lea_rkmp_controls_v1/analysis/lea128/r7/k8/seed201/control_metadata.json,True,14.214388,215061152,71af775e77ae9ec083c6b28a1de528dc15bef1935c988216b0e9b84d002f1bbf,2026-07-17T13:20:56.058764+00:00,completed
lea_rkmp_controls_v1,analysis,LEA-128,lea128,cipher.lea,7,8,202,202,10000,128,128,0x00000000000000000000008000000080,0x00000000000000000000000200000000,94,msb0,delta_C||C||C_star,grouped,shared,uint8,"[10000, 8, 384]",/mnt/d/#PROJECT_RKNDIncECA/Related-key-mcp-attention-Inception-based-ND/analysis_data/lea_rkmp_controls_v1/analysis/lea128/r7/k8/seed202/D1_structured.npy,/mnt/d/#PROJECT_RKNDIncECA/Related-key-mcp-attention-Inception-based-ND/analysis_data/lea_rkmp_controls_v1/analysis/lea128/r7/k8/seed202/D0_null.npy,/mnt/d/#PROJECT_RKNDIncECA/Related-key-mcp-attention-Inception-based-ND/analysis_data/lea_rkmp_controls_v1/analysis/lea128/r7/k8/seed202/D1_labels.npy,/mnt/d/#PROJECT_RKNDIncECA/Related-key-mcp-attention-Inception-based-ND/analysis_data/lea_rkmp_controls_v1/analysis/lea128/r7/k8/seed202/D0_labels.npy,/mnt/d/#PROJECT_RKNDIncECA/Related-key-mcp-attention-Inception-based-ND/analysis_data/lea_rkmp_controls_v1/analysis/lea128/r7/k8/seed202/controls/D0_vs_D0/D0_control_a.npy,/mnt/d/#PROJECT_RKNDIncECA/Related-key-mcp-attention-Inception-based-ND/analysis_data/lea_rkmp_controls_v1/analysis/lea128/r7/k8/seed202/controls/D0_vs_D0/D0_control_b.npy,/mnt/d/#PROJECT_RKNDIncECA/Related-key-mcp-attention-Inception-based-ND/analysis_data/lea_rkmp_controls_v1/analysis/lea128/r7/k8/seed202/controls/D1_vs_D1/D1_control_a.npy,/mnt/d/#PROJECT_RKNDIncECA/Related-key-mcp-attention-Inception-based-ND/analysis_data/lea_rkmp_controls_v1/analysis/lea128/r7/k8/seed202/controls/D1_vs_D1/D1_control_b.npy,/mnt/d/#PROJECT_RKNDIncECA/Related-key-mcp-attention-Inception-based-ND/analysis_data/lea_rkmp_controls_v1/analysis/lea128/r7/k8/seed202/controls/pair_shuffled/D1_pair_shuffled.npy,5a052e9041e7926802d0d9c32093087ea40f1e54686c7dcec1546f9eaedbd28b,b7706b3358295ec56c6c4d36405a6dd82787331f6cda6494d615ddbdf84f78cb,bb78179fa0e2a811c4926f11dddf912e68e957f164c9fc7486ed1c1fcca3a469,4f9c0a1bad79c16bbb250af218f85052503f6d66174f0f70ef21bae4a7b18591,/mnt/d/#PROJECT_RKNDIncECA/Related-key-mcp-attention-Inception-based-ND/analysis_data/lea_rkmp_controls_v1/analysis/lea128/r7/k8/seed202/run_config.json,/mnt/d/#PROJECT_RKNDIncECA/Related-key-mcp-attention-Inception-based-ND/analysis_data/lea_rkmp_controls_v1/analysis/lea128/r7/k8/seed202/protocol_validation.json,/mnt/d/#PROJECT_RKNDIncECA/Related-key-mcp-attention-Inception-based-ND/analysis_data/lea_rkmp_controls_v1/analysis/lea128/r7/k8/seed202/control_metadata.json,True,13.517629,215061152,496b1878aceec1bd4290ccc151179de59cc531cdfd4edc8d1b542633c0d86ed7,2026-07-17T13:21:09.631283+00:00,completed
lea_rkmp_controls_v1,analysis,LEA-128,lea128,cipher.lea,7,8,203,203,10000,128,128,0x00000000000000000000008000000080,0x00000000000000000000000200000000,94,msb0,delta_C||C||C_star,grouped,shared,uint8,"[10000, 8, 384]",/mnt/d/#PROJECT_RKNDIncECA/Related-key-mcp-attention-Inception-based-ND/analysis_data/lea_rkmp_controls_v1/analysis/lea128/r7/k8/seed203/D1_structured.npy,/mnt/d/#PROJECT_RKNDIncECA/Related-key-mcp-attention-Inception-based-ND/analysis_data/lea_rkmp_controls_v1/analysis/lea128/r7/k8/seed203/D0_null.npy,/mnt/d/#PROJECT_RKNDIncECA/Related-key-mcp-attention-Inception-based-ND/analysis_data/lea_rkmp_controls_v1/analysis/lea128/r7/k8/seed203/D1_labels.npy,/mnt/d/#PROJECT_RKNDIncECA/Related-key-mcp-attention-Inception-based-ND/analysis_data/lea_rkmp_controls_v1/analysis/lea128/r7/k8/seed203/D0_labels.npy,/mnt/d/#PROJECT_RKNDIncECA/Related-key-mcp-attention-Inception-based-ND/analysis_data/lea_rkmp_controls_v1/analysis/lea128/r7/k8/seed203/controls/D0_vs_D0/D0_control_a.npy,/mnt/d/#PROJECT_RKNDIncECA/Related-key-mcp-attention-Inception-based-ND/analysis_data/lea_rkmp_controls_v1/analysis/lea128/r7/k8/seed203/controls/D0_vs_D0/D0_control_b.npy,/mnt/d/#PROJECT_RKNDIncECA/Related-key-mcp-attention-Inception-based-ND/analysis_data/lea_rkmp_controls_v1/analysis/lea128/r7/k8/seed203/controls/D1_vs_D1/D1_control_a.npy,/mnt/d/#PROJECT_RKNDIncECA/Related-key-mcp-attention-Inception-based-ND/analysis_data/lea_rkmp_controls_v1/analysis/lea128/r7/k8/seed203/controls/D1_vs_D1/D1_control_b.npy,/mnt/d/#PROJECT_RKNDIncECA/Related-key-mcp-attention-Inception-based-ND/analysis_data/lea_rkmp_controls_v1/analysis/lea128/r7/k8/seed203/controls/pair_shuffled/D1_pair_shuffled.npy,a96453efd9e98180e8a09464536a864b106bde9b9e3429586643e16dcabab86f,c049855f913d1db5dfdff33ea294357e12f4a4dcb94df98c6d8ac32de235bbf6,8056ee808c28743bbe80894573b20fb165f53c237aa569047a91f1b9c718dd1f,b12637214e938a7252556e14ce8d4c5776abb18c6221e5bbe113bb2e4ba92283,/mnt/d/#PROJECT_RKNDIncECA/Related-key-mcp-attention-Inception-based-ND/analysis_data/lea_rkmp_controls_v1/analysis/lea128/r7/k8/seed203/run_config.json,/mnt/d/#PROJECT_RKNDIncECA/Related-key-mcp-attention-Inception-based-ND/analysis_data/lea_rkmp_controls_v1/analysis/lea128/r7/k8/seed203/protocol_validation.json,/mnt/d/#PROJECT_RKNDIncECA/Related-key-mcp-attention-Inception-based-ND/analysis_data/lea_rkmp_controls_v1/analysis/lea128/r7/k8/seed203/control_metadata.json,True,15.831533,215061152,0be66597947c5ec77c2fb7de4002208d871110f3f15aa337b91e53139a551807,2026-07-17T13:21:29.098901+00:00,completed
lea_rkmp_controls_v1,analysis,LEA-128,lea128,cipher.lea,7,16,201,201,10000,128,128,0x00000000000000000000008000000080,0x00000000000000000000000200000000,94,msb0,delta_C||C||C_star,grouped,shared,uint8,"[10000, 16, 384]",/mnt/d/#PROJECT_RKNDIncECA/Related-key-mcp-attention-Inception-based-ND/analysis_data/lea_rkmp_controls_v1/analysis/lea128/r7/k16/seed201/D1_structured.npy,/mnt/d/#PROJECT_RKNDIncECA/Related-key-mcp-attention-Inception-based-ND/analysis_data/lea_rkmp_controls_v1/analysis/lea128/r7/k16/seed201/D0_null.npy,/mnt/d/#PROJECT_RKNDIncECA/Related-key-mcp-attention-Inception-based-ND/analysis_data/lea_rkmp_controls_v1/analysis/lea128/r7/k16/seed201/D1_labels.npy,/mnt/d/#PROJECT_RKNDIncECA/Related-key-mcp-attention-Inception-based-ND/analysis_data/lea_rkmp_controls_v1/analysis/lea128/r7/k16/seed201/D0_labels.npy,/mnt/d/#PROJECT_RKNDIncECA/Related-key-mcp-attention-Inception-based-ND/analysis_data/lea_rkmp_controls_v1/analysis/lea128/r7/k16/seed201/controls/D0_vs_D0/D0_control_a.npy,/mnt/d/#PROJECT_RKNDIncECA/Related-key-mcp-attention-Inception-based-ND/analysis_data/lea_rkmp_controls_v1/analysis/lea128/r7/k16/seed201/controls/D0_vs_D0/D0_control_b.npy,/mnt/d/#PROJECT_RKNDIncECA/Related-key-mcp-attention-Inception-based-ND/analysis_data/lea_rkmp_controls_v1/analysis/lea128/r7/k16/seed201/controls/D1_vs_D1/D1_control_a.npy,/mnt/d/#PROJECT_RKNDIncECA/Related-key-mcp-attention-Inception-based-ND/analysis_data/lea_rkmp_controls_v1/analysis/lea128/r7/k16/seed201/controls/D1_vs_D1/D1_control_b.npy,/mnt/d/#PROJECT_RKNDIncECA/Related-key-mcp-attention-Inception-based-ND/analysis_data/lea_rkmp_controls_v1/analysis/lea128/r7/k16/seed201/controls/pair_shuffled/D1_pair_shuffled.npy,27e634a90731d1cc0b9e669e9f9ab64ef39a98e84031937264e9b914208ad678,e4db7d299bbf37dfc4d6ec7a3e1df0a170c83a41ef79b8dd609f4f353a33cee4,a18e339aa1097cf82260e18f9c31e5db0cc1b5c08ccd8b81a895450b42d24173,66eefbe9fb58385ac39f13a14a10667b507a8cf4e5b7dffee70d24641f1bb587,/mnt/d/#PROJECT_RKNDIncECA/Related-key-mcp-attention-Inception-based-ND/analysis_data/lea_rkmp_controls_v1/analysis/lea128/r7/k16/seed201/run_config.json,/mnt/d/#PROJECT_RKNDIncECA/Related-key-mcp-attention-Inception-based-ND/analysis_data/lea_rkmp_controls_v1/analysis/lea128/r7/k16/seed201/protocol_validation.json,/mnt/d/#PROJECT_RKNDIncECA/Related-key-mcp-attention-Inception-based-ND/analysis_data/lea_rkmp_controls_v1/analysis/lea128/r7/k16/seed201/control_metadata.json,True,30.432292,430101152,e6cce76ad787c186e0e8bd3469c685213c175e27141b9fa3d08046416a03d08a,2026-07-17T13:22:03.201227+00:00,completed
lea_rkmp_controls_v1,analysis,LEA-128,lea128,cipher.lea,7,16,202,202,10000,128,128,0x00000000000000000000008000000080,0x00000000000000000000000200000000,94,msb0,delta_C||C||C_star,grouped,shared,uint8,"[10000, 16, 384]",/mnt/d/#PROJECT_RKNDIncECA/Related-key-mcp-attention-Inception-based-ND/analysis_data/lea_rkmp_controls_v1/analysis/lea128/r7/k16/seed202/D1_structured.npy,/mnt/d/#PROJECT_RKNDIncECA/Related-key-mcp-attention-Inception-based-ND/analysis_data/lea_rkmp_controls_v1/analysis/lea128/r7/k16/seed202/D0_null.npy,/mnt/d/#PROJECT_RKNDIncECA/Related-key-mcp-attention-Inception-based-ND/analysis_data/lea_rkmp_controls_v1/analysis/lea128/r7/k16/seed202/D1_labels.npy,/mnt/d/#PROJECT_RKNDIncECA/Related-key-mcp-attention-Inception-based-ND/analysis_data/lea_rkmp_controls_v1/analysis/lea128/r7/k16/seed202/D0_labels.npy,/mnt/d/#PROJECT_RKNDIncECA/Related-key-mcp-attention-Inception-based-ND/analysis_data/lea_rkmp_controls_v1/analysis/lea128/r7/k16/seed202/controls/D0_vs_D0/D0_control_a.npy,/mnt/d/#PROJECT_RKNDIncECA/Related-key-mcp-attention-Inception-based-ND/analysis_data/lea_rkmp_controls_v1/analysis/lea128/r7/k16/seed202/controls/D0_vs_D0/D0_control_b.npy,/mnt/d/#PROJECT_RKNDIncECA/Related-key-mcp-attention-Inception-based-ND/analysis_data/lea_rkmp_controls_v1/analysis/lea128/r7/k16/seed202/controls/D1_vs_D1/D1_control_a.npy,/mnt/d/#PROJECT_RKNDIncECA/Related-key-mcp-attention-Inception-based-ND/analysis_data/lea_rkmp_controls_v1/analysis/lea128/r7/k16/seed202/controls/D1_vs_D1/D1_control_b.npy,/mnt/d/#PROJECT_RKNDIncECA/Related-key-mcp-attention-Inception-based-ND/analysis_data/lea_rkmp_controls_v1/analysis/lea128/r7/k16/seed202/controls/pair_shuffled/D1_pair_shuffled.npy,de7be98c0c6da7ea8b918a1db08bf041180d8f25dee54e1cbafdcc6e2fbf1f85,4bcd8fece3157d60716c38d0cd7916e8d10cb8fd2b752acfc773768f12f29d25,43a6f4ee218e4499e0fadd1a052a483e9b125177088c43dcf8234980e2a8f379,2374584204bd4e6cad6dddbab4710b8004e8500f202a7c53c38b59cc8eb725cb,/mnt/d/#PROJECT_RKNDIncECA/Related-key-mcp-attention-Inception-based-ND/analysis_data/lea_rkmp_controls_v1/analysis/lea128/r7/k16/seed202/run_config.json,/mnt/d/#PROJECT_RKNDIncECA/Related-key-mcp-attention-Inception-based-ND/analysis_data/lea_rkmp_controls_v1/analysis/lea128/r7/k16/seed202/protocol_validation.json,/mnt/d/#PROJECT_RKNDIncECA/Related-key-mcp-attention-Inception-based-ND/analysis_data/lea_rkmp_controls_v1/analysis/lea128/r7/k16/seed202/control_metadata.json,True,33.624804,430101152,dc195612bbabbfe980adf2326d246944863f9293d9fdb118247fe5bed12f301d,2026-07-17T13:22:40.462941+00:00,completed
lea_rkmp_controls_v1,analysis,LEA-128,lea128,cipher.lea,7,16,203,203,10000,128,128,0x00000000000000000000008000000080,0x00000000000000000000000200000000,94,msb0,delta_C||C||C_star,grouped,shared,uint8,"[10000, 16, 384]",/mnt/d/#PROJECT_RKNDIncECA/Related-key-mcp-attention-Inception-based-ND/analysis_data/lea_rkmp_controls_v1/analysis/lea128/r7/k16/seed203/D1_structured.npy,/mnt/d/#PROJECT_RKNDIncECA/Related-key-mcp-attention-Inception-based-ND/analysis_data/lea_rkmp_controls_v1/analysis/lea128/r7/k16/seed203/D0_null.npy,/mnt/d/#PROJECT_RKNDIncECA/Related-key-mcp-attention-Inception-based-ND/analysis_data/lea_rkmp_controls_v1/analysis/lea128/r7/k16/seed203/D1_labels.npy,/mnt/d/#PROJECT_RKNDIncECA/Related-key-mcp-attention-Inception-based-ND/analysis_data/lea_rkmp_controls_v1/analysis/lea128/r7/k16/seed203/D0_labels.npy,/mnt/d/#PROJECT_RKNDIncECA/Related-key-mcp-attention-Inception-based-ND/analysis_data/lea_rkmp_controls_v1/analysis/lea128/r7/k16/seed203/controls/D0_vs_D0/D0_control_a.npy,/mnt/d/#PROJECT_RKNDIncECA/Related-key-mcp-attention-Inception-based-ND/analysis_data/lea_rkmp_controls_v1/analysis/lea128/r7/k16/seed203/controls/D0_vs_D0/D0_control_b.npy,/mnt/d/#PROJECT_RKNDIncECA/Related-key-mcp-attention-Inception-based-ND/analysis_data/lea_rkmp_controls_v1/analysis/lea128/r7/k16/seed203/controls/D1_vs_D1/D1_control_a.npy,/mnt/d/#PROJECT_RKNDIncECA/Related-key-mcp-attention-Inception-based-ND/analysis_data/lea_rkmp_controls_v1/analysis/lea128/r7/k16/seed203/controls/D1_vs_D1/D1_control_b.npy,/mnt/d/#PROJECT_RKNDIncECA/Related-key-mcp-attention-Inception-based-ND/analysis_data/lea_rkmp_controls_v1/analysis/lea128/r7/k16/seed203/controls/pair_shuffled/D1_pair_shuffled.npy,57726498caf10718bd7d7664faf23d3102c0da93dfe8bc5d3a1a4152de7e7740,0bb71fb4b405469d7e050c2a01f2804615b47438eb125cbc74b3d090de8715d9,d6d74c7f726f0633c03e30ab0a04db98c3607225f0b308d61ecc75f00e299e52,7ca05b065549fcbe94548c528806542338902ed8603cb429638e0c8840dc70e5,/mnt/d/#PROJECT_RKNDIncECA/Related-key-mcp-attention-Inception-based-ND/analysis_data/lea_rkmp_controls_v1/analysis/lea128/r7/k16/seed203/run_config.json,/mnt/d/#PROJECT_RKNDIncECA/Related-key-mcp-attention-Inception-based-ND/analysis_data/lea_rkmp_controls_v1/analysis/lea128/r7/k16/seed203/protocol_validation.json,/mnt/d/#PROJECT_RKNDIncECA/Related-key-mcp-attention-Inception-based-ND/analysis_data/lea_rkmp_controls_v1/analysis/lea128/r7/k16/seed203/control_metadata.json,True,28.890598,430101152,46c2ece0f5860a212029a61ae9d88997531651a42d477e35306bdc22de543293,2026-07-17T13:23:13.015067+00:00,completed
lea_rkmp_controls_v1,analysis,LEA-128,lea128,cipher.lea,7,32,201,201,10000,128,128,0x00000000000000000000008000000080,0x00000000000000000000000200000000,94,msb0,delta_C||C||C_star,grouped,shared,uint8,"[10000, 32, 384]",/mnt/d/#PROJECT_RKNDIncECA/Related-key-mcp-attention-Inception-based-ND/analysis_data/lea_rkmp_controls_v1/analysis/lea128/r7/k32/seed201/D1_structured.npy,/mnt/d/#PROJECT_RKNDIncECA/Related-key-mcp-attention-Inception-based-ND/analysis_data/lea_rkmp_controls_v1/analysis/lea128/r7/k32/seed201/D0_null.npy,/mnt/d/#PROJECT_RKNDIncECA/Related-key-mcp-attention-Inception-based-ND/analysis_data/lea_rkmp_controls_v1/analysis/lea128/r7/k32/seed201/D1_labels.npy,/mnt/d/#PROJECT_RKNDIncECA/Related-key-mcp-attention-Inception-based-ND/analysis_data/lea_rkmp_controls_v1/analysis/lea128/r7/k32/seed201/D0_labels.npy,/mnt/d/#PROJECT_RKNDIncECA/Related-key-mcp-attention-Inception-based-ND/analysis_data/lea_rkmp_controls_v1/analysis/lea128/r7/k32/seed201/controls/D0_vs_D0/D0_control_a.npy,/mnt/d/#PROJECT_RKNDIncECA/Related-key-mcp-attention-Inception-based-ND/analysis_data/lea_rkmp_controls_v1/analysis/lea128/r7/k32/seed201/controls/D0_vs_D0/D0_control_b.npy,/mnt/d/#PROJECT_RKNDIncECA/Related-key-mcp-attention-Inception-based-ND/analysis_data/lea_rkmp_controls_v1/analysis/lea128/r7/k32/seed201/controls/D1_vs_D1/D1_control_a.npy,/mnt/d/#PROJECT_RKNDIncECA/Related-key-mcp-attention-Inception-based-ND/analysis_data/lea_rkmp_controls_v1/analysis/lea128/r7/k32/seed201/controls/D1_vs_D1/D1_control_b.npy,/mnt/d/#PROJECT_RKNDIncECA/Related-key-mcp-attention-Inception-based-ND/analysis_data/lea_rkmp_controls_v1/analysis/lea128/r7/k32/seed201/controls/pair_shuffled/D1_pair_shuffled.npy,38890fdef269c1a62fe743f079115273bb85415cb11b53bc66fded057453b223,4313382e12b929a9fa90be698be4682a7c35ee3c011693845e68730c83223590,2f92d1db2e6e380311c5c26cf4feb2b5144800106bc1368b6a5ec2da803c67c2,ae156daab294fdff5ce684dee2220b733bc817c9015574ab26414c940fe3981f,/mnt/d/#PROJECT_RKNDIncECA/Related-key-mcp-attention-Inception-based-ND/analysis_data/lea_rkmp_controls_v1/analysis/lea128/r7/k32/seed201/run_config.json,/mnt/d/#PROJECT_RKNDIncECA/Related-key-mcp-attention-Inception-based-ND/analysis_data/lea_rkmp_controls_v1/analysis/lea128/r7/k32/seed201/protocol_validation.json,/mnt/d/#PROJECT_RKNDIncECA/Related-key-mcp-attention-Inception-based-ND/analysis_data/lea_rkmp_controls_v1/analysis/lea128/r7/k32/seed201/control_metadata.json,True,56.875511,860181152,cd64bbc023030f056e59b478003e09c64e2a4b6e90953261d5d40d2306ee1643,2026-07-17T13:24:13.550251+00:00,completed
lea_rkmp_controls_v1,analysis,LEA-128,lea128,cipher.lea,7,32,202,202,10000,128,128,0x00000000000000000000008000000080,0x00000000000000000000000200000000,94,msb0,delta_C||C||C_star,grouped,shared,uint8,"[10000, 32, 384]",/mnt/d/#PROJECT_RKNDIncECA/Related-key-mcp-attention-Inception-based-ND/analysis_data/lea_rkmp_controls_v1/analysis/lea128/r7/k32/seed202/D1_structured.npy,/mnt/d/#PROJECT_RKNDIncECA/Related-key-mcp-attention-Inception-based-ND/analysis_data/lea_rkmp_controls_v1/analysis/lea128/r7/k32/seed202/D0_null.npy,/mnt/d/#PROJECT_RKNDIncECA/Related-key-mcp-attention-Inception-based-ND/analysis_data/lea_rkmp_controls_v1/analysis/lea128/r7/k32/seed202/D1_labels.npy,/mnt/d/#PROJECT_RKNDIncECA/Related-key-mcp-attention-Inception-based-ND/analysis_data/lea_rkmp_controls_v1/analysis/lea128/r7/k32/seed202/D0_labels.npy,/mnt/d/#PROJECT_RKNDIncECA/Related-key-mcp-attention-Inception-based-ND/analysis_data/lea_rkmp_controls_v1/analysis/lea128/r7/k32/seed202/controls/D0_vs_D0/D0_control_a.npy,/mnt/d/#PROJECT_RKNDIncECA/Related-key-mcp-attention-Inception-based-ND/analysis_data/lea_rkmp_controls_v1/analysis/lea128/r7/k32/seed202/controls/D0_vs_D0/D0_control_b.npy,/mnt/d/#PROJECT_RKNDIncECA/Related-key-mcp-attention-Inception-based-ND/analysis_data/lea_rkmp_controls_v1/analysis/lea128/r7/k32/seed202/controls/D1_vs_D1/D1_control_a.npy,/mnt/d/#PROJECT_RKNDIncECA/Related-key-mcp-attention-Inception-based-ND/analysis_data/lea_rkmp_controls_v1/analysis/lea128/r7/k32/seed202/controls/D1_vs_D1/D1_control_b.npy,/mnt/d/#PROJECT_RKNDIncECA/Related-key-mcp-attention-Inception-based-ND/analysis_data/lea_rkmp_controls_v1/analysis/lea128/r7/k32/seed202/controls/pair_shuffled/D1_pair_shuffled.npy,0d10abb81132365280e4bd9c9abaca74bc924ea9adde07ebddd9b8d35b8d284a,b2311e183d52eec3900a224ad3f6309b51290b4af03cfc590b0a6f496f5009ce,6f9fe7858c294c2962f08206406cc0d28a3e2d84eff3189c6dba4bad5d6e6344,632687bb2a2911db6bf5e461cbcd679f97bc7e8fed9c2378a54b06d87c4501a2,/mnt/d/#PROJECT_RKNDIncECA/Related-key-mcp-attention-Inception-based-ND/analysis_data/lea_rkmp_controls_v1/analysis/lea128/r7/k32/seed202/run_config.json,/mnt/d/#PROJECT_RKNDIncECA/Related-key-mcp-attention-Inception-based-ND/analysis_data/lea_rkmp_controls_v1/analysis/lea128/r7/k32/seed202/protocol_validation.json,/mnt/d/#PROJECT_RKNDIncECA/Related-key-mcp-attention-Inception-based-ND/analysis_data/lea_rkmp_controls_v1/analysis/lea128/r7/k32/seed202/control_metadata.json,True,72.988816,860181152,ccc0fc884e0269096f6860c87145866bd0e0a5fa5e64ce7e7bb9162695e75df9,2026-07-17T13:25:37.380532+00:00,completed
lea_rkmp_controls_v1,analysis,LEA-128,lea128,cipher.lea,7,32,203,203,10000,128,128,0x00000000000000000000008000000080,0x00000000000000000000000200000000,94,msb0,delta_C||C||C_star,grouped,shared,uint8,"[10000, 32, 384]",/mnt/d/#PROJECT_RKNDIncECA/Related-key-mcp-attention-Inception-based-ND/analysis_data/lea_rkmp_controls_v1/analysis/lea128/r7/k32/seed203/D1_structured.npy,/mnt/d/#PROJECT_RKNDIncECA/Related-key-mcp-attention-Inception-based-ND/analysis_data/lea_rkmp_controls_v1/analysis/lea128/r7/k32/seed203/D0_null.npy,/mnt/d/#PROJECT_RKNDIncECA/Related-key-mcp-attention-Inception-based-ND/analysis_data/lea_rkmp_controls_v1/analysis/lea128/r7/k32/seed203/D1_labels.npy,/mnt/d/#PROJECT_RKNDIncECA/Related-key-mcp-attention-Inception-based-ND/analysis_data/lea_rkmp_controls_v1/analysis/lea128/r7/k32/seed203/D0_labels.npy,/mnt/d/#PROJECT_RKNDIncECA/Related-key-mcp-attention-Inception-based-ND/analysis_data/lea_rkmp_controls_v1/analysis/lea128/r7/k32/seed203/controls/D0_vs_D0/D0_control_a.npy,/mnt/d/#PROJECT_RKNDIncECA/Related-key-mcp-attention-Inception-based-ND/analysis_data/lea_rkmp_controls_v1/analysis/lea128/r7/k32/seed203/controls/D0_vs_D0/D0_control_b.npy,/mnt/d/#PROJECT_RKNDIncECA/Related-key-mcp-attention-Inception-based-ND/analysis_data/lea_rkmp_controls_v1/analysis/lea128/r7/k32/seed203/controls/D1_vs_D1/D1_control_a.npy,/mnt/d/#PROJECT_RKNDIncECA/Related-key-mcp-attention-Inception-based-ND/analysis_data/lea_rkmp_controls_v1/analysis/lea128/r7/k32/seed203/controls/D1_vs_D1/D1_control_b.npy,/mnt/d/#PROJECT_RKNDIncECA/Related-key-mcp-attention-Inception-based-ND/analysis_data/lea_rkmp_controls_v1/analysis/lea128/r7/k32/seed203/controls/pair_shuffled/D1_pair_shuffled.npy,af5205b31b459198de81dd78e7437b4986beeffd45c2e5160e4dd56387fb871e,256f6ea30bb12820d92ffbaeb259e534c524020f2bd4373b715e2e39bb8bd083,65bf338ffc180f3eea84c3f2b31305998931486895874e482f6b8a96d66c4e63,37e8c8d64c9884a94ed5175ba2ef89545052bb977870b580d3de2d782cf70830,/mnt/d/#PROJECT_RKNDIncECA/Related-key-mcp-attention-Inception-based-ND/analysis_data/lea_rkmp_controls_v1/analysis/lea128/r7/k32/seed203/run_config.json,/mnt/d/#PROJECT_RKNDIncECA/Related-key-mcp-attention-Inception-based-ND/analysis_data/lea_rkmp_controls_v1/analysis/lea128/r7/k32/seed203/protocol_validation.json,/mnt/d/#PROJECT_RKNDIncECA/Related-key-mcp-attention-Inception-based-ND/analysis_data/lea_rkmp_controls_v1/analysis/lea128/r7/k32/seed203/control_metadata.json,True,55.418956,860181152,e84a7c295aa7a7abc3835fc2993c2d5703c6d7652aae5e8d840cb92ad8ff9139,2026-07-17T13:26:36.418807+00:00,completed
lea_rkmp_controls_v1,analysis,LEA-128,lea128,cipher.lea,8,1,201,201,10000,128,128,0x00000000000000000000008000000080,0x00000000000000000000000200000000,94,msb0,delta_C||C||C_star,grouped,shared,uint8,"[10000, 1, 384]",/mnt/d/#PROJECT_RKNDIncECA/Related-key-mcp-attention-Inception-based-ND/analysis_data/lea_rkmp_controls_v1/analysis/lea128/r8/k1/seed201/D1_structured.npy,/mnt/d/#PROJECT_RKNDIncECA/Related-key-mcp-attention-Inception-based-ND/analysis_data/lea_rkmp_controls_v1/analysis/lea128/r8/k1/seed201/D0_null.npy,/mnt/d/#PROJECT_RKNDIncECA/Related-key-mcp-attention-Inception-based-ND/analysis_data/lea_rkmp_controls_v1/analysis/lea128/r8/k1/seed201/D1_labels.npy,/mnt/d/#PROJECT_RKNDIncECA/Related-key-mcp-attention-Inception-based-ND/analysis_data/lea_rkmp_controls_v1/analysis/lea128/r8/k1/seed201/D0_labels.npy,/mnt/d/#PROJECT_RKNDIncECA/Related-key-mcp-attention-Inception-based-ND/analysis_data/lea_rkmp_controls_v1/analysis/lea128/r8/k1/seed201/controls/D0_vs_D0/D0_control_a.npy,/mnt/d/#PROJECT_RKNDIncECA/Related-key-mcp-attention-Inception-based-ND/analysis_data/lea_rkmp_controls_v1/analysis/lea128/r8/k1/seed201/controls/D0_vs_D0/D0_control_b.npy,/mnt/d/#PROJECT_RKNDIncECA/Related-key-mcp-attention-Inception-based-ND/analysis_data/lea_rkmp_controls_v1/analysis/lea128/r8/k1/seed201/controls/D1_vs_D1/D1_control_a.npy,/mnt/d/#PROJECT_RKNDIncECA/Related-key-mcp-attention-Inception-based-ND/analysis_data/lea_rkmp_controls_v1/analysis/lea128/r8/k1/seed201/controls/D1_vs_D1/D1_control_b.npy,/mnt/d/#PROJECT_RKNDIncECA/Related-key-mcp-attention-Inception-based-ND/analysis_data/lea_rkmp_controls_v1/analysis/lea128/r8/k1/seed201/controls/pair_shuffled/D1_pair_shuffled.npy,a994dea3bb09187c72c9bd9a412ecf4429e2d06e29dc3fb5be22c6e44ad3f1c1,890aaa313bbd068547cd1ca7e07153be6f5ea57781ab6770fbdd1d251ed758b7,339acd5ba03f34a8d5c7701a1571fd07f2f7cfa776053b75c1c0af296595512a,863c151a230fd54fa6372e816e9f0bcc84538527a4710500625aa158ca6d77e5,/mnt/d/#PROJECT_RKNDIncECA/Related-key-mcp-attention-Inception-based-ND/analysis_data/lea_rkmp_controls_v1/analysis/lea128/r8/k1/seed201/run_config.json,/mnt/d/#PROJECT_RKNDIncECA/Related-key-mcp-attention-Inception-based-ND/analysis_data/lea_rkmp_controls_v1/analysis/lea128/r8/k1/seed201/protocol_validation.json,/mnt/d/#PROJECT_RKNDIncECA/Related-key-mcp-attention-Inception-based-ND/analysis_data/lea_rkmp_controls_v1/analysis/lea128/r8/k1/seed201/control_metadata.json,True,2.131618,26901152,b06b44612661d5e91366a446ca64497191b4269a4f1b660e28a974d92ffa4bc0,2026-07-17T13:26:38.613832+00:00,completed
lea_rkmp_controls_v1,analysis,LEA-128,lea128,cipher.lea,8,1,202,202,10000,128,128,0x00000000000000000000008000000080,0x00000000000000000000000200000000,94,msb0,delta_C||C||C_star,grouped,shared,uint8,"[10000, 1, 384]",/mnt/d/#PROJECT_RKNDIncECA/Related-key-mcp-attention-Inception-based-ND/analysis_data/lea_rkmp_controls_v1/analysis/lea128/r8/k1/seed202/D1_structured.npy,/mnt/d/#PROJECT_RKNDIncECA/Related-key-mcp-attention-Inception-based-ND/analysis_data/lea_rkmp_controls_v1/analysis/lea128/r8/k1/seed202/D0_null.npy,/mnt/d/#PROJECT_RKNDIncECA/Related-key-mcp-attention-Inception-based-ND/analysis_data/lea_rkmp_controls_v1/analysis/lea128/r8/k1/seed202/D1_labels.npy,/mnt/d/#PROJECT_RKNDIncECA/Related-key-mcp-attention-Inception-based-ND/analysis_data/lea_rkmp_controls_v1/analysis/lea128/r8/k1/seed202/D0_labels.npy,/mnt/d/#PROJECT_RKNDIncECA/Related-key-mcp-attention-Inception-based-ND/analysis_data/lea_rkmp_controls_v1/analysis/lea128/r8/k1/seed202/controls/D0_vs_D0/D0_control_a.npy,/mnt/d/#PROJECT_RKNDIncECA/Related-key-mcp-attention-Inception-based-ND/analysis_data/lea_rkmp_controls_v1/analysis/lea128/r8/k1/seed202/controls/D0_vs_D0/D0_control_b.npy,/mnt/d/#PROJECT_RKNDIncECA/Related-key-mcp-attention-Inception-based-ND/analysis_data/lea_rkmp_controls_v1/analysis/lea128/r8/k1/seed202/controls/D1_vs_D1/D1_control_a.npy,/mnt/d/#PROJECT_RKNDIncECA/Related-key-mcp-attention-Inception-based-ND/analysis_data/lea_rkmp_controls_v1/analysis/lea128/r8/k1/seed202/controls/D1_vs_D1/D1_control_b.npy,/mnt/d/#PROJECT_RKNDIncECA/Related-key-mcp-attention-Inception-based-ND/analysis_data/lea_rkmp_controls_v1/analysis/lea128/r8/k1/seed202/controls/pair_shuffled/D1_pair_shuffled.npy,b8fad6f982bd31bc6ca9c71bf4fa290729bf96156f088d69b52386a27234b12e,72665869104079c1a4ac6d38e09b0eb32b5636808096b4599e4a5d80ebb451f8,63ab6b896ed6f06f1c4b024c6d66783e5844a78aa1f3b47d6d70052da9e7c710,9275689d0e6c895d6e8ddc2dab69bb64d834480f3d530d45829b3963addd0726,/mnt/d/#PROJECT_RKNDIncECA/Related-key-mcp-attention-Inception-based-ND/analysis_data/lea_rkmp_controls_v1/analysis/lea128/r8/k1/seed202/run_config.json,/mnt/d/#PROJECT_RKNDIncECA/Related-key-mcp-attention-Inception-based-ND/analysis_data/lea_rkmp_controls_v1/analysis/lea128/r8/k1/seed202/protocol_validation.json,/mnt/d/#PROJECT_RKNDIncECA/Related-key-mcp-attention-Inception-based-ND/analysis_data/lea_rkmp_controls_v1/analysis/lea128/r8/k1/seed202/control_metadata.json,True,2.251312,26901152,2171464b416ce4bb5edb19c34efa491058e743dada56daff453d65d64d0416f6,2026-07-17T13:26:40.943859+00:00,completed
lea_rkmp_controls_v1,analysis,LEA-128,lea128,cipher.lea,8,1,203,203,10000,128,128,0x00000000000000000000008000000080,0x00000000000000000000000200000000,94,msb0,delta_C||C||C_star,grouped,shared,uint8,"[10000, 1, 384]",/mnt/d/#PROJECT_RKNDIncECA/Related-key-mcp-attention-Inception-based-ND/analysis_data/lea_rkmp_controls_v1/analysis/lea128/r8/k1/seed203/D1_structured.npy,/mnt/d/#PROJECT_RKNDIncECA/Related-key-mcp-attention-Inception-based-ND/analysis_data/lea_rkmp_controls_v1/analysis/lea128/r8/k1/seed203/D0_null.npy,/mnt/d/#PROJECT_RKNDIncECA/Related-key-mcp-attention-Inception-based-ND/analysis_data/lea_rkmp_controls_v1/analysis/lea128/r8/k1/seed203/D1_labels.npy,/mnt/d/#PROJECT_RKNDIncECA/Related-key-mcp-attention-Inception-based-ND/analysis_data/lea_rkmp_controls_v1/analysis/lea128/r8/k1/seed203/D0_labels.npy,/mnt/d/#PROJECT_RKNDIncECA/Related-key-mcp-attention-Inception-based-ND/analysis_data/lea_rkmp_controls_v1/analysis/lea128/r8/k1/seed203/controls/D0_vs_D0/D0_control_a.npy,/mnt/d/#PROJECT_RKNDIncECA/Related-key-mcp-attention-Inception-based-ND/analysis_data/lea_rkmp_controls_v1/analysis/lea128/r8/k1/seed203/controls/D0_vs_D0/D0_control_b.npy,/mnt/d/#PROJECT_RKNDIncECA/Related-key-mcp-attention-Inception-based-ND/analysis_data/lea_rkmp_controls_v1/analysis/lea128/r8/k1/seed203/controls/D1_vs_D1/D1_control_a.npy,/mnt/d/#PROJECT_RKNDIncECA/Related-key-mcp-attention-Inception-based-ND/analysis_data/lea_rkmp_controls_v1/analysis/lea128/r8/k1/seed203/controls/D1_vs_D1/D1_control_b.npy,/mnt/d/#PROJECT_RKNDIncECA/Related-key-mcp-attention-Inception-based-ND/analysis_data/lea_rkmp_controls_v1/analysis/lea128/r8/k1/seed203/controls/pair_shuffled/D1_pair_shuffled.npy,9750f28589a65879b5c93f4a24342ff3c676eafc10bb43fe7ceabd91e3755b5a,15f84aab1912d3e4fc9f43e8bf74c20df58f8b03e190f113b56f793bf9cd75d2,b90960545d49ea68468d427dd9c1726c7808556d7b3cfd303e99b3b680cf3539,77236410aa5d39e4ba0816aa1caf6f0fd7202098f138eec2eb141eddbfc23cc9,/mnt/d/#PROJECT_RKNDIncECA/Related-key-mcp-attention-Inception-based-ND/analysis_data/lea_rkmp_controls_v1/analysis/lea128/r8/k1/seed203/run_config.json,/mnt/d/#PROJECT_RKNDIncECA/Related-key-mcp-attention-Inception-based-ND/analysis_data/lea_rkmp_controls_v1/analysis/lea128/r8/k1/seed203/protocol_validation.json,/mnt/d/#PROJECT_RKNDIncECA/Related-key-mcp-attention-Inception-based-ND/analysis_data/lea_rkmp_controls_v1/analysis/lea128/r8/k1/seed203/control_metadata.json,True,2.146814,26901152,eec63523af41db89b965095b9e508e3e6939320e17cebc5883675bfa576dd189,2026-07-17T13:26:46.744658+00:00,completed
lea_rkmp_controls_v1,analysis,LEA-128,lea128,cipher.lea,8,2,201,201,10000,128,128,0x00000000000000000000008000000080,0x00000000000000000000000200000000,94,msb0,delta_C||C||C_star,grouped,shared,uint8,"[10000, 2, 384]",/mnt/d/#PROJECT_RKNDIncECA/Related-key-mcp-attention-Inception-based-ND/analysis_data/lea_rkmp_controls_v1/analysis/lea128/r8/k2/seed201/D1_structured.npy,/mnt/d/#PROJECT_RKNDIncECA/Related-key-mcp-attention-Inception-based-ND/analysis_data/lea_rkmp_controls_v1/analysis/lea128/r8/k2/seed201/D0_null.npy,/mnt/d/#PROJECT_RKNDIncECA/Related-key-mcp-attention-Inception-based-ND/analysis_data/lea_rkmp_controls_v1/analysis/lea128/r8/k2/seed201/D1_labels.npy,/mnt/d/#PROJECT_RKNDIncECA/Related-key-mcp-attention-Inception-based-ND/analysis_data/lea_rkmp_controls_v1/analysis/lea128/r8/k2/seed201/D0_labels.npy,/mnt/d/#PROJECT_RKNDIncECA/Related-key-mcp-attention-Inception-based-ND/analysis_data/lea_rkmp_controls_v1/analysis/lea128/r8/k2/seed201/controls/D0_vs_D0/D0_control_a.npy,/mnt/d/#PROJECT_RKNDIncECA/Related-key-mcp-attention-Inception-based-ND/analysis_data/lea_rkmp_controls_v1/analysis/lea128/r8/k2/seed201/controls/D0_vs_D0/D0_control_b.npy,/mnt/d/#PROJECT_RKNDIncECA/Related-key-mcp-attention-Inception-based-ND/analysis_data/lea_rkmp_controls_v1/analysis/lea128/r8/k2/seed201/controls/D1_vs_D1/D1_control_a.npy,/mnt/d/#PROJECT_RKNDIncECA/Related-key-mcp-attention-Inception-based-ND/analysis_data/lea_rkmp_controls_v1/analysis/lea128/r8/k2/seed201/controls/D1_vs_D1/D1_control_b.npy,/mnt/d/#PROJECT_RKNDIncECA/Related-key-mcp-attention-Inception-based-ND/analysis_data/lea_rkmp_controls_v1/analysis/lea128/r8/k2/seed201/controls/pair_shuffled/D1_pair_shuffled.npy,3d179284a7e8863498bf9f8a4341ff09fd0367df1b187cdb581a6ab6cda45a37,2d4477b195345c3396f7cf291c26dd8d847637c92378c125263bbf9c67b009bf,8df778c7c6047ad5699c0a1a0bac60362919054424ca73c6439be1800f21ea2a,8d7cc5de8633600c7acef3d0adef54d455c8e5b9afef365b0d31e031df554b70,/mnt/d/#PROJECT_RKNDIncECA/Related-key-mcp-attention-Inception-based-ND/analysis_data/lea_rkmp_controls_v1/analysis/lea128/r8/k2/seed201/run_config.json,/mnt/d/#PROJECT_RKNDIncECA/Related-key-mcp-attention-Inception-based-ND/analysis_data/lea_rkmp_controls_v1/analysis/lea128/r8/k2/seed201/protocol_validation.json,/mnt/d/#PROJECT_RKNDIncECA/Related-key-mcp-attention-Inception-based-ND/analysis_data/lea_rkmp_controls_v1/analysis/lea128/r8/k2/seed201/control_metadata.json,True,4.266386,53781152,22cdca9e708680690245386747bfcdbba8d2b050c7c53b2c4e1581c6d16a0a42,2026-07-17T13:26:51.079792+00:00,completed
lea_rkmp_controls_v1,analysis,LEA-128,lea128,cipher.lea,8,2,202,202,10000,128,128,0x00000000000000000000008000000080,0x00000000000000000000000200000000,94,msb0,delta_C||C||C_star,grouped,shared,uint8,"[10000, 2, 384]",/mnt/d/#PROJECT_RKNDIncECA/Related-key-mcp-attention-Inception-based-ND/analysis_data/lea_rkmp_controls_v1/analysis/lea128/r8/k2/seed202/D1_structured.npy,/mnt/d/#PROJECT_RKNDIncECA/Related-key-mcp-attention-Inception-based-ND/analysis_data/lea_rkmp_controls_v1/analysis/lea128/r8/k2/seed202/D0_null.npy,/mnt/d/#PROJECT_RKNDIncECA/Related-key-mcp-attention-Inception-based-ND/analysis_data/lea_rkmp_controls_v1/analysis/lea128/r8/k2/seed202/D1_labels.npy,/mnt/d/#PROJECT_RKNDIncECA/Related-key-mcp-attention-Inception-based-ND/analysis_data/lea_rkmp_controls_v1/analysis/lea128/r8/k2/seed202/D0_labels.npy,/mnt/d/#PROJECT_RKNDIncECA/Related-key-mcp-attention-Inception-based-ND/analysis_data/lea_rkmp_controls_v1/analysis/lea128/r8/k2/seed202/controls/D0_vs_D0/D0_control_a.npy,/mnt/d/#PROJECT_RKNDIncECA/Related-key-mcp-attention-Inception-based-ND/analysis_data/lea_rkmp_controls_v1/analysis/lea128/r8/k2/seed202/controls/D0_vs_D0/D0_control_b.npy,/mnt/d/#PROJECT_RKNDIncECA/Related-key-mcp-attention-Inception-based-ND/analysis_data/lea_rkmp_controls_v1/analysis/lea128/r8/k2/seed202/controls/D1_vs_D1/D1_control_a.npy,/mnt/d/#PROJECT_RKNDIncECA/Related-key-mcp-attention-Inception-based-ND/analysis_data/lea_rkmp_controls_v1/analysis/lea128/r8/k2/seed202/controls/D1_vs_D1/D1_control_b.npy,/mnt/d/#PROJECT_RKNDIncECA/Related-key-mcp-attention-Inception-based-ND/analysis_data/lea_rkmp_controls_v1/analysis/lea128/r8/k2/seed202/controls/pair_shuffled/D1_pair_shuffled.npy,75e95b518f7888cb3faf8a0fc32893b74c950dc262d533effeb9728877946f80,3c4a4789274e6481a2cb0a8b863624909bbf170977895a1d0cd5ee414f5379e9,76e9c5d35ff2749bc6c8e84491215526da1efc79368fe523c90896107048e7a4,168cc47f1bc7c3cecd6f8acf5ce138e2bda44b011018a5760d3b4e1c03d11bae,/mnt/d/#PROJECT_RKNDIncECA/Related-key-mcp-attention-Inception-based-ND/analysis_data/lea_rkmp_controls_v1/analysis/lea128/r8/k2/seed202/run_config.json,/mnt/d/#PROJECT_RKNDIncECA/Related-key-mcp-attention-Inception-based-ND/analysis_data/lea_rkmp_controls_v1/analysis/lea128/r8/k2/seed202/protocol_validation.json,/mnt/d/#PROJECT_RKNDIncECA/Related-key-mcp-attention-Inception-based-ND/analysis_data/lea_rkmp_controls_v1/analysis/lea128/r8/k2/seed202/control_metadata.json,True,4.252652,53781152,c231a93ff7e7c17717cb759dadba17105fd177af3089bbcce6ac3c0458d93be5,2026-07-17T13:26:55.392032+00:00,completed
lea_rkmp_controls_v1,analysis,LEA-128,lea128,cipher.lea,8,2,203,203,10000,128,128,0x00000000000000000000008000000080,0x00000000000000000000000200000000,94,msb0,delta_C||C||C_star,grouped,shared,uint8,"[10000, 2, 384]",/mnt/d/#PROJECT_RKNDIncECA/Related-key-mcp-attention-Inception-based-ND/analysis_data/lea_rkmp_controls_v1/analysis/lea128/r8/k2/seed203/D1_structured.npy,/mnt/d/#PROJECT_RKNDIncECA/Related-key-mcp-attention-Inception-based-ND/analysis_data/lea_rkmp_controls_v1/analysis/lea128/r8/k2/seed203/D0_null.npy,/mnt/d/#PROJECT_RKNDIncECA/Related-key-mcp-attention-Inception-based-ND/analysis_data/lea_rkmp_controls_v1/analysis/lea128/r8/k2/seed203/D1_labels.npy,/mnt/d/#PROJECT_RKNDIncECA/Related-key-mcp-attention-Inception-based-ND/analysis_data/lea_rkmp_controls_v1/analysis/lea128/r8/k2/seed203/D0_labels.npy,/mnt/d/#PROJECT_RKNDIncECA/Related-key-mcp-attention-Inception-based-ND/analysis_data/lea_rkmp_controls_v1/analysis/lea128/r8/k2/seed203/controls/D0_vs_D0/D0_control_a.npy,/mnt/d/#PROJECT_RKNDIncECA/Related-key-mcp-attention-Inception-based-ND/analysis_data/lea_rkmp_controls_v1/analysis/lea128/r8/k2/seed203/controls/D0_vs_D0/D0_control_b.npy,/mnt/d/#PROJECT_RKNDIncECA/Related-key-mcp-attention-Inception-based-ND/analysis_data/lea_rkmp_controls_v1/analysis/lea128/r8/k2/seed203/controls/D1_vs_D1/D1_control_a.npy,/mnt/d/#PROJECT_RKNDIncECA/Related-key-mcp-attention-Inception-based-ND/analysis_data/lea_rkmp_controls_v1/analysis/lea128/r8/k2/seed203/controls/D1_vs_D1/D1_control_b.npy,/mnt/d/#PROJECT_RKNDIncECA/Related-key-mcp-attention-Inception-based-ND/analysis_data/lea_rkmp_controls_v1/analysis/lea128/r8/k2/seed203/controls/pair_shuffled/D1_pair_shuffled.npy,cbb90fc05856b97b8267f0faff4b1dc9920b403782f06220040ececc7a153024,1f15f390772fdb9d2618501a81b56138c76456e6cf7c67808348f020b3387d2e,ac9fcf9841466020e9815f5e6229b13f0667e7c88b8736665a733b70409f880d,4131f88d8a3df4627375fe07143d59feda8b5823a7917416c20e3d790dd47edc,/mnt/d/#PROJECT_RKNDIncECA/Related-key-mcp-attention-Inception-based-ND/analysis_data/lea_rkmp_controls_v1/analysis/lea128/r8/k2/seed203/run_config.json,/mnt/d/#PROJECT_RKNDIncECA/Related-key-mcp-attention-Inception-based-ND/analysis_data/lea_rkmp_controls_v1/analysis/lea128/r8/k2/seed203/protocol_validation.json,/mnt/d/#PROJECT_RKNDIncECA/Related-key-mcp-attention-Inception-based-ND/analysis_data/lea_rkmp_controls_v1/analysis/lea128/r8/k2/seed203/control_metadata.json,True,4.383988,53781152,bca9b3b44074023f43cf1bc15db6dc820889e3682c5d2b730ed5a84a333b731f,2026-07-17T13:26:59.860587+00:00,completed
lea_rkmp_controls_v1,analysis,LEA-128,lea128,cipher.lea,8,4,201,201,10000,128,128,0x00000000000000000000008000000080,0x00000000000000000000000200000000,94,msb0,delta_C||C||C_star,grouped,shared,uint8,"[10000, 4, 384]",/mnt/d/#PROJECT_RKNDIncECA/Related-key-mcp-attention-Inception-based-ND/analysis_data/lea_rkmp_controls_v1/analysis/lea128/r8/k4/seed201/D1_structured.npy,/mnt/d/#PROJECT_RKNDIncECA/Related-key-mcp-attention-Inception-based-ND/analysis_data/lea_rkmp_controls_v1/analysis/lea128/r8/k4/seed201/D0_null.npy,/mnt/d/#PROJECT_RKNDIncECA/Related-key-mcp-attention-Inception-based-ND/analysis_data/lea_rkmp_controls_v1/analysis/lea128/r8/k4/seed201/D1_labels.npy,/mnt/d/#PROJECT_RKNDIncECA/Related-key-mcp-attention-Inception-based-ND/analysis_data/lea_rkmp_controls_v1/analysis/lea128/r8/k4/seed201/D0_labels.npy,/mnt/d/#PROJECT_RKNDIncECA/Related-key-mcp-attention-Inception-based-ND/analysis_data/lea_rkmp_controls_v1/analysis/lea128/r8/k4/seed201/controls/D0_vs_D0/D0_control_a.npy,/mnt/d/#PROJECT_RKNDIncECA/Related-key-mcp-attention-Inception-based-ND/analysis_data/lea_rkmp_controls_v1/analysis/lea128/r8/k4/seed201/controls/D0_vs_D0/D0_control_b.npy,/mnt/d/#PROJECT_RKNDIncECA/Related-key-mcp-attention-Inception-based-ND/analysis_data/lea_rkmp_controls_v1/analysis/lea128/r8/k4/seed201/controls/D1_vs_D1/D1_control_a.npy,/mnt/d/#PROJECT_RKNDIncECA/Related-key-mcp-attention-Inception-based-ND/analysis_data/lea_rkmp_controls_v1/analysis/lea128/r8/k4/seed201/controls/D1_vs_D1/D1_control_b.npy,/mnt/d/#PROJECT_RKNDIncECA/Related-key-mcp-attention-Inception-based-ND/analysis_data/lea_rkmp_controls_v1/analysis/lea128/r8/k4/seed201/controls/pair_shuffled/D1_pair_shuffled.npy,2f5778aa3e604ef2351db23a2addab0c719e4af234f6d0467669e1515d706dc0,c5f6ec86beac376bc5e9a375af79185cff6d445ad134b2056d919204cee52476,c2c0d08d6c2dac11eb70d01d83f8af66d6800bcfbe1b60d3735c5da5d1049096,e929b780489f1e262c9955e1070a36bb5a8917218e28224c9b24cf2cff156813,/mnt/d/#PROJECT_RKNDIncECA/Related-key-mcp-attention-Inception-based-ND/analysis_data/lea_rkmp_controls_v1/analysis/lea128/r8/k4/seed201/run_config.json,/mnt/d/#PROJECT_RKNDIncECA/Related-key-mcp-attention-Inception-based-ND/analysis_data/lea_rkmp_controls_v1/analysis/lea128/r8/k4/seed201/protocol_validation.json,/mnt/d/#PROJECT_RKNDIncECA/Related-key-mcp-attention-Inception-based-ND/analysis_data/lea_rkmp_controls_v1/analysis/lea128/r8/k4/seed201/control_metadata.json,True,7.871385,107541152,e7f6cae5cb289945f1f39f0844b458ba00b9382694778963222b7fac81693b9e,2026-07-17T13:27:07.807757+00:00,completed
lea_rkmp_controls_v1,analysis,LEA-128,lea128,cipher.lea,8,4,202,202,10000,128,128,0x00000000000000000000008000000080,0x00000000000000000000000200000000,94,msb0,delta_C||C||C_star,grouped,shared,uint8,"[10000, 4, 384]",/mnt/d/#PROJECT_RKNDIncECA/Related-key-mcp-attention-Inception-based-ND/analysis_data/lea_rkmp_controls_v1/analysis/lea128/r8/k4/seed202/D1_structured.npy,/mnt/d/#PROJECT_RKNDIncECA/Related-key-mcp-attention-Inception-based-ND/analysis_data/lea_rkmp_controls_v1/analysis/lea128/r8/k4/seed202/D0_null.npy,/mnt/d/#PROJECT_RKNDIncECA/Related-key-mcp-attention-Inception-based-ND/analysis_data/lea_rkmp_controls_v1/analysis/lea128/r8/k4/seed202/D1_labels.npy,/mnt/d/#PROJECT_RKNDIncECA/Related-key-mcp-attention-Inception-based-ND/analysis_data/lea_rkmp_controls_v1/analysis/lea128/r8/k4/seed202/D0_labels.npy,/mnt/d/#PROJECT_RKNDIncECA/Related-key-mcp-attention-Inception-based-ND/analysis_data/lea_rkmp_controls_v1/analysis/lea128/r8/k4/seed202/controls/D0_vs_D0/D0_control_a.npy,/mnt/d/#PROJECT_RKNDIncECA/Related-key-mcp-attention-Inception-based-ND/analysis_data/lea_rkmp_controls_v1/analysis/lea128/r8/k4/seed202/controls/D0_vs_D0/D0_control_b.npy,/mnt/d/#PROJECT_RKNDIncECA/Related-key-mcp-attention-Inception-based-ND/analysis_data/lea_rkmp_controls_v1/analysis/lea128/r8/k4/seed202/controls/D1_vs_D1/D1_control_a.npy,/mnt/d/#PROJECT_RKNDIncECA/Related-key-mcp-attention-Inception-based-ND/analysis_data/lea_rkmp_controls_v1/analysis/lea128/r8/k4/seed202/controls/D1_vs_D1/D1_control_b.npy,/mnt/d/#PROJECT_RKNDIncECA/Related-key-mcp-attention-Inception-based-ND/analysis_data/lea_rkmp_controls_v1/analysis/lea128/r8/k4/seed202/controls/pair_shuffled/D1_pair_shuffled.npy,f56e154aab88b900374221d9c779dfc55ef922bffe24c5a6fed89c26d3f63b50,19c258640dab0c0c11ef703cae656eb46fcaa7750bb852fbc7894b4b1db1a582,56c1fcd9888277fe0f79060fa3013236bfd8d2cfd91701613646e36975a7321f,1d1c5b870eb9f222a6b0ccd943bcbf35d2cdf7ca1cc9c60edfff273115f9b120,/mnt/d/#PROJECT_RKNDIncECA/Related-key-mcp-attention-Inception-based-ND/analysis_data/lea_rkmp_controls_v1/analysis/lea128/r8/k4/seed202/run_config.json,/mnt/d/#PROJECT_RKNDIncECA/Related-key-mcp-attention-Inception-based-ND/analysis_data/lea_rkmp_controls_v1/analysis/lea128/r8/k4/seed202/protocol_validation.json,/mnt/d/#PROJECT_RKNDIncECA/Related-key-mcp-attention-Inception-based-ND/analysis_data/lea_rkmp_controls_v1/analysis/lea128/r8/k4/seed202/control_metadata.json,True,7.161814,107541152,1c0b216a199d661347ee4b5233bef43027c0e6e412e4a835e5495d1cc3ed393c,2026-07-17T13:27:15.023415+00:00,completed
lea_rkmp_controls_v1,analysis,LEA-128,lea128,cipher.lea,8,4,203,203,10000,128,128,0x00000000000000000000008000000080,0x00000000000000000000000200000000,94,msb0,delta_C||C||C_star,grouped,shared,uint8,"[10000, 4, 384]",/mnt/d/#PROJECT_RKNDIncECA/Related-key-mcp-attention-Inception-based-ND/analysis_data/lea_rkmp_controls_v1/analysis/lea128/r8/k4/seed203/D1_structured.npy,/mnt/d/#PROJECT_RKNDIncECA/Related-key-mcp-attention-Inception-based-ND/analysis_data/lea_rkmp_controls_v1/analysis/lea128/r8/k4/seed203/D0_null.npy,/mnt/d/#PROJECT_RKNDIncECA/Related-key-mcp-attention-Inception-based-ND/analysis_data/lea_rkmp_controls_v1/analysis/lea128/r8/k4/seed203/D1_labels.npy,/mnt/d/#PROJECT_RKNDIncECA/Related-key-mcp-attention-Inception-based-ND/analysis_data/lea_rkmp_controls_v1/analysis/lea128/r8/k4/seed203/D0_labels.npy,/mnt/d/#PROJECT_RKNDIncECA/Related-key-mcp-attention-Inception-based-ND/analysis_data/lea_rkmp_controls_v1/analysis/lea128/r8/k4/seed203/controls/D0_vs_D0/D0_control_a.npy,/mnt/d/#PROJECT_RKNDIncECA/Related-key-mcp-attention-Inception-based-ND/analysis_data/lea_rkmp_controls_v1/analysis/lea128/r8/k4/seed203/controls/D0_vs_D0/D0_control_b.npy,/mnt/d/#PROJECT_RKNDIncECA/Related-key-mcp-attention-Inception-based-ND/analysis_data/lea_rkmp_controls_v1/analysis/lea128/r8/k4/seed203/controls/D1_vs_D1/D1_control_a.npy,/mnt/d/#PROJECT_RKNDIncECA/Related-key-mcp-attention-Inception-based-ND/analysis_data/lea_rkmp_controls_v1/analysis/lea128/r8/k4/seed203/controls/D1_vs_D1/D1_control_b.npy,/mnt/d/#PROJECT_RKNDIncECA/Related-key-mcp-attention-Inception-based-ND/analysis_data/lea_rkmp_controls_v1/analysis/lea128/r8/k4/seed203/controls/pair_shuffled/D1_pair_shuffled.npy,ab57ed89c75a07a335ead1ef129f02418ce1419d5c893c7ac78e06171399ed0e,3aa080f51ae6162874fa030c7a4a2e592cb82aa51b91f5895bcef123f65eadde,df05c2f85b5e25f0f6c3fc48853535b4ac3df88d05625c7f2709cc9f4b8f9bc6,bc723dd99fdea63cc05a97d1adc3441f89b0dc340277f78bfee5123e0782bf31,/mnt/d/#PROJECT_RKNDIncECA/Related-key-mcp-attention-Inception-based-ND/analysis_data/lea_rkmp_controls_v1/analysis/lea128/r8/k4/seed203/run_config.json,/mnt/d/#PROJECT_RKNDIncECA/Related-key-mcp-attention-Inception-based-ND/analysis_data/lea_rkmp_controls_v1/analysis/lea128/r8/k4/seed203/protocol_validation.json,/mnt/d/#PROJECT_RKNDIncECA/Related-key-mcp-attention-Inception-based-ND/analysis_data/lea_rkmp_controls_v1/analysis/lea128/r8/k4/seed203/control_metadata.json,True,7.407155,107541152,a06186446989157cb285da38a344dd73da3f8fe1fd413ad0f5a3fe297f4d9521,2026-07-17T13:27:26.077279+00:00,completed
lea_rkmp_controls_v1,analysis,LEA-128,lea128,cipher.lea,8,8,201,201,10000,128,128,0x00000000000000000000008000000080,0x00000000000000000000000200000000,94,msb0,delta_C||C||C_star,grouped,shared,uint8,"[10000, 8, 384]",/mnt/d/#PROJECT_RKNDIncECA/Related-key-mcp-attention-Inception-based-ND/analysis_data/lea_rkmp_controls_v1/analysis/lea128/r8/k8/seed201/D1_structured.npy,/mnt/d/#PROJECT_RKNDIncECA/Related-key-mcp-attention-Inception-based-ND/analysis_data/lea_rkmp_controls_v1/analysis/lea128/r8/k8/seed201/D0_null.npy,/mnt/d/#PROJECT_RKNDIncECA/Related-key-mcp-attention-Inception-based-ND/analysis_data/lea_rkmp_controls_v1/analysis/lea128/r8/k8/seed201/D1_labels.npy,/mnt/d/#PROJECT_RKNDIncECA/Related-key-mcp-attention-Inception-based-ND/analysis_data/lea_rkmp_controls_v1/analysis/lea128/r8/k8/seed201/D0_labels.npy,/mnt/d/#PROJECT_RKNDIncECA/Related-key-mcp-attention-Inception-based-ND/analysis_data/lea_rkmp_controls_v1/analysis/lea128/r8/k8/seed201/controls/D0_vs_D0/D0_control_a.npy,/mnt/d/#PROJECT_RKNDIncECA/Related-key-mcp-attention-Inception-based-ND/analysis_data/lea_rkmp_controls_v1/analysis/lea128/r8/k8/seed201/controls/D0_vs_D0/D0_control_b.npy,/mnt/d/#PROJECT_RKNDIncECA/Related-key-mcp-attention-Inception-based-ND/analysis_data/lea_rkmp_controls_v1/analysis/lea128/r8/k8/seed201/controls/D1_vs_D1/D1_control_a.npy,/mnt/d/#PROJECT_RKNDIncECA/Related-key-mcp-attention-Inception-based-ND/analysis_data/lea_rkmp_controls_v1/analysis/lea128/r8/k8/seed201/controls/D1_vs_D1/D1_control_b.npy,/mnt/d/#PROJECT_RKNDIncECA/Related-key-mcp-attention-Inception-based-ND/analysis_data/lea_rkmp_controls_v1/analysis/lea128/r8/k8/seed201/controls/pair_shuffled/D1_pair_shuffled.npy,0327092da10ba66a70632ef4d63c83ae51f8ca7eb0da4878c7e48979097d9284,ff8ed4621e92955d3d0f5867653f2d18b6a58d3f98f7d75ea00f4076b07ffec3,850887ef24f30b7a3a40dca85570e02d06c7b64b78d2b81b42a1a5f0f1d6d847,07b77fb9c8e7b26b6c2e1fca54458014a9ae09c2acb46d6b37e3dda954439107,/mnt/d/#PROJECT_RKNDIncECA/Related-key-mcp-attention-Inception-based-ND/analysis_data/lea_rkmp_controls_v1/analysis/lea128/r8/k8/seed201/run_config.json,/mnt/d/#PROJECT_RKNDIncECA/Related-key-mcp-attention-Inception-based-ND/analysis_data/lea_rkmp_controls_v1/analysis/lea128/r8/k8/seed201/protocol_validation.json,/mnt/d/#PROJECT_RKNDIncECA/Related-key-mcp-attention-Inception-based-ND/analysis_data/lea_rkmp_controls_v1/analysis/lea128/r8/k8/seed201/control_metadata.json,True,14.787523,215061152,5a077e848fa103994cd821bcb8cfd50d9d473335a545355dd48ae5dcc4d68276,2026-07-17T13:27:40.945137+00:00,completed
lea_rkmp_controls_v1,analysis,LEA-128,lea128,cipher.lea,8,8,202,202,10000,128,128,0x00000000000000000000008000000080,0x00000000000000000000000200000000,94,msb0,delta_C||C||C_star,grouped,shared,uint8,"[10000, 8, 384]",/mnt/d/#PROJECT_RKNDIncECA/Related-key-mcp-attention-Inception-based-ND/analysis_data/lea_rkmp_controls_v1/analysis/lea128/r8/k8/seed202/D1_structured.npy,/mnt/d/#PROJECT_RKNDIncECA/Related-key-mcp-attention-Inception-based-ND/analysis_data/lea_rkmp_controls_v1/analysis/lea128/r8/k8/seed202/D0_null.npy,/mnt/d/#PROJECT_RKNDIncECA/Related-key-mcp-attention-Inception-based-ND/analysis_data/lea_rkmp_controls_v1/analysis/lea128/r8/k8/seed202/D1_labels.npy,/mnt/d/#PROJECT_RKNDIncECA/Related-key-mcp-attention-Inception-based-ND/analysis_data/lea_rkmp_controls_v1/analysis/lea128/r8/k8/seed202/D0_labels.npy,/mnt/d/#PROJECT_RKNDIncECA/Related-key-mcp-attention-Inception-based-ND/analysis_data/lea_rkmp_controls_v1/analysis/lea128/r8/k8/seed202/controls/D0_vs_D0/D0_control_a.npy,/mnt/d/#PROJECT_RKNDIncECA/Related-key-mcp-attention-Inception-based-ND/analysis_data/lea_rkmp_controls_v1/analysis/lea128/r8/k8/seed202/controls/D0_vs_D0/D0_control_b.npy,/mnt/d/#PROJECT_RKNDIncECA/Related-key-mcp-attention-Inception-based-ND/analysis_data/lea_rkmp_controls_v1/analysis/lea128/r8/k8/seed202/controls/D1_vs_D1/D1_control_a.npy,/mnt/d/#PROJECT_RKNDIncECA/Related-key-mcp-attention-Inception-based-ND/analysis_data/lea_rkmp_controls_v1/analysis/lea128/r8/k8/seed202/controls/D1_vs_D1/D1_control_b.npy,/mnt/d/#PROJECT_RKNDIncECA/Related-key-mcp-attention-Inception-based-ND/analysis_data/lea_rkmp_controls_v1/analysis/lea128/r8/k8/seed202/controls/pair_shuffled/D1_pair_shuffled.npy,9bb095642b9faec6a04e1dbea38f0e81cb4dab4606db33909d1f36a294af0d04,4097678c59e23471444be6918f286b43b062a24b6fde0124c2590839a2bdccc7,3c650096fa4907a01d9c42469f8943123cbdded69a28bbc8efb9d0d81574e86c,fef187bcf8d86dddfb7521ad00048e2aebc0ef3fbc77999e91860c16785afa04,/mnt/d/#PROJECT_RKNDIncECA/Related-key-mcp-attention-Inception-based-ND/analysis_data/lea_rkmp_controls_v1/analysis/lea128/r8/k8/seed202/run_config.json,/mnt/d/#PROJECT_RKNDIncECA/Related-key-mcp-attention-Inception-based-ND/analysis_data/lea_rkmp_controls_v1/analysis/lea128/r8/k8/seed202/protocol_validation.json,/mnt/d/#PROJECT_RKNDIncECA/Related-key-mcp-attention-Inception-based-ND/analysis_data/lea_rkmp_controls_v1/analysis/lea128/r8/k8/seed202/control_metadata.json,True,15.680779,215061152,d0bdf209c4640749fc16ee94478cd0c6a170292e96ff2544dfd25ab42e981b38,2026-07-17T13:28:00.275835+00:00,completed
lea_rkmp_controls_v1,analysis,LEA-128,lea128,cipher.lea,8,8,203,203,10000,128,128,0x00000000000000000000008000000080,0x00000000000000000000000200000000,94,msb0,delta_C||C||C_star,grouped,shared,uint8,"[10000, 8, 384]",/mnt/d/#PROJECT_RKNDIncECA/Related-key-mcp-attention-Inception-based-ND/analysis_data/lea_rkmp_controls_v1/analysis/lea128/r8/k8/seed203/D1_structured.npy,/mnt/d/#PROJECT_RKNDIncECA/Related-key-mcp-attention-Inception-based-ND/analysis_data/lea_rkmp_controls_v1/analysis/lea128/r8/k8/seed203/D0_null.npy,/mnt/d/#PROJECT_RKNDIncECA/Related-key-mcp-attention-Inception-based-ND/analysis_data/lea_rkmp_controls_v1/analysis/lea128/r8/k8/seed203/D1_labels.npy,/mnt/d/#PROJECT_RKNDIncECA/Related-key-mcp-attention-Inception-based-ND/analysis_data/lea_rkmp_controls_v1/analysis/lea128/r8/k8/seed203/D0_labels.npy,/mnt/d/#PROJECT_RKNDIncECA/Related-key-mcp-attention-Inception-based-ND/analysis_data/lea_rkmp_controls_v1/analysis/lea128/r8/k8/seed203/controls/D0_vs_D0/D0_control_a.npy,/mnt/d/#PROJECT_RKNDIncECA/Related-key-mcp-attention-Inception-based-ND/analysis_data/lea_rkmp_controls_v1/analysis/lea128/r8/k8/seed203/controls/D0_vs_D0/D0_control_b.npy,/mnt/d/#PROJECT_RKNDIncECA/Related-key-mcp-attention-Inception-based-ND/analysis_data/lea_rkmp_controls_v1/analysis/lea128/r8/k8/seed203/controls/D1_vs_D1/D1_control_a.npy,/mnt/d/#PROJECT_RKNDIncECA/Related-key-mcp-attention-Inception-based-ND/analysis_data/lea_rkmp_controls_v1/analysis/lea128/r8/k8/seed203/controls/D1_vs_D1/D1_control_b.npy,/mnt/d/#PROJECT_RKNDIncECA/Related-key-mcp-attention-Inception-based-ND/analysis_data/lea_rkmp_controls_v1/analysis/lea128/r8/k8/seed203/controls/pair_shuffled/D1_pair_shuffled.npy,7f8459c44745d4665e069687842b262f51fa011d03568efc14f15af7129f6a25,919546f32fe0c6de0f2b55f42dbdbf2280f406a88d9356dc63d66e3df0a89734,128de476bc00a585f14a7d676d786d89cb2d77e2ecdedee256527ba24ea5abf4,95c11657794c329429308ed125fbf8437f8ab31243c1cad17c257b2ae12776f0,/mnt/d/#PROJECT_RKNDIncECA/Related-key-mcp-attention-Inception-based-ND/analysis_data/lea_rkmp_controls_v1/analysis/lea128/r8/k8/seed203/run_config.json,/mnt/d/#PROJECT_RKNDIncECA/Related-key-mcp-attention-Inception-based-ND/analysis_data/lea_rkmp_controls_v1/analysis/lea128/r8/k8/seed203/protocol_validation.json,/mnt/d/#PROJECT_RKNDIncECA/Related-key-mcp-attention-Inception-based-ND/analysis_data/lea_rkmp_controls_v1/analysis/lea128/r8/k8/seed203/control_metadata.json,True,14.681157,215061152,6b25120c6094efe9c26a01354d8fb22e3fc6b6fa13083306258e3306c98aa2f0,2026-07-17T13:28:15.024990+00:00,completed
lea_rkmp_controls_v1,analysis,LEA-128,lea128,cipher.lea,8,16,201,201,10000,128,128,0x00000000000000000000008000000080,0x00000000000000000000000200000000,94,msb0,delta_C||C||C_star,grouped,shared,uint8,"[10000, 16, 384]",/mnt/d/#PROJECT_RKNDIncECA/Related-key-mcp-attention-Inception-based-ND/analysis_data/lea_rkmp_controls_v1/analysis/lea128/r8/k16/seed201/D1_structured.npy,/mnt/d/#PROJECT_RKNDIncECA/Related-key-mcp-attention-Inception-based-ND/analysis_data/lea_rkmp_controls_v1/analysis/lea128/r8/k16/seed201/D0_null.npy,/mnt/d/#PROJECT_RKNDIncECA/Related-key-mcp-attention-Inception-based-ND/analysis_data/lea_rkmp_controls_v1/analysis/lea128/r8/k16/seed201/D1_labels.npy,/mnt/d/#PROJECT_RKNDIncECA/Related-key-mcp-attention-Inception-based-ND/analysis_data/lea_rkmp_controls_v1/analysis/lea128/r8/k16/seed201/D0_labels.npy,/mnt/d/#PROJECT_RKNDIncECA/Related-key-mcp-attention-Inception-based-ND/analysis_data/lea_rkmp_controls_v1/analysis/lea128/r8/k16/seed201/controls/D0_vs_D0/D0_control_a.npy,/mnt/d/#PROJECT_RKNDIncECA/Related-key-mcp-attention-Inception-based-ND/analysis_data/lea_rkmp_controls_v1/analysis/lea128/r8/k16/seed201/controls/D0_vs_D0/D0_control_b.npy,/mnt/d/#PROJECT_RKNDIncECA/Related-key-mcp-attention-Inception-based-ND/analysis_data/lea_rkmp_controls_v1/analysis/lea128/r8/k16/seed201/controls/D1_vs_D1/D1_control_a.npy,/mnt/d/#PROJECT_RKNDIncECA/Related-key-mcp-attention-Inception-based-ND/analysis_data/lea_rkmp_controls_v1/analysis/lea128/r8/k16/seed201/controls/D1_vs_D1/D1_control_b.npy,/mnt/d/#PROJECT_RKNDIncECA/Related-key-mcp-attention-Inception-based-ND/analysis_data/lea_rkmp_controls_v1/analysis/lea128/r8/k16/seed201/controls/pair_shuffled/D1_pair_shuffled.npy,4913b81efe3bdef7e3f669fb2aee5cd69a236345d6d257cfbede69eee3567fc5,dbe9fa835417e7179d9af4c8241c9f0082cd1b668bd0305c24b73b2ee368e995,445400ce42d6f1ff44164c91268ddfcbe5a38fa17f4231952b6b2026dff657fe,b0ba11b55a2b92feb5033bfc381b93d113ab15645681073d2260f451ce4153fb,/mnt/d/#PROJECT_RKNDIncECA/Related-key-mcp-attention-Inception-based-ND/analysis_data/lea_rkmp_controls_v1/analysis/lea128/r8/k16/seed201/run_config.json,/mnt/d/#PROJECT_RKNDIncECA/Related-key-mcp-attention-Inception-based-ND/analysis_data/lea_rkmp_controls_v1/analysis/lea128/r8/k16/seed201/protocol_validation.json,/mnt/d/#PROJECT_RKNDIncECA/Related-key-mcp-attention-Inception-based-ND/analysis_data/lea_rkmp_controls_v1/analysis/lea128/r8/k16/seed201/control_metadata.json,True,28.041154,430101152,28fefab943246ff5fc3d3cac5ab3be4d5dfb4a07de03554a753d1c70add25df4,2026-07-17T13:28:46.697611+00:00,completed
lea_rkmp_controls_v1,analysis,LEA-128,lea128,cipher.lea,8,16,202,202,10000,128,128,0x00000000000000000000008000000080,0x00000000000000000000000200000000,94,msb0,delta_C||C||C_star,grouped,shared,uint8,"[10000, 16, 384]",/mnt/d/#PROJECT_RKNDIncECA/Related-key-mcp-attention-Inception-based-ND/analysis_data/lea_rkmp_controls_v1/analysis/lea128/r8/k16/seed202/D1_structured.npy,/mnt/d/#PROJECT_RKNDIncECA/Related-key-mcp-attention-Inception-based-ND/analysis_data/lea_rkmp_controls_v1/analysis/lea128/r8/k16/seed202/D0_null.npy,/mnt/d/#PROJECT_RKNDIncECA/Related-key-mcp-attention-Inception-based-ND/analysis_data/lea_rkmp_controls_v1/analysis/lea128/r8/k16/seed202/D1_labels.npy,/mnt/d/#PROJECT_RKNDIncECA/Related-key-mcp-attention-Inception-based-ND/analysis_data/lea_rkmp_controls_v1/analysis/lea128/r8/k16/seed202/D0_labels.npy,/mnt/d/#PROJECT_RKNDIncECA/Related-key-mcp-attention-Inception-based-ND/analysis_data/lea_rkmp_controls_v1/analysis/lea128/r8/k16/seed202/controls/D0_vs_D0/D0_control_a.npy,/mnt/d/#PROJECT_RKNDIncECA/Related-key-mcp-attention-Inception-based-ND/analysis_data/lea_rkmp_controls_v1/analysis/lea128/r8/k16/seed202/controls/D0_vs_D0/D0_control_b.npy,/mnt/d/#PROJECT_RKNDIncECA/Related-key-mcp-attention-Inception-based-ND/analysis_data/lea_rkmp_controls_v1/analysis/lea128/r8/k16/seed202/controls/D1_vs_D1/D1_control_a.npy,/mnt/d/#PROJECT_RKNDIncECA/Related-key-mcp-attention-Inception-based-ND/analysis_data/lea_rkmp_controls_v1/analysis/lea128/r8/k16/seed202/controls/D1_vs_D1/D1_control_b.npy,/mnt/d/#PROJECT_RKNDIncECA/Related-key-mcp-attention-Inception-based-ND/analysis_data/lea_rkmp_controls_v1/analysis/lea128/r8/k16/seed202/controls/pair_shuffled/D1_pair_shuffled.npy,6bdb77af8d4c47612e3e6ea8f6dc079b6700ddcd49ccd2e557e7a7fcb02ca6fd,57a833be7dfb12fc0308fd384feb69cd1350719bf8de1fccca4a155cb82e68de,7392de52f27ed0708e59dcc0a99dd66bf45e20128a988354a790703310977987,4a256c8548be26c10646465bcaee292d6a3f0c77aaac0f7ccc35182ddb649761,/mnt/d/#PROJECT_RKNDIncECA/Related-key-mcp-attention-Inception-based-ND/analysis_data/lea_rkmp_controls_v1/analysis/lea128/r8/k16/seed202/run_config.json,/mnt/d/#PROJECT_RKNDIncECA/Related-key-mcp-attention-Inception-based-ND/analysis_data/lea_rkmp_controls_v1/analysis/lea128/r8/k16/seed202/protocol_validation.json,/mnt/d/#PROJECT_RKNDIncECA/Related-key-mcp-attention-Inception-based-ND/analysis_data/lea_rkmp_controls_v1/analysis/lea128/r8/k16/seed202/control_metadata.json,True,31.95911,430101152,29d791d2b661b21be91e7cac8b90eaf13ebc812672586917ae0766b2462fd776,2026-07-17T13:29:22.324837+00:00,completed
lea_rkmp_controls_v1,analysis,LEA-128,lea128,cipher.lea,8,16,203,203,10000,128,128,0x00000000000000000000008000000080,0x00000000000000000000000200000000,94,msb0,delta_C||C||C_star,grouped,shared,uint8,"[10000, 16, 384]",/mnt/d/#PROJECT_RKNDIncECA/Related-key-mcp-attention-Inception-based-ND/analysis_data/lea_rkmp_controls_v1/analysis/lea128/r8/k16/seed203/D1_structured.npy,/mnt/d/#PROJECT_RKNDIncECA/Related-key-mcp-attention-Inception-based-ND/analysis_data/lea_rkmp_controls_v1/analysis/lea128/r8/k16/seed203/D0_null.npy,/mnt/d/#PROJECT_RKNDIncECA/Related-key-mcp-attention-Inception-based-ND/analysis_data/lea_rkmp_controls_v1/analysis/lea128/r8/k16/seed203/D1_labels.npy,/mnt/d/#PROJECT_RKNDIncECA/Related-key-mcp-attention-Inception-based-ND/analysis_data/lea_rkmp_controls_v1/analysis/lea128/r8/k16/seed203/D0_labels.npy,/mnt/d/#PROJECT_RKNDIncECA/Related-key-mcp-attention-Inception-based-ND/analysis_data/lea_rkmp_controls_v1/analysis/lea128/r8/k16/seed203/controls/D0_vs_D0/D0_control_a.npy,/mnt/d/#PROJECT_RKNDIncECA/Related-key-mcp-attention-Inception-based-ND/analysis_data/lea_rkmp_controls_v1/analysis/lea128/r8/k16/seed203/controls/D0_vs_D0/D0_control_b.npy,/mnt/d/#PROJECT_RKNDIncECA/Related-key-mcp-attention-Inception-based-ND/analysis_data/lea_rkmp_controls_v1/analysis/lea128/r8/k16/seed203/controls/D1_vs_D1/D1_control_a.npy,/mnt/d/#PROJECT_RKNDIncECA/Related-key-mcp-attention-Inception-based-ND/analysis_data/lea_rkmp_controls_v1/analysis/lea128/r8/k16/seed203/controls/D1_vs_D1/D1_control_b.npy,/mnt/d/#PROJECT_RKNDIncECA/Related-key-mcp-attention-Inception-based-ND/analysis_data/lea_rkmp_controls_v1/analysis/lea128/r8/k16/seed203/controls/pair_shuffled/D1_pair_shuffled.npy,eaa146aca55c3c3e2fa2d89b8fcfed7cb303ca69b47d220d00eb77c5e37fb359,15081866097deb02d8669819e0fd7e607c661aeb859d33f0847e43afc6a9cee3,c06a3e776e18b93c8d6dcd53676aee34572db5332677bf8ea8afa7bd97b2efbe,1d49e6eecad0f832a5b57e8c59391a1915f7bee50bb766bc99eaa9abad464d71,/mnt/d/#PROJECT_RKNDIncECA/Related-key-mcp-attention-Inception-based-ND/analysis_data/lea_rkmp_controls_v1/analysis/lea128/r8/k16/seed203/run_config.json,/mnt/d/#PROJECT_RKNDIncECA/Related-key-mcp-attention-Inception-based-ND/analysis_data/lea_rkmp_controls_v1/analysis/lea128/r8/k16/seed203/protocol_validation.json,/mnt/d/#PROJECT_RKNDIncECA/Related-key-mcp-attention-Inception-based-ND/analysis_data/lea_rkmp_controls_v1/analysis/lea128/r8/k16/seed203/control_metadata.json,True,31.875734,430101152,e84a9f0df5f5228a4857e7b5416d00e4fef658ea78ab5875214dcf7d146e9946,2026-07-17T13:29:57.938161+00:00,completed
lea_rkmp_controls_v1,analysis,LEA-128,lea128,cipher.lea,8,32,201,201,10000,128,128,0x00000000000000000000008000000080,0x00000000000000000000000200000000,94,msb0,delta_C||C||C_star,grouped,shared,uint8,"[10000, 32, 384]",/mnt/d/#PROJECT_RKNDIncECA/Related-key-mcp-attention-Inception-based-ND/analysis_data/lea_rkmp_controls_v1/analysis/lea128/r8/k32/seed201/D1_structured.npy,/mnt/d/#PROJECT_RKNDIncECA/Related-key-mcp-attention-Inception-based-ND/analysis_data/lea_rkmp_controls_v1/analysis/lea128/r8/k32/seed201/D0_null.npy,/mnt/d/#PROJECT_RKNDIncECA/Related-key-mcp-attention-Inception-based-ND/analysis_data/lea_rkmp_controls_v1/analysis/lea128/r8/k32/seed201/D1_labels.npy,/mnt/d/#PROJECT_RKNDIncECA/Related-key-mcp-attention-Inception-based-ND/analysis_data/lea_rkmp_controls_v1/analysis/lea128/r8/k32/seed201/D0_labels.npy,/mnt/d/#PROJECT_RKNDIncECA/Related-key-mcp-attention-Inception-based-ND/analysis_data/lea_rkmp_controls_v1/analysis/lea128/r8/k32/seed201/controls/D0_vs_D0/D0_control_a.npy,/mnt/d/#PROJECT_RKNDIncECA/Related-key-mcp-attention-Inception-based-ND/analysis_data/lea_rkmp_controls_v1/analysis/lea128/r8/k32/seed201/controls/D0_vs_D0/D0_control_b.npy,/mnt/d/#PROJECT_RKNDIncECA/Related-key-mcp-attention-Inception-based-ND/analysis_data/lea_rkmp_controls_v1/analysis/lea128/r8/k32/seed201/controls/D1_vs_D1/D1_control_a.npy,/mnt/d/#PROJECT_RKNDIncECA/Related-key-mcp-attention-Inception-based-ND/analysis_data/lea_rkmp_controls_v1/analysis/lea128/r8/k32/seed201/controls/D1_vs_D1/D1_control_b.npy,/mnt/d/#PROJECT_RKNDIncECA/Related-key-mcp-attention-Inception-based-ND/analysis_data/lea_rkmp_controls_v1/analysis/lea128/r8/k32/seed201/controls/pair_shuffled/D1_pair_shuffled.npy,52a9f4a63e52b9b5b366e8e1ae6ab3842fe78011a42433444e1b1227a1245a4f,b298e7e8b104d0213119b64ac25ebd362dc38e9bc7065a05ee1d26db8a44a98c,14177d71b0c599e2db7cd5938f7657d79f6ab89a7b02e95083a6c0385e6593e9,fb92ee3a7881d8b673a7bd867c3db9c9cdcaca77cc161db9b855fad8f7522d40,/mnt/d/#PROJECT_RKNDIncECA/Related-key-mcp-attention-Inception-based-ND/analysis_data/lea_rkmp_controls_v1/analysis/lea128/r8/k32/seed201/run_config.json,/mnt/d/#PROJECT_RKNDIncECA/Related-key-mcp-attention-Inception-based-ND/analysis_data/lea_rkmp_controls_v1/analysis/lea128/r8/k32/seed201/protocol_validation.json,/mnt/d/#PROJECT_RKNDIncECA/Related-key-mcp-attention-Inception-based-ND/analysis_data/lea_rkmp_controls_v1/analysis/lea128/r8/k32/seed201/control_metadata.json,True,61.729826,860181152,60a14935577196e77d207bf8284cf56515d0f49d09ed0042c8698de1927b4689,2026-07-17T13:31:06.893327+00:00,completed
lea_rkmp_controls_v1,analysis,LEA-128,lea128,cipher.lea,8,32,202,202,10000,128,128,0x00000000000000000000008000000080,0x00000000000000000000000200000000,94,msb0,delta_C||C||C_star,grouped,shared,uint8,"[10000, 32, 384]",/mnt/d/#PROJECT_RKNDIncECA/Related-key-mcp-attention-Inception-based-ND/analysis_data/lea_rkmp_controls_v1/analysis/lea128/r8/k32/seed202/D1_structured.npy,/mnt/d/#PROJECT_RKNDIncECA/Related-key-mcp-attention-Inception-based-ND/analysis_data/lea_rkmp_controls_v1/analysis/lea128/r8/k32/seed202/D0_null.npy,/mnt/d/#PROJECT_RKNDIncECA/Related-key-mcp-attention-Inception-based-ND/analysis_data/lea_rkmp_controls_v1/analysis/lea128/r8/k32/seed202/D1_labels.npy,/mnt/d/#PROJECT_RKNDIncECA/Related-key-mcp-attention-Inception-based-ND/analysis_data/lea_rkmp_controls_v1/analysis/lea128/r8/k32/seed202/D0_labels.npy,/mnt/d/#PROJECT_RKNDIncECA/Related-key-mcp-attention-Inception-based-ND/analysis_data/lea_rkmp_controls_v1/analysis/lea128/r8/k32/seed202/controls/D0_vs_D0/D0_control_a.npy,/mnt/d/#PROJECT_RKNDIncECA/Related-key-mcp-attention-Inception-based-ND/analysis_data/lea_rkmp_controls_v1/analysis/lea128/r8/k32/seed202/controls/D0_vs_D0/D0_control_b.npy,/mnt/d/#PROJECT_RKNDIncECA/Related-key-mcp-attention-Inception-based-ND/analysis_data/lea_rkmp_controls_v1/analysis/lea128/r8/k32/seed202/controls/D1_vs_D1/D1_control_a.npy,/mnt/d/#PROJECT_RKNDIncECA/Related-key-mcp-attention-Inception-based-ND/analysis_data/lea_rkmp_controls_v1/analysis/lea128/r8/k32/seed202/controls/D1_vs_D1/D1_control_b.npy,/mnt/d/#PROJECT_RKNDIncECA/Related-key-mcp-attention-Inception-based-ND/analysis_data/lea_rkmp_controls_v1/analysis/lea128/r8/k32/seed202/controls/pair_shuffled/D1_pair_shuffled.npy,5de1b21982d138d0b6ddb44c365b31e4d3f6236cbd96592d06d920637f078465,670f1c8cd0612e5ee46bcb1e020820760b08c9fe512a41110a1621dda0118012,233d6cb61ddb626482a59c7b3c68011b62a26fb8f0c384e8a395fff778e72703,2f954449a9a798bd6fa096ceb3da394f82b14a993862ee5f787cc815d8368729,/mnt/d/#PROJECT_RKNDIncECA/Related-key-mcp-attention-Inception-based-ND/analysis_data/lea_rkmp_controls_v1/analysis/lea128/r8/k32/seed202/run_config.json,/mnt/d/#PROJECT_RKNDIncECA/Related-key-mcp-attention-Inception-based-ND/analysis_data/lea_rkmp_controls_v1/analysis/lea128/r8/k32/seed202/protocol_validation.json,/mnt/d/#PROJECT_RKNDIncECA/Related-key-mcp-attention-Inception-based-ND/analysis_data/lea_rkmp_controls_v1/analysis/lea128/r8/k32/seed202/control_metadata.json,True,58.701044,860181152,0700ea33f5419b3d30a52fdbac2cd25c976ce938198510e7f2af5e4448b67afc,2026-07-17T13:32:12.830985+00:00,completed
lea_rkmp_controls_v1,analysis,LEA-128,lea128,cipher.lea,8,32,203,203,10000,128,128,0x00000000000000000000008000000080,0x00000000000000000000000200000000,94,msb0,delta_C||C||C_star,grouped,shared,uint8,"[10000, 32, 384]",/mnt/d/#PROJECT_RKNDIncECA/Related-key-mcp-attention-Inception-based-ND/analysis_data/lea_rkmp_controls_v1/analysis/lea128/r8/k32/seed203/D1_structured.npy,/mnt/d/#PROJECT_RKNDIncECA/Related-key-mcp-attention-Inception-based-ND/analysis_data/lea_rkmp_controls_v1/analysis/lea128/r8/k32/seed203/D0_null.npy,/mnt/d/#PROJECT_RKNDIncECA/Related-key-mcp-attention-Inception-based-ND/analysis_data/lea_rkmp_controls_v1/analysis/lea128/r8/k32/seed203/D1_labels.npy,/mnt/d/#PROJECT_RKNDIncECA/Related-key-mcp-attention-Inception-based-ND/analysis_data/lea_rkmp_controls_v1/analysis/lea128/r8/k32/seed203/D0_labels.npy,/mnt/d/#PROJECT_RKNDIncECA/Related-key-mcp-attention-Inception-based-ND/analysis_data/lea_rkmp_controls_v1/analysis/lea128/r8/k32/seed203/controls/D0_vs_D0/D0_control_a.npy,/mnt/d/#PROJECT_RKNDIncECA/Related-key-mcp-attention-Inception-based-ND/analysis_data/lea_rkmp_controls_v1/analysis/lea128/r8/k32/seed203/controls/D0_vs_D0/D0_control_b.npy,/mnt/d/#PROJECT_RKNDIncECA/Related-key-mcp-attention-Inception-based-ND/analysis_data/lea_rkmp_controls_v1/analysis/lea128/r8/k32/seed203/controls/D1_vs_D1/D1_control_a.npy,/mnt/d/#PROJECT_RKNDIncECA/Related-key-mcp-attention-Inception-based-ND/analysis_data/lea_rkmp_controls_v1/analysis/lea128/r8/k32/seed203/controls/D1_vs_D1/D1_control_b.npy,/mnt/d/#PROJECT_RKNDIncECA/Related-key-mcp-attention-Inception-based-ND/analysis_data/lea_rkmp_controls_v1/analysis/lea128/r8/k32/seed203/controls/pair_shuffled/D1_pair_shuffled.npy,5e1ca720f79bca8b7c3f8613358b1434646ebdb33f00bfead1c5d8926e88510e,1fc13036ed54df4890715b42727352efc2ccb64c0974a1dc3f3edd84f967e4bf,4c47fb775ae761bafbcd667397b22adae456bc9cdbb0e93f567a64faab7cf84f,29ff087196fb8d61730912b367a1a40a1e46af8b713e82f089e1ca7ad59a27c7,/mnt/d/#PROJECT_RKNDIncECA/Related-key-mcp-attention-Inception-based-ND/analysis_data/lea_rkmp_controls_v1/analysis/lea128/r8/k32/seed203/run_config.json,/mnt/d/#PROJECT_RKNDIncECA/Related-key-mcp-attention-Inception-based-ND/analysis_data/lea_rkmp_controls_v1/analysis/lea128/r8/k32/seed203/protocol_validation.json,/mnt/d/#PROJECT_RKNDIncECA/Related-key-mcp-attention-Inception-based-ND/analysis_data/lea_rkmp_controls_v1/analysis/lea128/r8/k32/seed203/control_metadata.json,True,54.03466,860181152,0cbd86a715c537ee661738cc822644665fdee054a0553dee509cb596f20350be,2026-07-17T13:33:10.788613+00:00,completed
lea_rkmp_controls_v1,analysis,LEA-128,lea128,cipher.lea,9,1,201,201,10000,128,128,0x00000000000000000000008000000080,0x00000000000000000000000200000000,94,msb0,delta_C||C||C_star,grouped,shared,uint8,"[10000, 1, 384]",/mnt/d/#PROJECT_RKNDIncECA/Related-key-mcp-attention-Inception-based-ND/analysis_data/lea_rkmp_controls_v1/analysis/lea128/r9/k1/seed201/D1_structured.npy,/mnt/d/#PROJECT_RKNDIncECA/Related-key-mcp-attention-Inception-based-ND/analysis_data/lea_rkmp_controls_v1/analysis/lea128/r9/k1/seed201/D0_null.npy,/mnt/d/#PROJECT_RKNDIncECA/Related-key-mcp-attention-Inception-based-ND/analysis_data/lea_rkmp_controls_v1/analysis/lea128/r9/k1/seed201/D1_labels.npy,/mnt/d/#PROJECT_RKNDIncECA/Related-key-mcp-attention-Inception-based-ND/analysis_data/lea_rkmp_controls_v1/analysis/lea128/r9/k1/seed201/D0_labels.npy,/mnt/d/#PROJECT_RKNDIncECA/Related-key-mcp-attention-Inception-based-ND/analysis_data/lea_rkmp_controls_v1/analysis/lea128/r9/k1/seed201/controls/D0_vs_D0/D0_control_a.npy,/mnt/d/#PROJECT_RKNDIncECA/Related-key-mcp-attention-Inception-based-ND/analysis_data/lea_rkmp_controls_v1/analysis/lea128/r9/k1/seed201/controls/D0_vs_D0/D0_control_b.npy,/mnt/d/#PROJECT_RKNDIncECA/Related-key-mcp-attention-Inception-based-ND/analysis_data/lea_rkmp_controls_v1/analysis/lea128/r9/k1/seed201/controls/D1_vs_D1/D1_control_a.npy,/mnt/d/#PROJECT_RKNDIncECA/Related-key-mcp-attention-Inception-based-ND/analysis_data/lea_rkmp_controls_v1/analysis/lea128/r9/k1/seed201/controls/D1_vs_D1/D1_control_b.npy,/mnt/d/#PROJECT_RKNDIncECA/Related-key-mcp-attention-Inception-based-ND/analysis_data/lea_rkmp_controls_v1/analysis/lea128/r9/k1/seed201/controls/pair_shuffled/D1_pair_shuffled.npy,e6314ce5c1b2dcaeb978e1ed20caefe2b936a23600fefef3bd3f033d7c04629a,474cef632339a0fa0ed0c05d811c9f55f7b15a785836e7f6bd0ba541dfe7a705,159c2af9f72da658b3908f990f153713e5099cc58e6aa9b17108e7e2ee1cdc44,0db19cc7f5afa561594134bfbdaec3d07d4927fdfb93b921387925ffb24e144d,/mnt/d/#PROJECT_RKNDIncECA/Related-key-mcp-attention-Inception-based-ND/analysis_data/lea_rkmp_controls_v1/analysis/lea128/r9/k1/seed201/run_config.json,/mnt/d/#PROJECT_RKNDIncECA/Related-key-mcp-attention-Inception-based-ND/analysis_data/lea_rkmp_controls_v1/analysis/lea128/r9/k1/seed201/protocol_validation.json,/mnt/d/#PROJECT_RKNDIncECA/Related-key-mcp-attention-Inception-based-ND/analysis_data/lea_rkmp_controls_v1/analysis/lea128/r9/k1/seed201/control_metadata.json,True,1.886348,26901152,81055d9f8188cfffbb8fec143f178f18f484a7d5ec2efcb860abf23fc14fd42e,2026-07-17T13:33:12.734000+00:00,completed
lea_rkmp_controls_v1,analysis,LEA-128,lea128,cipher.lea,9,1,202,202,10000,128,128,0x00000000000000000000008000000080,0x00000000000000000000000200000000,94,msb0,delta_C||C||C_star,grouped,shared,uint8,"[10000, 1, 384]",/mnt/d/#PROJECT_RKNDIncECA/Related-key-mcp-attention-Inception-based-ND/analysis_data/lea_rkmp_controls_v1/analysis/lea128/r9/k1/seed202/D1_structured.npy,/mnt/d/#PROJECT_RKNDIncECA/Related-key-mcp-attention-Inception-based-ND/analysis_data/lea_rkmp_controls_v1/analysis/lea128/r9/k1/seed202/D0_null.npy,/mnt/d/#PROJECT_RKNDIncECA/Related-key-mcp-attention-Inception-based-ND/analysis_data/lea_rkmp_controls_v1/analysis/lea128/r9/k1/seed202/D1_labels.npy,/mnt/d/#PROJECT_RKNDIncECA/Related-key-mcp-attention-Inception-based-ND/analysis_data/lea_rkmp_controls_v1/analysis/lea128/r9/k1/seed202/D0_labels.npy,/mnt/d/#PROJECT_RKNDIncECA/Related-key-mcp-attention-Inception-based-ND/analysis_data/lea_rkmp_controls_v1/analysis/lea128/r9/k1/seed202/controls/D0_vs_D0/D0_control_a.npy,/mnt/d/#PROJECT_RKNDIncECA/Related-key-mcp-attention-Inception-based-ND/analysis_data/lea_rkmp_controls_v1/analysis/lea128/r9/k1/seed202/controls/D0_vs_D0/D0_control_b.npy,/mnt/d/#PROJECT_RKNDIncECA/Related-key-mcp-attention-Inception-based-ND/analysis_data/lea_rkmp_controls_v1/analysis/lea128/r9/k1/seed202/controls/D1_vs_D1/D1_control_a.npy,/mnt/d/#PROJECT_RKNDIncECA/Related-key-mcp-attention-Inception-based-ND/analysis_data/lea_rkmp_controls_v1/analysis/lea128/r9/k1/seed202/controls/D1_vs_D1/D1_control_b.npy,/mnt/d/#PROJECT_RKNDIncECA/Related-key-mcp-attention-Inception-based-ND/analysis_data/lea_rkmp_controls_v1/analysis/lea128/r9/k1/seed202/controls/pair_shuffled/D1_pair_shuffled.npy,6b4e8b2394400c6ab1b1d4493308569edc45361847278d5a292cf9fc033ce782,61e1e26cbaff4c8e5847bef8efb9d83cc1dc2c057fc06b6efea99403aac52cb2,b321d78d95159c5c34bf575af99376fb1ae75b2b0b594388f70d635372ba91a5,06cc2ae2a7a7eab5e9a951021ed61b63d61377b5f4338914b27068a589f13014,/mnt/d/#PROJECT_RKNDIncECA/Related-key-mcp-attention-Inception-based-ND/analysis_data/lea_rkmp_controls_v1/analysis/lea128/r9/k1/seed202/run_config.json,/mnt/d/#PROJECT_RKNDIncECA/Related-key-mcp-attention-Inception-based-ND/analysis_data/lea_rkmp_controls_v1/analysis/lea128/r9/k1/seed202/protocol_validation.json,/mnt/d/#PROJECT_RKNDIncECA/Related-key-mcp-attention-Inception-based-ND/analysis_data/lea_rkmp_controls_v1/analysis/lea128/r9/k1/seed202/control_metadata.json,True,1.905007,26901152,0f2c1c9968c566b2099a2302fd94105abcd83c91db48cf0440aaa6c03edf027b,2026-07-17T13:33:14.707270+00:00,completed
lea_rkmp_controls_v1,analysis,LEA-128,lea128,cipher.lea,9,1,203,203,10000,128,128,0x00000000000000000000008000000080,0x00000000000000000000000200000000,94,msb0,delta_C||C||C_star,grouped,shared,uint8,"[10000, 1, 384]",/mnt/d/#PROJECT_RKNDIncECA/Related-key-mcp-attention-Inception-based-ND/analysis_data/lea_rkmp_controls_v1/analysis/lea128/r9/k1/seed203/D1_structured.npy,/mnt/d/#PROJECT_RKNDIncECA/Related-key-mcp-attention-Inception-based-ND/analysis_data/lea_rkmp_controls_v1/analysis/lea128/r9/k1/seed203/D0_null.npy,/mnt/d/#PROJECT_RKNDIncECA/Related-key-mcp-attention-Inception-based-ND/analysis_data/lea_rkmp_controls_v1/analysis/lea128/r9/k1/seed203/D1_labels.npy,/mnt/d/#PROJECT_RKNDIncECA/Related-key-mcp-attention-Inception-based-ND/analysis_data/lea_rkmp_controls_v1/analysis/lea128/r9/k1/seed203/D0_labels.npy,/mnt/d/#PROJECT_RKNDIncECA/Related-key-mcp-attention-Inception-based-ND/analysis_data/lea_rkmp_controls_v1/analysis/lea128/r9/k1/seed203/controls/D0_vs_D0/D0_control_a.npy,/mnt/d/#PROJECT_RKNDIncECA/Related-key-mcp-attention-Inception-based-ND/analysis_data/lea_rkmp_controls_v1/analysis/lea128/r9/k1/seed203/controls/D0_vs_D0/D0_control_b.npy,/mnt/d/#PROJECT_RKNDIncECA/Related-key-mcp-attention-Inception-based-ND/analysis_data/lea_rkmp_controls_v1/analysis/lea128/r9/k1/seed203/controls/D1_vs_D1/D1_control_a.npy,/mnt/d/#PROJECT_RKNDIncECA/Related-key-mcp-attention-Inception-based-ND/analysis_data/lea_rkmp_controls_v1/analysis/lea128/r9/k1/seed203/controls/D1_vs_D1/D1_control_b.npy,/mnt/d/#PROJECT_RKNDIncECA/Related-key-mcp-attention-Inception-based-ND/analysis_data/lea_rkmp_controls_v1/analysis/lea128/r9/k1/seed203/controls/pair_shuffled/D1_pair_shuffled.npy,db172822692f3f322da684cf11314cd6ba46f305bd9a9c936712b2b870d490e7,9ffa8815bfbed0c4236740ab51d708f09d12019b292289765080ce49e8f5044e,bf95cea2983ada73d19e3026a7e24ca9c55dac519c543be291d40efca77d6c57,3bb9986062e6d0d3305699526e2b9b81e30a802ff4f0e21cfa5769c1ccbb66ec,/mnt/d/#PROJECT_RKNDIncECA/Related-key-mcp-attention-Inception-based-ND/analysis_data/lea_rkmp_controls_v1/analysis/lea128/r9/k1/seed203/run_config.json,/mnt/d/#PROJECT_RKNDIncECA/Related-key-mcp-attention-Inception-based-ND/analysis_data/lea_rkmp_controls_v1/analysis/lea128/r9/k1/seed203/protocol_validation.json,/mnt/d/#PROJECT_RKNDIncECA/Related-key-mcp-attention-Inception-based-ND/analysis_data/lea_rkmp_controls_v1/analysis/lea128/r9/k1/seed203/control_metadata.json,True,2.002013,26901152,71f589a20d7258ced9f3666be0afe615fab53317c2c09321a8d0af40c4207e3d,2026-07-17T13:33:20.322968+00:00,completed
lea_rkmp_controls_v1,analysis,LEA-128,lea128,cipher.lea,9,2,201,201,10000,128,128,0x00000000000000000000008000000080,0x00000000000000000000000200000000,94,msb0,delta_C||C||C_star,grouped,shared,uint8,"[10000, 2, 384]",/mnt/d/#PROJECT_RKNDIncECA/Related-key-mcp-attention-Inception-based-ND/analysis_data/lea_rkmp_controls_v1/analysis/lea128/r9/k2/seed201/D1_structured.npy,/mnt/d/#PROJECT_RKNDIncECA/Related-key-mcp-attention-Inception-based-ND/analysis_data/lea_rkmp_controls_v1/analysis/lea128/r9/k2/seed201/D0_null.npy,/mnt/d/#PROJECT_RKNDIncECA/Related-key-mcp-attention-Inception-based-ND/analysis_data/lea_rkmp_controls_v1/analysis/lea128/r9/k2/seed201/D1_labels.npy,/mnt/d/#PROJECT_RKNDIncECA/Related-key-mcp-attention-Inception-based-ND/analysis_data/lea_rkmp_controls_v1/analysis/lea128/r9/k2/seed201/D0_labels.npy,/mnt/d/#PROJECT_RKNDIncECA/Related-key-mcp-attention-Inception-based-ND/analysis_data/lea_rkmp_controls_v1/analysis/lea128/r9/k2/seed201/controls/D0_vs_D0/D0_control_a.npy,/mnt/d/#PROJECT_RKNDIncECA/Related-key-mcp-attention-Inception-based-ND/analysis_data/lea_rkmp_controls_v1/analysis/lea128/r9/k2/seed201/controls/D0_vs_D0/D0_control_b.npy,/mnt/d/#PROJECT_RKNDIncECA/Related-key-mcp-attention-Inception-based-ND/analysis_data/lea_rkmp_controls_v1/analysis/lea128/r9/k2/seed201/controls/D1_vs_D1/D1_control_a.npy,/mnt/d/#PROJECT_RKNDIncECA/Related-key-mcp-attention-Inception-based-ND/analysis_data/lea_rkmp_controls_v1/analysis/lea128/r9/k2/seed201/controls/D1_vs_D1/D1_control_b.npy,/mnt/d/#PROJECT_RKNDIncECA/Related-key-mcp-attention-Inception-based-ND/analysis_data/lea_rkmp_controls_v1/analysis/lea128/r9/k2/seed201/controls/pair_shuffled/D1_pair_shuffled.npy,c002e58f2467d0bc4495d1a8636fed6bf963c782ac8b49ffc19f25e8a6dee6a0,bd7fddcd7ab01fddda1255901d67611c7c7b5970953c50932eb29cfde5951b70,edf840215c13900256ab842ee44323292b8c5a1e30132e4243cc3cf56ed34e9a,16c93747225e806f916d002c7baeb7f5c1e86ad4ed5ed7abe41ba48135663e55,/mnt/d/#PROJECT_RKNDIncECA/Related-key-mcp-attention-Inception-based-ND/analysis_data/lea_rkmp_controls_v1/analysis/lea128/r9/k2/seed201/run_config.json,/mnt/d/#PROJECT_RKNDIncECA/Related-key-mcp-attention-Inception-based-ND/analysis_data/lea_rkmp_controls_v1/analysis/lea128/r9/k2/seed201/protocol_validation.json,/mnt/d/#PROJECT_RKNDIncECA/Related-key-mcp-attention-Inception-based-ND/analysis_data/lea_rkmp_controls_v1/analysis/lea128/r9/k2/seed201/control_metadata.json,True,4.822796,53781152,ad831f83815b3b9124a9e099a07c0594e5bd4dde64b42b34fee88e8a0f5d8597,2026-07-17T13:33:25.202691+00:00,completed
lea_rkmp_controls_v1,analysis,LEA-128,lea128,cipher.lea,9,2,202,202,10000,128,128,0x00000000000000000000008000000080,0x00000000000000000000000200000000,94,msb0,delta_C||C||C_star,grouped,shared,uint8,"[10000, 2, 384]",/mnt/d/#PROJECT_RKNDIncECA/Related-key-mcp-attention-Inception-based-ND/analysis_data/lea_rkmp_controls_v1/analysis/lea128/r9/k2/seed202/D1_structured.npy,/mnt/d/#PROJECT_RKNDIncECA/Related-key-mcp-attention-Inception-based-ND/analysis_data/lea_rkmp_controls_v1/analysis/lea128/r9/k2/seed202/D0_null.npy,/mnt/d/#PROJECT_RKNDIncECA/Related-key-mcp-attention-Inception-based-ND/analysis_data/lea_rkmp_controls_v1/analysis/lea128/r9/k2/seed202/D1_labels.npy,/mnt/d/#PROJECT_RKNDIncECA/Related-key-mcp-attention-Inception-based-ND/analysis_data/lea_rkmp_controls_v1/analysis/lea128/r9/k2/seed202/D0_labels.npy,/mnt/d/#PROJECT_RKNDIncECA/Related-key-mcp-attention-Inception-based-ND/analysis_data/lea_rkmp_controls_v1/analysis/lea128/r9/k2/seed202/controls/D0_vs_D0/D0_control_a.npy,/mnt/d/#PROJECT_RKNDIncECA/Related-key-mcp-attention-Inception-based-ND/analysis_data/lea_rkmp_controls_v1/analysis/lea128/r9/k2/seed202/controls/D0_vs_D0/D0_control_b.npy,/mnt/d/#PROJECT_RKNDIncECA/Related-key-mcp-attention-Inception-based-ND/analysis_data/lea_rkmp_controls_v1/analysis/lea128/r9/k2/seed202/controls/D1_vs_D1/D1_control_a.npy,/mnt/d/#PROJECT_RKNDIncECA/Related-key-mcp-attention-Inception-based-ND/analysis_data/lea_rkmp_controls_v1/analysis/lea128/r9/k2/seed202/controls/D1_vs_D1/D1_control_b.npy,/mnt/d/#PROJECT_RKNDIncECA/Related-key-mcp-attention-Inception-based-ND/analysis_data/lea_rkmp_controls_v1/analysis/lea128/r9/k2/seed202/controls/pair_shuffled/D1_pair_shuffled.npy,83ea76cf454666d7174e301bd5f57efba3e7b73321c701730ef752e1df379fbf,6d01da2a41b8b6323011a3de886ff29f4ef704b15fd463d2aaf0dce01ed62d9f,1f9e3f1180b081eb0696d1b351bd76f99b7c475ef5cee3ceae1e073cf2200823,a40242c97c5c2347efbca15ee4008c4edd54db513b58ee1a4c734bdc525d5b68,/mnt/d/#PROJECT_RKNDIncECA/Related-key-mcp-attention-Inception-based-ND/analysis_data/lea_rkmp_controls_v1/analysis/lea128/r9/k2/seed202/run_config.json,/mnt/d/#PROJECT_RKNDIncECA/Related-key-mcp-attention-Inception-based-ND/analysis_data/lea_rkmp_controls_v1/analysis/lea128/r9/k2/seed202/protocol_validation.json,/mnt/d/#PROJECT_RKNDIncECA/Related-key-mcp-attention-Inception-based-ND/analysis_data/lea_rkmp_controls_v1/analysis/lea128/r9/k2/seed202/control_metadata.json,True,6.038987,53781152,4ab785109309ef0b5568f2fc0dffaf3d340b70065f7f3ea1532bdf9868fb724d,2026-07-17T13:33:31.291409+00:00,completed
lea_rkmp_controls_v1,analysis,LEA-128,lea128,cipher.lea,9,2,203,203,10000,128,128,0x00000000000000000000008000000080,0x00000000000000000000000200000000,94,msb0,delta_C||C||C_star,grouped,shared,uint8,"[10000, 2, 384]",/mnt/d/#PROJECT_RKNDIncECA/Related-key-mcp-attention-Inception-based-ND/analysis_data/lea_rkmp_controls_v1/analysis/lea128/r9/k2/seed203/D1_structured.npy,/mnt/d/#PROJECT_RKNDIncECA/Related-key-mcp-attention-Inception-based-ND/analysis_data/lea_rkmp_controls_v1/analysis/lea128/r9/k2/seed203/D0_null.npy,/mnt/d/#PROJECT_RKNDIncECA/Related-key-mcp-attention-Inception-based-ND/analysis_data/lea_rkmp_controls_v1/analysis/lea128/r9/k2/seed203/D1_labels.npy,/mnt/d/#PROJECT_RKNDIncECA/Related-key-mcp-attention-Inception-based-ND/analysis_data/lea_rkmp_controls_v1/analysis/lea128/r9/k2/seed203/D0_labels.npy,/mnt/d/#PROJECT_RKNDIncECA/Related-key-mcp-attention-Inception-based-ND/analysis_data/lea_rkmp_controls_v1/analysis/lea128/r9/k2/seed203/controls/D0_vs_D0/D0_control_a.npy,/mnt/d/#PROJECT_RKNDIncECA/Related-key-mcp-attention-Inception-based-ND/analysis_data/lea_rkmp_controls_v1/analysis/lea128/r9/k2/seed203/controls/D0_vs_D0/D0_control_b.npy,/mnt/d/#PROJECT_RKNDIncECA/Related-key-mcp-attention-Inception-based-ND/analysis_data/lea_rkmp_controls_v1/analysis/lea128/r9/k2/seed203/controls/D1_vs_D1/D1_control_a.npy,/mnt/d/#PROJECT_RKNDIncECA/Related-key-mcp-attention-Inception-based-ND/analysis_data/lea_rkmp_controls_v1/analysis/lea128/r9/k2/seed203/controls/D1_vs_D1/D1_control_b.npy,/mnt/d/#PROJECT_RKNDIncECA/Related-key-mcp-attention-Inception-based-ND/analysis_data/lea_rkmp_controls_v1/analysis/lea128/r9/k2/seed203/controls/pair_shuffled/D1_pair_shuffled.npy,c09d6b6e03354beb31b30e9cc7015143c80fc9157d7bc43cfa0e876cabb51619,78413066bbc4b1b7de9bcb8fae5080a886af9060f3efd8250fff476ecd1f21d8,ae3571828b1ffd53e25f4b73f96151f63f96a0d3b8be2efee53f42ef26ea3fd1,3ebc05ba07f880c8a5d9363de3aca4f62b7c8d10dfffa3a7e96cffe883df2fe9,/mnt/d/#PROJECT_RKNDIncECA/Related-key-mcp-attention-Inception-based-ND/analysis_data/lea_rkmp_controls_v1/analysis/lea128/r9/k2/seed203/run_config.json,/mnt/d/#PROJECT_RKNDIncECA/Related-key-mcp-attention-Inception-based-ND/analysis_data/lea_rkmp_controls_v1/analysis/lea128/r9/k2/seed203/protocol_validation.json,/mnt/d/#PROJECT_RKNDIncECA/Related-key-mcp-attention-Inception-based-ND/analysis_data/lea_rkmp_controls_v1/analysis/lea128/r9/k2/seed203/control_metadata.json,True,4.63764,53781152,09b147f35e520624a11040004dbeb1ab0e0f42f2642c42f6d03dca68349d1596,2026-07-17T13:33:36.216413+00:00,completed
lea_rkmp_controls_v1,analysis,LEA-128,lea128,cipher.lea,9,4,201,201,10000,128,128,0x00000000000000000000008000000080,0x00000000000000000000000200000000,94,msb0,delta_C||C||C_star,grouped,shared,uint8,"[10000, 4, 384]",/mnt/d/#PROJECT_RKNDIncECA/Related-key-mcp-attention-Inception-based-ND/analysis_data/lea_rkmp_controls_v1/analysis/lea128/r9/k4/seed201/D1_structured.npy,/mnt/d/#PROJECT_RKNDIncECA/Related-key-mcp-attention-Inception-based-ND/analysis_data/lea_rkmp_controls_v1/analysis/lea128/r9/k4/seed201/D0_null.npy,/mnt/d/#PROJECT_RKNDIncECA/Related-key-mcp-attention-Inception-based-ND/analysis_data/lea_rkmp_controls_v1/analysis/lea128/r9/k4/seed201/D1_labels.npy,/mnt/d/#PROJECT_RKNDIncECA/Related-key-mcp-attention-Inception-based-ND/analysis_data/lea_rkmp_controls_v1/analysis/lea128/r9/k4/seed201/D0_labels.npy,/mnt/d/#PROJECT_RKNDIncECA/Related-key-mcp-attention-Inception-based-ND/analysis_data/lea_rkmp_controls_v1/analysis/lea128/r9/k4/seed201/controls/D0_vs_D0/D0_control_a.npy,/mnt/d/#PROJECT_RKNDIncECA/Related-key-mcp-attention-Inception-based-ND/analysis_data/lea_rkmp_controls_v1/analysis/lea128/r9/k4/seed201/controls/D0_vs_D0/D0_control_b.npy,/mnt/d/#PROJECT_RKNDIncECA/Related-key-mcp-attention-Inception-based-ND/analysis_data/lea_rkmp_controls_v1/analysis/lea128/r9/k4/seed201/controls/D1_vs_D1/D1_control_a.npy,/mnt/d/#PROJECT_RKNDIncECA/Related-key-mcp-attention-Inception-based-ND/analysis_data/lea_rkmp_controls_v1/analysis/lea128/r9/k4/seed201/controls/D1_vs_D1/D1_control_b.npy,/mnt/d/#PROJECT_RKNDIncECA/Related-key-mcp-attention-Inception-based-ND/analysis_data/lea_rkmp_controls_v1/analysis/lea128/r9/k4/seed201/controls/pair_shuffled/D1_pair_shuffled.npy,a77c7354e307c3240718c65bb7f3e17ce120cf066162c8b97343d7e15dd1f51c,c8c6b9771839dfe94c3c02fbb4847a19340d7b39bfd7f729feacd5139798e981,346e51203f76a96044165c550d61267f8b2a69cccacccffb9c343ac88d1298be,9a01deb27dabb27f2a889687260ccb9c19ff8e00990e412136e96fa2963dcc44,/mnt/d/#PROJECT_RKNDIncECA/Related-key-mcp-attention-Inception-based-ND/analysis_data/lea_rkmp_controls_v1/analysis/lea128/r9/k4/seed201/run_config.json,/mnt/d/#PROJECT_RKNDIncECA/Related-key-mcp-attention-Inception-based-ND/analysis_data/lea_rkmp_controls_v1/analysis/lea128/r9/k4/seed201/protocol_validation.json,/mnt/d/#PROJECT_RKNDIncECA/Related-key-mcp-attention-Inception-based-ND/analysis_data/lea_rkmp_controls_v1/analysis/lea128/r9/k4/seed201/control_metadata.json,True,8.501705,107541152,a59770c515552715ac4c6a7f2c1c5480a883d5b43216a8de2bb703ee63551729,2026-07-17T13:33:44.771019+00:00,completed
lea_rkmp_controls_v1,analysis,LEA-128,lea128,cipher.lea,9,4,202,202,10000,128,128,0x00000000000000000000008000000080,0x00000000000000000000000200000000,94,msb0,delta_C||C||C_star,grouped,shared,uint8,"[10000, 4, 384]",/mnt/d/#PROJECT_RKNDIncECA/Related-key-mcp-attention-Inception-based-ND/analysis_data/lea_rkmp_controls_v1/analysis/lea128/r9/k4/seed202/D1_structured.npy,/mnt/d/#PROJECT_RKNDIncECA/Related-key-mcp-attention-Inception-based-ND/analysis_data/lea_rkmp_controls_v1/analysis/lea128/r9/k4/seed202/D0_null.npy,/mnt/d/#PROJECT_RKNDIncECA/Related-key-mcp-attention-Inception-based-ND/analysis_data/lea_rkmp_controls_v1/analysis/lea128/r9/k4/seed202/D1_labels.npy,/mnt/d/#PROJECT_RKNDIncECA/Related-key-mcp-attention-Inception-based-ND/analysis_data/lea_rkmp_controls_v1/analysis/lea128/r9/k4/seed202/D0_labels.npy,/mnt/d/#PROJECT_RKNDIncECA/Related-key-mcp-attention-Inception-based-ND/analysis_data/lea_rkmp_controls_v1/analysis/lea128/r9/k4/seed202/controls/D0_vs_D0/D0_control_a.npy,/mnt/d/#PROJECT_RKNDIncECA/Related-key-mcp-attention-Inception-based-ND/analysis_data/lea_rkmp_controls_v1/analysis/lea128/r9/k4/seed202/controls/D0_vs_D0/D0_control_b.npy,/mnt/d/#PROJECT_RKNDIncECA/Related-key-mcp-attention-Inception-based-ND/analysis_data/lea_rkmp_controls_v1/analysis/lea128/r9/k4/seed202/controls/D1_vs_D1/D1_control_a.npy,/mnt/d/#PROJECT_RKNDIncECA/Related-key-mcp-attention-Inception-based-ND/analysis_data/lea_rkmp_controls_v1/analysis/lea128/r9/k4/seed202/controls/D1_vs_D1/D1_control_b.npy,/mnt/d/#PROJECT_RKNDIncECA/Related-key-mcp-attention-Inception-based-ND/analysis_data/lea_rkmp_controls_v1/analysis/lea128/r9/k4/seed202/controls/pair_shuffled/D1_pair_shuffled.npy,f98ac3ec704d77de277383abc9d44ae94ec06f8a2b13d414cf270bd7cc5b5efa,32aae522bc52cd3df2b0a7a398df6aafaa4af5e30b3d106bbcfe57223111d369,e50aff1210b6686fa0d2eeb707a495d4dc257d25402664dd01a6baefb7e191e3,b0b9f15d4e79824b015d2f120a4faaeb26911f4dd1ed39817cbb16ca22b33a87,/mnt/d/#PROJECT_RKNDIncECA/Related-key-mcp-attention-Inception-based-ND/analysis_data/lea_rkmp_controls_v1/analysis/lea128/r9/k4/seed202/run_config.json,/mnt/d/#PROJECT_RKNDIncECA/Related-key-mcp-attention-Inception-based-ND/analysis_data/lea_rkmp_controls_v1/analysis/lea128/r9/k4/seed202/protocol_validation.json,/mnt/d/#PROJECT_RKNDIncECA/Related-key-mcp-attention-Inception-based-ND/analysis_data/lea_rkmp_controls_v1/analysis/lea128/r9/k4/seed202/control_metadata.json,True,9.692811,107541152,9edb908574457cd605acd848985b6a6134c780127fddb17b454fc060e509e74b,2026-07-17T13:33:58.203377+00:00,completed
lea_rkmp_controls_v1,analysis,LEA-128,lea128,cipher.lea,9,4,203,203,10000,128,128,0x00000000000000000000008000000080,0x00000000000000000000000200000000,94,msb0,delta_C||C||C_star,grouped,shared,uint8,"[10000, 4, 384]",/mnt/d/#PROJECT_RKNDIncECA/Related-key-mcp-attention-Inception-based-ND/analysis_data/lea_rkmp_controls_v1/analysis/lea128/r9/k4/seed203/D1_structured.npy,/mnt/d/#PROJECT_RKNDIncECA/Related-key-mcp-attention-Inception-based-ND/analysis_data/lea_rkmp_controls_v1/analysis/lea128/r9/k4/seed203/D0_null.npy,/mnt/d/#PROJECT_RKNDIncECA/Related-key-mcp-attention-Inception-based-ND/analysis_data/lea_rkmp_controls_v1/analysis/lea128/r9/k4/seed203/D1_labels.npy,/mnt/d/#PROJECT_RKNDIncECA/Related-key-mcp-attention-Inception-based-ND/analysis_data/lea_rkmp_controls_v1/analysis/lea128/r9/k4/seed203/D0_labels.npy,/mnt/d/#PROJECT_RKNDIncECA/Related-key-mcp-attention-Inception-based-ND/analysis_data/lea_rkmp_controls_v1/analysis/lea128/r9/k4/seed203/controls/D0_vs_D0/D0_control_a.npy,/mnt/d/#PROJECT_RKNDIncECA/Related-key-mcp-attention-Inception-based-ND/analysis_data/lea_rkmp_controls_v1/analysis/lea128/r9/k4/seed203/controls/D0_vs_D0/D0_control_b.npy,/mnt/d/#PROJECT_RKNDIncECA/Related-key-mcp-attention-Inception-based-ND/analysis_data/lea_rkmp_controls_v1/analysis/lea128/r9/k4/seed203/controls/D1_vs_D1/D1_control_a.npy,/mnt/d/#PROJECT_RKNDIncECA/Related-key-mcp-attention-Inception-based-ND/analysis_data/lea_rkmp_controls_v1/analysis/lea128/r9/k4/seed203/controls/D1_vs_D1/D1_control_b.npy,/mnt/d/#PROJECT_RKNDIncECA/Related-key-mcp-attention-Inception-based-ND/analysis_data/lea_rkmp_controls_v1/analysis/lea128/r9/k4/seed203/controls/pair_shuffled/D1_pair_shuffled.npy,1a998d0d7d798a84673f7ab5b403fbef8ee49d5697651926489cfc60f197efe8,f4de15dceec68aeae52c9c5a40a6910530dc870855dc8442106596030279c6ff,4695848c628b71b1c2ca9f56efc82bac9b9938358ae77269d45de48bf62d65cf,9622734b5cdface69951f8e5a086c0f0cde4e657176eda50c5a17f4d8ab27697,/mnt/d/#PROJECT_RKNDIncECA/Related-key-mcp-attention-Inception-based-ND/analysis_data/lea_rkmp_controls_v1/analysis/lea128/r9/k4/seed203/run_config.json,/mnt/d/#PROJECT_RKNDIncECA/Related-key-mcp-attention-Inception-based-ND/analysis_data/lea_rkmp_controls_v1/analysis/lea128/r9/k4/seed203/protocol_validation.json,/mnt/d/#PROJECT_RKNDIncECA/Related-key-mcp-attention-Inception-based-ND/analysis_data/lea_rkmp_controls_v1/analysis/lea128/r9/k4/seed203/control_metadata.json,True,9.283447,107541152,6cc41f2b0cd79a2453003292da5bb546cf3d001a9eb99a5a9937c6fb44fa905f,2026-07-17T13:34:07.598572+00:00,completed
lea_rkmp_controls_v1,analysis,LEA-128,lea128,cipher.lea,9,8,201,201,10000,128,128,0x00000000000000000000008000000080,0x00000000000000000000000200000000,94,msb0,delta_C||C||C_star,grouped,shared,uint8,"[10000, 8, 384]",/mnt/d/#PROJECT_RKNDIncECA/Related-key-mcp-attention-Inception-based-ND/analysis_data/lea_rkmp_controls_v1/analysis/lea128/r9/k8/seed201/D1_structured.npy,/mnt/d/#PROJECT_RKNDIncECA/Related-key-mcp-attention-Inception-based-ND/analysis_data/lea_rkmp_controls_v1/analysis/lea128/r9/k8/seed201/D0_null.npy,/mnt/d/#PROJECT_RKNDIncECA/Related-key-mcp-attention-Inception-based-ND/analysis_data/lea_rkmp_controls_v1/analysis/lea128/r9/k8/seed201/D1_labels.npy,/mnt/d/#PROJECT_RKNDIncECA/Related-key-mcp-attention-Inception-based-ND/analysis_data/lea_rkmp_controls_v1/analysis/lea128/r9/k8/seed201/D0_labels.npy,/mnt/d/#PROJECT_RKNDIncECA/Related-key-mcp-attention-Inception-based-ND/analysis_data/lea_rkmp_controls_v1/analysis/lea128/r9/k8/seed201/controls/D0_vs_D0/D0_control_a.npy,/mnt/d/#PROJECT_RKNDIncECA/Related-key-mcp-attention-Inception-based-ND/analysis_data/lea_rkmp_controls_v1/analysis/lea128/r9/k8/seed201/controls/D0_vs_D0/D0_control_b.npy,/mnt/d/#PROJECT_RKNDIncECA/Related-key-mcp-attention-Inception-based-ND/analysis_data/lea_rkmp_controls_v1/analysis/lea128/r9/k8/seed201/controls/D1_vs_D1/D1_control_a.npy,/mnt/d/#PROJECT_RKNDIncECA/Related-key-mcp-attention-Inception-based-ND/analysis_data/lea_rkmp_controls_v1/analysis/lea128/r9/k8/seed201/controls/D1_vs_D1/D1_control_b.npy,/mnt/d/#PROJECT_RKNDIncECA/Related-key-mcp-attention-Inception-based-ND/analysis_data/lea_rkmp_controls_v1/analysis/lea128/r9/k8/seed201/controls/pair_shuffled/D1_pair_shuffled.npy,00f911cb2141fb60a16896182f0c06f02ddcabbc44c9278d29e3f11fc011ee86,1092640feedaa17ff86cc70d73cd932f30efbfd4e9598cda0ca26da393c23cfb,7b3bebc70b5807c853009e49b6a567346cd4dc72ae9bcbe376a4bb77103a8e81,6c131f1d8bf57f930b0f99d61f3952fb2a608334de1a517eb5c7b790844ea363,/mnt/d/#PROJECT_RKNDIncECA/Related-key-mcp-attention-Inception-based-ND/analysis_data/lea_rkmp_controls_v1/analysis/lea128/r9/k8/seed201/run_config.json,/mnt/d/#PROJECT_RKNDIncECA/Related-key-mcp-attention-Inception-based-ND/analysis_data/lea_rkmp_controls_v1/analysis/lea128/r9/k8/seed201/protocol_validation.json,/mnt/d/#PROJECT_RKNDIncECA/Related-key-mcp-attention-Inception-based-ND/analysis_data/lea_rkmp_controls_v1/analysis/lea128/r9/k8/seed201/control_metadata.json,True,11.430228,215061152,ed9710e0bc24c4b0c50583bcaa77d71c8ab358e313d69a4e0a00d16710b648b1,2026-07-17T13:34:19.086688+00:00,completed
lea_rkmp_controls_v1,analysis,LEA-128,lea128,cipher.lea,9,8,202,202,10000,128,128,0x00000000000000000000008000000080,0x00000000000000000000000200000000,94,msb0,delta_C||C||C_star,grouped,shared,uint8,"[10000, 8, 384]",/mnt/d/#PROJECT_RKNDIncECA/Related-key-mcp-attention-Inception-based-ND/analysis_data/lea_rkmp_controls_v1/analysis/lea128/r9/k8/seed202/D1_structured.npy,/mnt/d/#PROJECT_RKNDIncECA/Related-key-mcp-attention-Inception-based-ND/analysis_data/lea_rkmp_controls_v1/analysis/lea128/r9/k8/seed202/D0_null.npy,/mnt/d/#PROJECT_RKNDIncECA/Related-key-mcp-attention-Inception-based-ND/analysis_data/lea_rkmp_controls_v1/analysis/lea128/r9/k8/seed202/D1_labels.npy,/mnt/d/#PROJECT_RKNDIncECA/Related-key-mcp-attention-Inception-based-ND/analysis_data/lea_rkmp_controls_v1/analysis/lea128/r9/k8/seed202/D0_labels.npy,/mnt/d/#PROJECT_RKNDIncECA/Related-key-mcp-attention-Inception-based-ND/analysis_data/lea_rkmp_controls_v1/analysis/lea128/r9/k8/seed202/controls/D0_vs_D0/D0_control_a.npy,/mnt/d/#PROJECT_RKNDIncECA/Related-key-mcp-attention-Inception-based-ND/analysis_data/lea_rkmp_controls_v1/analysis/lea128/r9/k8/seed202/controls/D0_vs_D0/D0_control_b.npy,/mnt/d/#PROJECT_RKNDIncECA/Related-key-mcp-attention-Inception-based-ND/analysis_data/lea_rkmp_controls_v1/analysis/lea128/r9/k8/seed202/controls/D1_vs_D1/D1_control_a.npy,/mnt/d/#PROJECT_RKNDIncECA/Related-key-mcp-attention-Inception-based-ND/analysis_data/lea_rkmp_controls_v1/analysis/lea128/r9/k8/seed202/controls/D1_vs_D1/D1_control_b.npy,/mnt/d/#PROJECT_RKNDIncECA/Related-key-mcp-attention-Inception-based-ND/analysis_data/lea_rkmp_controls_v1/analysis/lea128/r9/k8/seed202/controls/pair_shuffled/D1_pair_shuffled.npy,5a2ef53b7a95df086b125073afc7cec2490bf241160baa71fcb0268b82fb757f,1c7a6288512ca8ceb83a00fabccaaf00c84e1a59cbc0f7be40cbf83051296260,f8546576d6c63c047cc02339e9b5c8d1ffa9fc55d5f2903ef64239e4359b7d02,000674230d5b08f4d2add22b38bfb3ce0652f77643a21ebb13cadbfe3e2269f3,/mnt/d/#PROJECT_RKNDIncECA/Related-key-mcp-attention-Inception-based-ND/analysis_data/lea_rkmp_controls_v1/analysis/lea128/r9/k8/seed202/run_config.json,/mnt/d/#PROJECT_RKNDIncECA/Related-key-mcp-attention-Inception-based-ND/analysis_data/lea_rkmp_controls_v1/analysis/lea128/r9/k8/seed202/protocol_validation.json,/mnt/d/#PROJECT_RKNDIncECA/Related-key-mcp-attention-Inception-based-ND/analysis_data/lea_rkmp_controls_v1/analysis/lea128/r9/k8/seed202/control_metadata.json,True,12.865386,215061152,39aa6b25eaf34e6d6058febfa86592fcad58b1a3c3f3a735a171d762f0fb695b,2026-07-17T13:34:35.587878+00:00,completed
lea_rkmp_controls_v1,analysis,LEA-128,lea128,cipher.lea,9,8,203,203,10000,128,128,0x00000000000000000000008000000080,0x00000000000000000000000200000000,94,msb0,delta_C||C||C_star,grouped,shared,uint8,"[10000, 8, 384]",/mnt/d/#PROJECT_RKNDIncECA/Related-key-mcp-attention-Inception-based-ND/analysis_data/lea_rkmp_controls_v1/analysis/lea128/r9/k8/seed203/D1_structured.npy,/mnt/d/#PROJECT_RKNDIncECA/Related-key-mcp-attention-Inception-based-ND/analysis_data/lea_rkmp_controls_v1/analysis/lea128/r9/k8/seed203/D0_null.npy,/mnt/d/#PROJECT_RKNDIncECA/Related-key-mcp-attention-Inception-based-ND/analysis_data/lea_rkmp_controls_v1/analysis/lea128/r9/k8/seed203/D1_labels.npy,/mnt/d/#PROJECT_RKNDIncECA/Related-key-mcp-attention-Inception-based-ND/analysis_data/lea_rkmp_controls_v1/analysis/lea128/r9/k8/seed203/D0_labels.npy,/mnt/d/#PROJECT_RKNDIncECA/Related-key-mcp-attention-Inception-based-ND/analysis_data/lea_rkmp_controls_v1/analysis/lea128/r9/k8/seed203/controls/D0_vs_D0/D0_control_a.npy,/mnt/d/#PROJECT_RKNDIncECA/Related-key-mcp-attention-Inception-based-ND/analysis_data/lea_rkmp_controls_v1/analysis/lea128/r9/k8/seed203/controls/D0_vs_D0/D0_control_b.npy,/mnt/d/#PROJECT_RKNDIncECA/Related-key-mcp-attention-Inception-based-ND/analysis_data/lea_rkmp_controls_v1/analysis/lea128/r9/k8/seed203/controls/D1_vs_D1/D1_control_a.npy,/mnt/d/#PROJECT_RKNDIncECA/Related-key-mcp-attention-Inception-based-ND/analysis_data/lea_rkmp_controls_v1/analysis/lea128/r9/k8/seed203/controls/D1_vs_D1/D1_control_b.npy,/mnt/d/#PROJECT_RKNDIncECA/Related-key-mcp-attention-Inception-based-ND/analysis_data/lea_rkmp_controls_v1/analysis/lea128/r9/k8/seed203/controls/pair_shuffled/D1_pair_shuffled.npy,f77b116a790dafa30d47111800b02454c0948d56348b507553cd8b2e968d9af7,7f4b543e0a701a1a1e815d0ce6bbf35231ef40e9ccabc2c02191345e835d6a4c,32574bfd6f8b525f1469ec4f48dd480ab35997ae9466b042a73db18f15a3d567,7750a9ffd7488993199ed6021b9b7cd03f996463962923ba7dfda876c94613f9,/mnt/d/#PROJECT_RKNDIncECA/Related-key-mcp-attention-Inception-based-ND/analysis_data/lea_rkmp_controls_v1/analysis/lea128/r9/k8/seed203/run_config.json,/mnt/d/#PROJECT_RKNDIncECA/Related-key-mcp-attention-Inception-based-ND/analysis_data/lea_rkmp_controls_v1/analysis/lea128/r9/k8/seed203/protocol_validation.json,/mnt/d/#PROJECT_RKNDIncECA/Related-key-mcp-attention-Inception-based-ND/analysis_data/lea_rkmp_controls_v1/analysis/lea128/r9/k8/seed203/control_metadata.json,True,15.582378,215061152,9f0e92c1a8da7e8cbc37569728519c3ba30f18ca0a94f4833a7bff75add83f08,2026-07-17T13:34:51.234582+00:00,completed
lea_rkmp_controls_v1,analysis,LEA-128,lea128,cipher.lea,9,16,201,201,10000,128,128,0x00000000000000000000008000000080,0x00000000000000000000000200000000,94,msb0,delta_C||C||C_star,grouped,shared,uint8,"[10000, 16, 384]",/mnt/d/#PROJECT_RKNDIncECA/Related-key-mcp-attention-Inception-based-ND/analysis_data/lea_rkmp_controls_v1/analysis/lea128/r9/k16/seed201/D1_structured.npy,/mnt/d/#PROJECT_RKNDIncECA/Related-key-mcp-attention-Inception-based-ND/analysis_data/lea_rkmp_controls_v1/analysis/lea128/r9/k16/seed201/D0_null.npy,/mnt/d/#PROJECT_RKNDIncECA/Related-key-mcp-attention-Inception-based-ND/analysis_data/lea_rkmp_controls_v1/analysis/lea128/r9/k16/seed201/D1_labels.npy,/mnt/d/#PROJECT_RKNDIncECA/Related-key-mcp-attention-Inception-based-ND/analysis_data/lea_rkmp_controls_v1/analysis/lea128/r9/k16/seed201/D0_labels.npy,/mnt/d/#PROJECT_RKNDIncECA/Related-key-mcp-attention-Inception-based-ND/analysis_data/lea_rkmp_controls_v1/analysis/lea128/r9/k16/seed201/controls/D0_vs_D0/D0_control_a.npy,/mnt/d/#PROJECT_RKNDIncECA/Related-key-mcp-attention-Inception-based-ND/analysis_data/lea_rkmp_controls_v1/analysis/lea128/r9/k16/seed201/controls/D0_vs_D0/D0_control_b.npy,/mnt/d/#PROJECT_RKNDIncECA/Related-key-mcp-attention-Inception-based-ND/analysis_data/lea_rkmp_controls_v1/analysis/lea128/r9/k16/seed201/controls/D1_vs_D1/D1_control_a.npy,/mnt/d/#PROJECT_RKNDIncECA/Related-key-mcp-attention-Inception-based-ND/analysis_data/lea_rkmp_controls_v1/analysis/lea128/r9/k16/seed201/controls/D1_vs_D1/D1_control_b.npy,/mnt/d/#PROJECT_RKNDIncECA/Related-key-mcp-attention-Inception-based-ND/analysis_data/lea_rkmp_controls_v1/analysis/lea128/r9/k16/seed201/controls/pair_shuffled/D1_pair_shuffled.npy,231be9b394e0ba1462d83b82884a5a15b21e601256faf936ad2ff7011d11fdd5,4247eb2837a0b3e1b4d4d4fa013229801fa2dc980cbb3d7731fdbc4278788aac,b179fda3201f1808672fd25bd2f15e5985448cd5e0be1a690bc88c8c342f7d1f,e777a1a56142c317c8261d12194bf4375ef8f87e8f12c3e3073b4dff325b81c9,/mnt/d/#PROJECT_RKNDIncECA/Related-key-mcp-attention-Inception-based-ND/analysis_data/lea_rkmp_controls_v1/analysis/lea128/r9/k16/seed201/run_config.json,/mnt/d/#PROJECT_RKNDIncECA/Related-key-mcp-attention-Inception-based-ND/analysis_data/lea_rkmp_controls_v1/analysis/lea128/r9/k16/seed201/protocol_validation.json,/mnt/d/#PROJECT_RKNDIncECA/Related-key-mcp-attention-Inception-based-ND/analysis_data/lea_rkmp_controls_v1/analysis/lea128/r9/k16/seed201/control_metadata.json,True,29.536387,430101152,fa991e79dab3bc9d7ffc59af7c0397c4cce40c89db1ac001e48386563327f0f6,2026-07-17T13:35:24.479506+00:00,completed
lea_rkmp_controls_v1,analysis,LEA-128,lea128,cipher.lea,9,16,202,202,10000,128,128,0x00000000000000000000008000000080,0x00000000000000000000000200000000,94,msb0,delta_C||C||C_star,grouped,shared,uint8,"[10000, 16, 384]",/mnt/d/#PROJECT_RKNDIncECA/Related-key-mcp-attention-Inception-based-ND/analysis_data/lea_rkmp_controls_v1/analysis/lea128/r9/k16/seed202/D1_structured.npy,/mnt/d/#PROJECT_RKNDIncECA/Related-key-mcp-attention-Inception-based-ND/analysis_data/lea_rkmp_controls_v1/analysis/lea128/r9/k16/seed202/D0_null.npy,/mnt/d/#PROJECT_RKNDIncECA/Related-key-mcp-attention-Inception-based-ND/analysis_data/lea_rkmp_controls_v1/analysis/lea128/r9/k16/seed202/D1_labels.npy,/mnt/d/#PROJECT_RKNDIncECA/Related-key-mcp-attention-Inception-based-ND/analysis_data/lea_rkmp_controls_v1/analysis/lea128/r9/k16/seed202/D0_labels.npy,/mnt/d/#PROJECT_RKNDIncECA/Related-key-mcp-attention-Inception-based-ND/analysis_data/lea_rkmp_controls_v1/analysis/lea128/r9/k16/seed202/controls/D0_vs_D0/D0_control_a.npy,/mnt/d/#PROJECT_RKNDIncECA/Related-key-mcp-attention-Inception-based-ND/analysis_data/lea_rkmp_controls_v1/analysis/lea128/r9/k16/seed202/controls/D0_vs_D0/D0_control_b.npy,/mnt/d/#PROJECT_RKNDIncECA/Related-key-mcp-attention-Inception-based-ND/analysis_data/lea_rkmp_controls_v1/analysis/lea128/r9/k16/seed202/controls/D1_vs_D1/D1_control_a.npy,/mnt/d/#PROJECT_RKNDIncECA/Related-key-mcp-attention-Inception-based-ND/analysis_data/lea_rkmp_controls_v1/analysis/lea128/r9/k16/seed202/controls/D1_vs_D1/D1_control_b.npy,/mnt/d/#PROJECT_RKNDIncECA/Related-key-mcp-attention-Inception-based-ND/analysis_data/lea_rkmp_controls_v1/analysis/lea128/r9/k16/seed202/controls/pair_shuffled/D1_pair_shuffled.npy,42e111bff5598a7c770413fdd79e8d0ec25d0cc200b2bab0ab143bd24018176b,9b7838182c4f8b34074008156d7df3586b0dc58fe25aba6776db3c0259d70238,b0b00cd653a5f0406f41502fd17e30557cff322995256d930bea5ab5316a2de6,7b705f8c1f1a05f3432c518b98ed65022a82d525fe1b3282e4f3aac853286c10,/mnt/d/#PROJECT_RKNDIncECA/Related-key-mcp-attention-Inception-based-ND/analysis_data/lea_rkmp_controls_v1/analysis/lea128/r9/k16/seed202/run_config.json,/mnt/d/#PROJECT_RKNDIncECA/Related-key-mcp-attention-Inception-based-ND/analysis_data/lea_rkmp_controls_v1/analysis/lea128/r9/k16/seed202/protocol_validation.json,/mnt/d/#PROJECT_RKNDIncECA/Related-key-mcp-attention-Inception-based-ND/analysis_data/lea_rkmp_controls_v1/analysis/lea128/r9/k16/seed202/control_metadata.json,True,29.352968,430101152,5191031abdee9de1534596873dcd471969c095f73a4bc16ca0d35c6efaaf1001,2026-07-17T13:35:57.465433+00:00,completed
lea_rkmp_controls_v1,analysis,LEA-128,lea128,cipher.lea,9,16,203,203,10000,128,128,0x00000000000000000000008000000080,0x00000000000000000000000200000000,94,msb0,delta_C||C||C_star,grouped,shared,uint8,"[10000, 16, 384]",/mnt/d/#PROJECT_RKNDIncECA/Related-key-mcp-attention-Inception-based-ND/analysis_data/lea_rkmp_controls_v1/analysis/lea128/r9/k16/seed203/D1_structured.npy,/mnt/d/#PROJECT_RKNDIncECA/Related-key-mcp-attention-Inception-based-ND/analysis_data/lea_rkmp_controls_v1/analysis/lea128/r9/k16/seed203/D0_null.npy,/mnt/d/#PROJECT_RKNDIncECA/Related-key-mcp-attention-Inception-based-ND/analysis_data/lea_rkmp_controls_v1/analysis/lea128/r9/k16/seed203/D1_labels.npy,/mnt/d/#PROJECT_RKNDIncECA/Related-key-mcp-attention-Inception-based-ND/analysis_data/lea_rkmp_controls_v1/analysis/lea128/r9/k16/seed203/D0_labels.npy,/mnt/d/#PROJECT_RKNDIncECA/Related-key-mcp-attention-Inception-based-ND/analysis_data/lea_rkmp_controls_v1/analysis/lea128/r9/k16/seed203/controls/D0_vs_D0/D0_control_a.npy,/mnt/d/#PROJECT_RKNDIncECA/Related-key-mcp-attention-Inception-based-ND/analysis_data/lea_rkmp_controls_v1/analysis/lea128/r9/k16/seed203/controls/D0_vs_D0/D0_control_b.npy,/mnt/d/#PROJECT_RKNDIncECA/Related-key-mcp-attention-Inception-based-ND/analysis_data/lea_rkmp_controls_v1/analysis/lea128/r9/k16/seed203/controls/D1_vs_D1/D1_control_a.npy,/mnt/d/#PROJECT_RKNDIncECA/Related-key-mcp-attention-Inception-based-ND/analysis_data/lea_rkmp_controls_v1/analysis/lea128/r9/k16/seed203/controls/D1_vs_D1/D1_control_b.npy,/mnt/d/#PROJECT_RKNDIncECA/Related-key-mcp-attention-Inception-based-ND/analysis_data/lea_rkmp_controls_v1/analysis/lea128/r9/k16/seed203/controls/pair_shuffled/D1_pair_shuffled.npy,6a871f2b5d7989d47875e73fea686b0872d5d79d1c9205b5c935acb5c79e5528,5b452211b50b5be68fe53f9fa2459fce5c5cb0272042dd999ed94268648cdd9f,3da2506470bfd360315cab4bc93ff1fcbcc83933a36e7c738e43a3339bf0c180,67d3fe3339e38b01cbf7b3f88f48d7bd44e28f91a54405c4bf3c522c328c3a55,/mnt/d/#PROJECT_RKNDIncECA/Related-key-mcp-attention-Inception-based-ND/analysis_data/lea_rkmp_controls_v1/analysis/lea128/r9/k16/seed203/run_config.json,/mnt/d/#PROJECT_RKNDIncECA/Related-key-mcp-attention-Inception-based-ND/analysis_data/lea_rkmp_controls_v1/analysis/lea128/r9/k16/seed203/protocol_validation.json,/mnt/d/#PROJECT_RKNDIncECA/Related-key-mcp-attention-Inception-based-ND/analysis_data/lea_rkmp_controls_v1/analysis/lea128/r9/k16/seed203/control_metadata.json,True,27.216821,430101152,ef78a2622e04db6a626bd506e32132b0d4eda8d112f27d642c3731520cf5445d,2026-07-17T13:36:28.402139+00:00,completed
lea_rkmp_controls_v1,analysis,LEA-128,lea128,cipher.lea,9,32,201,201,10000,128,128,0x00000000000000000000008000000080,0x00000000000000000000000200000000,94,msb0,delta_C||C||C_star,grouped,shared,uint8,"[10000, 32, 384]",/mnt/d/#PROJECT_RKNDIncECA/Related-key-mcp-attention-Inception-based-ND/analysis_data/lea_rkmp_controls_v1/analysis/lea128/r9/k32/seed201/D1_structured.npy,/mnt/d/#PROJECT_RKNDIncECA/Related-key-mcp-attention-Inception-based-ND/analysis_data/lea_rkmp_controls_v1/analysis/lea128/r9/k32/seed201/D0_null.npy,/mnt/d/#PROJECT_RKNDIncECA/Related-key-mcp-attention-Inception-based-ND/analysis_data/lea_rkmp_controls_v1/analysis/lea128/r9/k32/seed201/D1_labels.npy,/mnt/d/#PROJECT_RKNDIncECA/Related-key-mcp-attention-Inception-based-ND/analysis_data/lea_rkmp_controls_v1/analysis/lea128/r9/k32/seed201/D0_labels.npy,/mnt/d/#PROJECT_RKNDIncECA/Related-key-mcp-attention-Inception-based-ND/analysis_data/lea_rkmp_controls_v1/analysis/lea128/r9/k32/seed201/controls/D0_vs_D0/D0_control_a.npy,/mnt/d/#PROJECT_RKNDIncECA/Related-key-mcp-attention-Inception-based-ND/analysis_data/lea_rkmp_controls_v1/analysis/lea128/r9/k32/seed201/controls/D0_vs_D0/D0_control_b.npy,/mnt/d/#PROJECT_RKNDIncECA/Related-key-mcp-attention-Inception-based-ND/analysis_data/lea_rkmp_controls_v1/analysis/lea128/r9/k32/seed201/controls/D1_vs_D1/D1_control_a.npy,/mnt/d/#PROJECT_RKNDIncECA/Related-key-mcp-attention-Inception-based-ND/analysis_data/lea_rkmp_controls_v1/analysis/lea128/r9/k32/seed201/controls/D1_vs_D1/D1_control_b.npy,/mnt/d/#PROJECT_RKNDIncECA/Related-key-mcp-attention-Inception-based-ND/analysis_data/lea_rkmp_controls_v1/analysis/lea128/r9/k32/seed201/controls/pair_shuffled/D1_pair_shuffled.npy,8303378d6be682924a20701ce99632742b6f1971cdaef29315a765f5fa97a0f1,e9bacdd4be6f12c178f586a5646ceb609a65501bbe3b7336272cbe608f2ce21c,518dafdd3b56d5372e20629b6768b5b08c2e97e8c4c41b62553f3ecba39e7cf7,375783a5328f5e34fd829e50ea2df7fe116fb4506d950af1813bfea69f6ffcd1,/mnt/d/#PROJECT_RKNDIncECA/Related-key-mcp-attention-Inception-based-ND/analysis_data/lea_rkmp_controls_v1/analysis/lea128/r9/k32/seed201/run_config.json,/mnt/d/#PROJECT_RKNDIncECA/Related-key-mcp-attention-Inception-based-ND/analysis_data/lea_rkmp_controls_v1/analysis/lea128/r9/k32/seed201/protocol_validation.json,/mnt/d/#PROJECT_RKNDIncECA/Related-key-mcp-attention-Inception-based-ND/analysis_data/lea_rkmp_controls_v1/analysis/lea128/r9/k32/seed201/control_metadata.json,True,50.885118,860181152,71e2bd6c9d95551aa05dae037bae41f4ac5bd360c3857bfbeadcf4c8e3ccf848,2026-07-17T13:37:22.800460+00:00,completed
lea_rkmp_controls_v1,analysis,LEA-128,lea128,cipher.lea,9,32,202,202,10000,128,128,0x00000000000000000000008000000080,0x00000000000000000000000200000000,94,msb0,delta_C||C||C_star,grouped,shared,uint8,"[10000, 32, 384]",/mnt/d/#PROJECT_RKNDIncECA/Related-key-mcp-attention-Inception-based-ND/analysis_data/lea_rkmp_controls_v1/analysis/lea128/r9/k32/seed202/D1_structured.npy,/mnt/d/#PROJECT_RKNDIncECA/Related-key-mcp-attention-Inception-based-ND/analysis_data/lea_rkmp_controls_v1/analysis/lea128/r9/k32/seed202/D0_null.npy,/mnt/d/#PROJECT_RKNDIncECA/Related-key-mcp-attention-Inception-based-ND/analysis_data/lea_rkmp_controls_v1/analysis/lea128/r9/k32/seed202/D1_labels.npy,/mnt/d/#PROJECT_RKNDIncECA/Related-key-mcp-attention-Inception-based-ND/analysis_data/lea_rkmp_controls_v1/analysis/lea128/r9/k32/seed202/D0_labels.npy,/mnt/d/#PROJECT_RKNDIncECA/Related-key-mcp-attention-Inception-based-ND/analysis_data/lea_rkmp_controls_v1/analysis/lea128/r9/k32/seed202/controls/D0_vs_D0/D0_control_a.npy,/mnt/d/#PROJECT_RKNDIncECA/Related-key-mcp-attention-Inception-based-ND/analysis_data/lea_rkmp_controls_v1/analysis/lea128/r9/k32/seed202/controls/D0_vs_D0/D0_control_b.npy,/mnt/d/#PROJECT_RKNDIncECA/Related-key-mcp-attention-Inception-based-ND/analysis_data/lea_rkmp_controls_v1/analysis/lea128/r9/k32/seed202/controls/D1_vs_D1/D1_control_a.npy,/mnt/d/#PROJECT_RKNDIncECA/Related-key-mcp-attention-Inception-based-ND/analysis_data/lea_rkmp_controls_v1/analysis/lea128/r9/k32/seed202/controls/D1_vs_D1/D1_control_b.npy,/mnt/d/#PROJECT_RKNDIncECA/Related-key-mcp-attention-Inception-based-ND/analysis_data/lea_rkmp_controls_v1/analysis/lea128/r9/k32/seed202/controls/pair_shuffled/D1_pair_shuffled.npy,725ff9661fee01d80098bb82658a65721de32a81c29ead48a23c2a110f45cf4d,373a8c6bc7a7454b0297531b1ff6618350b746361a98fe298d7088253d8c31e7,93923159b0ffe1f642439ab94b6b17fbdbba4b6c6ed9f73b6580d990e464428c,74b3718fed006cd5b74c6cd30e6f0f5f01465780087e72b742876ab2e119aa0b,/mnt/d/#PROJECT_RKNDIncECA/Related-key-mcp-attention-Inception-based-ND/analysis_data/lea_rkmp_controls_v1/analysis/lea128/r9/k32/seed202/run_config.json,/mnt/d/#PROJECT_RKNDIncECA/Related-key-mcp-attention-Inception-based-ND/analysis_data/lea_rkmp_controls_v1/analysis/lea128/r9/k32/seed202/protocol_validation.json,/mnt/d/#PROJECT_RKNDIncECA/Related-key-mcp-attention-Inception-based-ND/analysis_data/lea_rkmp_controls_v1/analysis/lea128/r9/k32/seed202/control_metadata.json,True,63.699028,860181152,8f8029f9b5f1159c302d88e8bc2c1810ce857f9eea9102e220ef84f22b693dba,2026-07-17T13:38:33.339618+00:00,completed
lea_rkmp_controls_v1,analysis,LEA-128,lea128,cipher.lea,9,32,203,203,10000,128,128,0x00000000000000000000008000000080,0x00000000000000000000000200000000,94,msb0,delta_C||C||C_star,grouped,shared,uint8,"[10000, 32, 384]",/mnt/d/#PROJECT_RKNDIncECA/Related-key-mcp-attention-Inception-based-ND/analysis_data/lea_rkmp_controls_v1/analysis/lea128/r9/k32/seed203/D1_structured.npy,/mnt/d/#PROJECT_RKNDIncECA/Related-key-mcp-attention-Inception-based-ND/analysis_data/lea_rkmp_controls_v1/analysis/lea128/r9/k32/seed203/D0_null.npy,/mnt/d/#PROJECT_RKNDIncECA/Related-key-mcp-attention-Inception-based-ND/analysis_data/lea_rkmp_controls_v1/analysis/lea128/r9/k32/seed203/D1_labels.npy,/mnt/d/#PROJECT_RKNDIncECA/Related-key-mcp-attention-Inception-based-ND/analysis_data/lea_rkmp_controls_v1/analysis/lea128/r9/k32/seed203/D0_labels.npy,/mnt/d/#PROJECT_RKNDIncECA/Related-key-mcp-attention-Inception-based-ND/analysis_data/lea_rkmp_controls_v1/analysis/lea128/r9/k32/seed203/controls/D0_vs_D0/D0_control_a.npy,/mnt/d/#PROJECT_RKNDIncECA/Related-key-mcp-attention-Inception-based-ND/analysis_data/lea_rkmp_controls_v1/analysis/lea128/r9/k32/seed203/controls/D0_vs_D0/D0_control_b.npy,/mnt/d/#PROJECT_RKNDIncECA/Related-key-mcp-attention-Inception-based-ND/analysis_data/lea_rkmp_controls_v1/analysis/lea128/r9/k32/seed203/controls/D1_vs_D1/D1_control_a.npy,/mnt/d/#PROJECT_RKNDIncECA/Related-key-mcp-attention-Inception-based-ND/analysis_data/lea_rkmp_controls_v1/analysis/lea128/r9/k32/seed203/controls/D1_vs_D1/D1_control_b.npy,/mnt/d/#PROJECT_RKNDIncECA/Related-key-mcp-attention-Inception-based-ND/analysis_data/lea_rkmp_controls_v1/analysis/lea128/r9/k32/seed203/controls/pair_shuffled/D1_pair_shuffled.npy,375b640929fdae9d9800bc238f2ddb59ab049fabb5228402605f6f5666650d86,1c99cca822ac6ffc19f639807df86fbc0a003aa84aa86a4b1f49042f2db6d437,652c603d116dc10dc91393340378d904628f2412286a23a545734b8393278bb0,dcb0457edfea262c13cec5e97e2e72fd5f13072bbe6e91ba6b6f92cae90aeb36,/mnt/d/#PROJECT_RKNDIncECA/Related-key-mcp-attention-Inception-based-ND/analysis_data/lea_rkmp_controls_v1/analysis/lea128/r9/k32/seed203/run_config.json,/mnt/d/#PROJECT_RKNDIncECA/Related-key-mcp-attention-Inception-based-ND/analysis_data/lea_rkmp_controls_v1/analysis/lea128/r9/k32/seed203/protocol_validation.json,/mnt/d/#PROJECT_RKNDIncECA/Related-key-mcp-attention-Inception-based-ND/analysis_data/lea_rkmp_controls_v1/analysis/lea128/r9/k32/seed203/control_metadata.json,True,59.113669,860181152,920e719f9b1509ae6a188c1c9c32900c0e6c9aafd5642ac50083510d87082aa2,2026-07-17T13:39:39.464617+00:00,completed
lea_rkmp_controls_v1,analysis,LEA-128,lea128,cipher.lea,10,1,201,201,10000,128,128,0x00000000000000000000008000000080,0x00000000000000000000000200000000,94,msb0,delta_C||C||C_star,grouped,shared,uint8,"[10000, 1, 384]",/mnt/d/#PROJECT_RKNDIncECA/Related-key-mcp-attention-Inception-based-ND/analysis_data/lea_rkmp_controls_v1/analysis/lea128/r10/k1/seed201/D1_structured.npy,/mnt/d/#PROJECT_RKNDIncECA/Related-key-mcp-attention-Inception-based-ND/analysis_data/lea_rkmp_controls_v1/analysis/lea128/r10/k1/seed201/D0_null.npy,/mnt/d/#PROJECT_RKNDIncECA/Related-key-mcp-attention-Inception-based-ND/analysis_data/lea_rkmp_controls_v1/analysis/lea128/r10/k1/seed201/D1_labels.npy,/mnt/d/#PROJECT_RKNDIncECA/Related-key-mcp-attention-Inception-based-ND/analysis_data/lea_rkmp_controls_v1/analysis/lea128/r10/k1/seed201/D0_labels.npy,/mnt/d/#PROJECT_RKNDIncECA/Related-key-mcp-attention-Inception-based-ND/analysis_data/lea_rkmp_controls_v1/analysis/lea128/r10/k1/seed201/controls/D0_vs_D0/D0_control_a.npy,/mnt/d/#PROJECT_RKNDIncECA/Related-key-mcp-attention-Inception-based-ND/analysis_data/lea_rkmp_controls_v1/analysis/lea128/r10/k1/seed201/controls/D0_vs_D0/D0_control_b.npy,/mnt/d/#PROJECT_RKNDIncECA/Related-key-mcp-attention-Inception-based-ND/analysis_data/lea_rkmp_controls_v1/analysis/lea128/r10/k1/seed201/controls/D1_vs_D1/D1_control_a.npy,/mnt/d/#PROJECT_RKNDIncECA/Related-key-mcp-attention-Inception-based-ND/analysis_data/lea_rkmp_controls_v1/analysis/lea128/r10/k1/seed201/controls/D1_vs_D1/D1_control_b.npy,/mnt/d/#PROJECT_RKNDIncECA/Related-key-mcp-attention-Inception-based-ND/analysis_data/lea_rkmp_controls_v1/analysis/lea128/r10/k1/seed201/controls/pair_shuffled/D1_pair_shuffled.npy,ce91c10e7cd22fa51cabd6ebdd8c5804e8e1dfe640a8f49ecb7dd2ad80401d79,55fb846e4cae50f72e48ea659779a25596a79b63a0ac0af5db4bda6f1a5b425f,fadac14a24a334fd12c93dc91ccc5ee456a65175786764f76ae09e32f7a11813,71c40cde3f69ab1f96a0e046d3d05253587f4dfdc86afe33c3b32e71c6dfa852,/mnt/d/#PROJECT_RKNDIncECA/Related-key-mcp-attention-Inception-based-ND/analysis_data/lea_rkmp_controls_v1/analysis/lea128/r10/k1/seed201/run_config.json,/mnt/d/#PROJECT_RKNDIncECA/Related-key-mcp-attention-Inception-based-ND/analysis_data/lea_rkmp_controls_v1/analysis/lea128/r10/k1/seed201/protocol_validation.json,/mnt/d/#PROJECT_RKNDIncECA/Related-key-mcp-attention-Inception-based-ND/analysis_data/lea_rkmp_controls_v1/analysis/lea128/r10/k1/seed201/control_metadata.json,True,4.565348,26901152,bc3fb27bf688eee3ce76073a8f6756fb7af4b9f8a726449c43b89b183bedac3f,2026-07-17T13:39:44.095167+00:00,completed
lea_rkmp_controls_v1,analysis,LEA-128,lea128,cipher.lea,10,1,202,202,10000,128,128,0x00000000000000000000008000000080,0x00000000000000000000000200000000,94,msb0,delta_C||C||C_star,grouped,shared,uint8,"[10000, 1, 384]",/mnt/d/#PROJECT_RKNDIncECA/Related-key-mcp-attention-Inception-based-ND/analysis_data/lea_rkmp_controls_v1/analysis/lea128/r10/k1/seed202/D1_structured.npy,/mnt/d/#PROJECT_RKNDIncECA/Related-key-mcp-attention-Inception-based-ND/analysis_data/lea_rkmp_controls_v1/analysis/lea128/r10/k1/seed202/D0_null.npy,/mnt/d/#PROJECT_RKNDIncECA/Related-key-mcp-attention-Inception-based-ND/analysis_data/lea_rkmp_controls_v1/analysis/lea128/r10/k1/seed202/D1_labels.npy,/mnt/d/#PROJECT_RKNDIncECA/Related-key-mcp-attention-Inception-based-ND/analysis_data/lea_rkmp_controls_v1/analysis/lea128/r10/k1/seed202/D0_labels.npy,/mnt/d/#PROJECT_RKNDIncECA/Related-key-mcp-attention-Inception-based-ND/analysis_data/lea_rkmp_controls_v1/analysis/lea128/r10/k1/seed202/controls/D0_vs_D0/D0_control_a.npy,/mnt/d/#PROJECT_RKNDIncECA/Related-key-mcp-attention-Inception-based-ND/analysis_data/lea_rkmp_controls_v1/analysis/lea128/r10/k1/seed202/controls/D0_vs_D0/D0_control_b.npy,/mnt/d/#PROJECT_RKNDIncECA/Related-key-mcp-attention-Inception-based-ND/analysis_data/lea_rkmp_controls_v1/analysis/lea128/r10/k1/seed202/controls/D1_vs_D1/D1_control_a.npy,/mnt/d/#PROJECT_RKNDIncECA/Related-key-mcp-attention-Inception-based-ND/analysis_data/lea_rkmp_controls_v1/analysis/lea128/r10/k1/seed202/controls/D1_vs_D1/D1_control_b.npy,/mnt/d/#PROJECT_RKNDIncECA/Related-key-mcp-attention-Inception-based-ND/analysis_data/lea_rkmp_controls_v1/analysis/lea128/r10/k1/seed202/controls/pair_shuffled/D1_pair_shuffled.npy,186f9c91ba769ce0cf7eb2cc6c015e5f298ecc13a945875321c707ce1297215d,276dd143f99dbaa64d2d2b9b00e72fd02ddff3b8952850052d981d891fd118da,4d82c6b9c89a28854ea05013ee9cbe4d7f68dfd8f2fdbf615ff4f3e606e90a38,8b9cb3b4daf158fa558cfbc55971f7d0e9681dee644b04c09140a008251ff42b,/mnt/d/#PROJECT_RKNDIncECA/Related-key-mcp-attention-Inception-based-ND/analysis_data/lea_rkmp_controls_v1/analysis/lea128/r10/k1/seed202/run_config.json,/mnt/d/#PROJECT_RKNDIncECA/Related-key-mcp-attention-Inception-based-ND/analysis_data/lea_rkmp_controls_v1/analysis/lea128/r10/k1/seed202/protocol_validation.json,/mnt/d/#PROJECT_RKNDIncECA/Related-key-mcp-attention-Inception-based-ND/analysis_data/lea_rkmp_controls_v1/analysis/lea128/r10/k1/seed202/control_metadata.json,True,3.966094,26901152,47f4f6f88484b18b68b6758254eb4d4774c58d773b73f7687b4267e059ec863f,2026-07-17T13:39:48.152549+00:00,completed
lea_rkmp_controls_v1,analysis,LEA-128,lea128,cipher.lea,10,1,203,203,10000,128,128,0x00000000000000000000008000000080,0x00000000000000000000000200000000,94,msb0,delta_C||C||C_star,grouped,shared,uint8,"[10000, 1, 384]",/mnt/d/#PROJECT_RKNDIncECA/Related-key-mcp-attention-Inception-based-ND/analysis_data/lea_rkmp_controls_v1/analysis/lea128/r10/k1/seed203/D1_structured.npy,/mnt/d/#PROJECT_RKNDIncECA/Related-key-mcp-attention-Inception-based-ND/analysis_data/lea_rkmp_controls_v1/analysis/lea128/r10/k1/seed203/D0_null.npy,/mnt/d/#PROJECT_RKNDIncECA/Related-key-mcp-attention-Inception-based-ND/analysis_data/lea_rkmp_controls_v1/analysis/lea128/r10/k1/seed203/D1_labels.npy,/mnt/d/#PROJECT_RKNDIncECA/Related-key-mcp-attention-Inception-based-ND/analysis_data/lea_rkmp_controls_v1/analysis/lea128/r10/k1/seed203/D0_labels.npy,/mnt/d/#PROJECT_RKNDIncECA/Related-key-mcp-attention-Inception-based-ND/analysis_data/lea_rkmp_controls_v1/analysis/lea128/r10/k1/seed203/controls/D0_vs_D0/D0_control_a.npy,/mnt/d/#PROJECT_RKNDIncECA/Related-key-mcp-attention-Inception-based-ND/analysis_data/lea_rkmp_controls_v1/analysis/lea128/r10/k1/seed203/controls/D0_vs_D0/D0_control_b.npy,/mnt/d/#PROJECT_RKNDIncECA/Related-key-mcp-attention-Inception-based-ND/analysis_data/lea_rkmp_controls_v1/analysis/lea128/r10/k1/seed203/controls/D1_vs_D1/D1_control_a.npy,/mnt/d/#PROJECT_RKNDIncECA/Related-key-mcp-attention-Inception-based-ND/analysis_data/lea_rkmp_controls_v1/analysis/lea128/r10/k1/seed203/controls/D1_vs_D1/D1_control_b.npy,/mnt/d/#PROJECT_RKNDIncECA/Related-key-mcp-attention-Inception-based-ND/analysis_data/lea_rkmp_controls_v1/analysis/lea128/r10/k1/seed203/controls/pair_shuffled/D1_pair_shuffled.npy,744b6d4e1ea6679737dd65aaf1dd83bd442e7a8a67cc810e6fcce53ad05867ed,502ee72e1039b7cd602491a74a19527eb62b37a87a4806069e5621e7d5b87136,19a9d1d31096ff6ed7cd2fbc0add25b23974fa3fd575409c10e1afcc5d1a6420,fec696c11fa7d31d82daef147e1edc4623cdcb7538867d7e848f021432d35dba,/mnt/d/#PROJECT_RKNDIncECA/Related-key-mcp-attention-Inception-based-ND/analysis_data/lea_rkmp_controls_v1/analysis/lea128/r10/k1/seed203/run_config.json,/mnt/d/#PROJECT_RKNDIncECA/Related-key-mcp-attention-Inception-based-ND/analysis_data/lea_rkmp_controls_v1/analysis/lea128/r10/k1/seed203/protocol_validation.json,/mnt/d/#PROJECT_RKNDIncECA/Related-key-mcp-attention-Inception-based-ND/analysis_data/lea_rkmp_controls_v1/analysis/lea128/r10/k1/seed203/control_metadata.json,True,3.125912,26901152,e93a37d5c5c3777c999a7f16557265c770c11507d5fde4b9dfe383d36eff5071,2026-07-17T13:39:54.901538+00:00,completed
lea_rkmp_controls_v1,analysis,LEA-128,lea128,cipher.lea,10,2,201,201,10000,128,128,0x00000000000000000000008000000080,0x00000000000000000000000200000000,94,msb0,delta_C||C||C_star,grouped,shared,uint8,"[10000, 2, 384]",/mnt/d/#PROJECT_RKNDIncECA/Related-key-mcp-attention-Inception-based-ND/analysis_data/lea_rkmp_controls_v1/analysis/lea128/r10/k2/seed201/D1_structured.npy,/mnt/d/#PROJECT_RKNDIncECA/Related-key-mcp-attention-Inception-based-ND/analysis_data/lea_rkmp_controls_v1/analysis/lea128/r10/k2/seed201/D0_null.npy,/mnt/d/#PROJECT_RKNDIncECA/Related-key-mcp-attention-Inception-based-ND/analysis_data/lea_rkmp_controls_v1/analysis/lea128/r10/k2/seed201/D1_labels.npy,/mnt/d/#PROJECT_RKNDIncECA/Related-key-mcp-attention-Inception-based-ND/analysis_data/lea_rkmp_controls_v1/analysis/lea128/r10/k2/seed201/D0_labels.npy,/mnt/d/#PROJECT_RKNDIncECA/Related-key-mcp-attention-Inception-based-ND/analysis_data/lea_rkmp_controls_v1/analysis/lea128/r10/k2/seed201/controls/D0_vs_D0/D0_control_a.npy,/mnt/d/#PROJECT_RKNDIncECA/Related-key-mcp-attention-Inception-based-ND/analysis_data/lea_rkmp_controls_v1/analysis/lea128/r10/k2/seed201/controls/D0_vs_D0/D0_control_b.npy,/mnt/d/#PROJECT_RKNDIncECA/Related-key-mcp-attention-Inception-based-ND/analysis_data/lea_rkmp_controls_v1/analysis/lea128/r10/k2/seed201/controls/D1_vs_D1/D1_control_a.npy,/mnt/d/#PROJECT_RKNDIncECA/Related-key-mcp-attention-Inception-based-ND/analysis_data/lea_rkmp_controls_v1/analysis/lea128/r10/k2/seed201/controls/D1_vs_D1/D1_control_b.npy,/mnt/d/#PROJECT_RKNDIncECA/Related-key-mcp-attention-Inception-based-ND/analysis_data/lea_rkmp_controls_v1/analysis/lea128/r10/k2/seed201/controls/pair_shuffled/D1_pair_shuffled.npy,23541b451618dcdb611b96f9ba4029b539643ba492bb7780ae6ed68704d5446c,f47c299f0233676b140fa2d907c08a4d616db1e716984ab208e7a16034cf0ece,1444fb92923b0d673f0c5440bf8efcf2b639ef7fac457fc7201a15c9fe501205,d09d717cea97254d2aa94f52695528fb55e9542673d303009f3f63d3392f8f66,/mnt/d/#PROJECT_RKNDIncECA/Related-key-mcp-attention-Inception-based-ND/analysis_data/lea_rkmp_controls_v1/analysis/lea128/r10/k2/seed201/run_config.json,/mnt/d/#PROJECT_RKNDIncECA/Related-key-mcp-attention-Inception-based-ND/analysis_data/lea_rkmp_controls_v1/analysis/lea128/r10/k2/seed201/protocol_validation.json,/mnt/d/#PROJECT_RKNDIncECA/Related-key-mcp-attention-Inception-based-ND/analysis_data/lea_rkmp_controls_v1/analysis/lea128/r10/k2/seed201/control_metadata.json,True,4.209883,53781152,4f4cadf8b6f4f9fc12663758905c9c8f62730099c2fcdf237d94c316cb51210c,2026-07-17T13:39:59.194191+00:00,completed
lea_rkmp_controls_v1,analysis,LEA-128,lea128,cipher.lea,10,2,202,202,10000,128,128,0x00000000000000000000008000000080,0x00000000000000000000000200000000,94,msb0,delta_C||C||C_star,grouped,shared,uint8,"[10000, 2, 384]",/mnt/d/#PROJECT_RKNDIncECA/Related-key-mcp-attention-Inception-based-ND/analysis_data/lea_rkmp_controls_v1/analysis/lea128/r10/k2/seed202/D1_structured.npy,/mnt/d/#PROJECT_RKNDIncECA/Related-key-mcp-attention-Inception-based-ND/analysis_data/lea_rkmp_controls_v1/analysis/lea128/r10/k2/seed202/D0_null.npy,/mnt/d/#PROJECT_RKNDIncECA/Related-key-mcp-attention-Inception-based-ND/analysis_data/lea_rkmp_controls_v1/analysis/lea128/r10/k2/seed202/D1_labels.npy,/mnt/d/#PROJECT_RKNDIncECA/Related-key-mcp-attention-Inception-based-ND/analysis_data/lea_rkmp_controls_v1/analysis/lea128/r10/k2/seed202/D0_labels.npy,/mnt/d/#PROJECT_RKNDIncECA/Related-key-mcp-attention-Inception-based-ND/analysis_data/lea_rkmp_controls_v1/analysis/lea128/r10/k2/seed202/controls/D0_vs_D0/D0_control_a.npy,/mnt/d/#PROJECT_RKNDIncECA/Related-key-mcp-attention-Inception-based-ND/analysis_data/lea_rkmp_controls_v1/analysis/lea128/r10/k2/seed202/controls/D0_vs_D0/D0_control_b.npy,/mnt/d/#PROJECT_RKNDIncECA/Related-key-mcp-attention-Inception-based-ND/analysis_data/lea_rkmp_controls_v1/analysis/lea128/r10/k2/seed202/controls/D1_vs_D1/D1_control_a.npy,/mnt/d/#PROJECT_RKNDIncECA/Related-key-mcp-attention-Inception-based-ND/analysis_data/lea_rkmp_controls_v1/analysis/lea128/r10/k2/seed202/controls/D1_vs_D1/D1_control_b.npy,/mnt/d/#PROJECT_RKNDIncECA/Related-key-mcp-attention-Inception-based-ND/analysis_data/lea_rkmp_controls_v1/analysis/lea128/r10/k2/seed202/controls/pair_shuffled/D1_pair_shuffled.npy,4d27221a78205ced0e32e37c874ec1679b3f2c45c6120cdcc9cbd814cdfc1912,2ea7f4fac8a67ee480529d0d65e23060a73baebeb044346cc343ac32b8b8beed,e6727462c81a2e09747de6ecebdf16b69322742f93f617b0535ce9949d3bf9cf,e9f1575c111232648bbe98b43c0c2fcb74dbdbe02d56471ce4ba60ee3961e126,/mnt/d/#PROJECT_RKNDIncECA/Related-key-mcp-attention-Inception-based-ND/analysis_data/lea_rkmp_controls_v1/analysis/lea128/r10/k2/seed202/run_config.json,/mnt/d/#PROJECT_RKNDIncECA/Related-key-mcp-attention-Inception-based-ND/analysis_data/lea_rkmp_controls_v1/analysis/lea128/r10/k2/seed202/protocol_validation.json,/mnt/d/#PROJECT_RKNDIncECA/Related-key-mcp-attention-Inception-based-ND/analysis_data/lea_rkmp_controls_v1/analysis/lea128/r10/k2/seed202/control_metadata.json,True,3.863559,53781152,898de7806bf35849f3059c2e0ae12f3077dc0a03000ebb663b395d0cd04414f1,2026-07-17T13:40:03.108659+00:00,completed
lea_rkmp_controls_v1,analysis,LEA-128,lea128,cipher.lea,10,2,203,203,10000,128,128,0x00000000000000000000008000000080,0x00000000000000000000000200000000,94,msb0,delta_C||C||C_star,grouped,shared,uint8,"[10000, 2, 384]",/mnt/d/#PROJECT_RKNDIncECA/Related-key-mcp-attention-Inception-based-ND/analysis_data/lea_rkmp_controls_v1/analysis/lea128/r10/k2/seed203/D1_structured.npy,/mnt/d/#PROJECT_RKNDIncECA/Related-key-mcp-attention-Inception-based-ND/analysis_data/lea_rkmp_controls_v1/analysis/lea128/r10/k2/seed203/D0_null.npy,/mnt/d/#PROJECT_RKNDIncECA/Related-key-mcp-attention-Inception-based-ND/analysis_data/lea_rkmp_controls_v1/analysis/lea128/r10/k2/seed203/D1_labels.npy,/mnt/d/#PROJECT_RKNDIncECA/Related-key-mcp-attention-Inception-based-ND/analysis_data/lea_rkmp_controls_v1/analysis/lea128/r10/k2/seed203/D0_labels.npy,/mnt/d/#PROJECT_RKNDIncECA/Related-key-mcp-attention-Inception-based-ND/analysis_data/lea_rkmp_controls_v1/analysis/lea128/r10/k2/seed203/controls/D0_vs_D0/D0_control_a.npy,/mnt/d/#PROJECT_RKNDIncECA/Related-key-mcp-attention-Inception-based-ND/analysis_data/lea_rkmp_controls_v1/analysis/lea128/r10/k2/seed203/controls/D0_vs_D0/D0_control_b.npy,/mnt/d/#PROJECT_RKNDIncECA/Related-key-mcp-attention-Inception-based-ND/analysis_data/lea_rkmp_controls_v1/analysis/lea128/r10/k2/seed203/controls/D1_vs_D1/D1_control_a.npy,/mnt/d/#PROJECT_RKNDIncECA/Related-key-mcp-attention-Inception-based-ND/analysis_data/lea_rkmp_controls_v1/analysis/lea128/r10/k2/seed203/controls/D1_vs_D1/D1_control_b.npy,/mnt/d/#PROJECT_RKNDIncECA/Related-key-mcp-attention-Inception-based-ND/analysis_data/lea_rkmp_controls_v1/analysis/lea128/r10/k2/seed203/controls/pair_shuffled/D1_pair_shuffled.npy,294c21bbfbf903a64b1445476f3a4af067b27b504f4f05ba1774933b1a7c835f,f7cdac12be1c14e9ed4754b64ee9280c000f7151736951309bb95389dde0b9b2,ac393fe47fcea61fb10830f3c8e42d84ee14ed0c8ddf5e6fc6dac156789ad09f,8f800f0a35eef01ad97b3a144a7dee4b19ef435a0f004ba86b6891749424e082,/mnt/d/#PROJECT_RKNDIncECA/Related-key-mcp-attention-Inception-based-ND/analysis_data/lea_rkmp_controls_v1/analysis/lea128/r10/k2/seed203/run_config.json,/mnt/d/#PROJECT_RKNDIncECA/Related-key-mcp-attention-Inception-based-ND/analysis_data/lea_rkmp_controls_v1/analysis/lea128/r10/k2/seed203/protocol_validation.json,/mnt/d/#PROJECT_RKNDIncECA/Related-key-mcp-attention-Inception-based-ND/analysis_data/lea_rkmp_controls_v1/analysis/lea128/r10/k2/seed203/control_metadata.json,True,3.862283,53781152,bf6c3bde57296e299f707b72e896d6485fa4fd8f843dbaeb6c9ebdea514f7b9a,2026-07-17T13:40:07.056178+00:00,completed
lea_rkmp_controls_v1,analysis,LEA-128,lea128,cipher.lea,10,4,201,201,10000,128,128,0x00000000000000000000008000000080,0x00000000000000000000000200000000,94,msb0,delta_C||C||C_star,grouped,shared,uint8,"[10000, 4, 384]",/mnt/d/#PROJECT_RKNDIncECA/Related-key-mcp-attention-Inception-based-ND/analysis_data/lea_rkmp_controls_v1/analysis/lea128/r10/k4/seed201/D1_structured.npy,/mnt/d/#PROJECT_RKNDIncECA/Related-key-mcp-attention-Inception-based-ND/analysis_data/lea_rkmp_controls_v1/analysis/lea128/r10/k4/seed201/D0_null.npy,/mnt/d/#PROJECT_RKNDIncECA/Related-key-mcp-attention-Inception-based-ND/analysis_data/lea_rkmp_controls_v1/analysis/lea128/r10/k4/seed201/D1_labels.npy,/mnt/d/#PROJECT_RKNDIncECA/Related-key-mcp-attention-Inception-based-ND/analysis_data/lea_rkmp_controls_v1/analysis/lea128/r10/k4/seed201/D0_labels.npy,/mnt/d/#PROJECT_RKNDIncECA/Related-key-mcp-attention-Inception-based-ND/analysis_data/lea_rkmp_controls_v1/analysis/lea128/r10/k4/seed201/controls/D0_vs_D0/D0_control_a.npy,/mnt/d/#PROJECT_RKNDIncECA/Related-key-mcp-attention-Inception-based-ND/analysis_data/lea_rkmp_controls_v1/analysis/lea128/r10/k4/seed201/controls/D0_vs_D0/D0_control_b.npy,/mnt/d/#PROJECT_RKNDIncECA/Related-key-mcp-attention-Inception-based-ND/analysis_data/lea_rkmp_controls_v1/analysis/lea128/r10/k4/seed201/controls/D1_vs_D1/D1_control_a.npy,/mnt/d/#PROJECT_RKNDIncECA/Related-key-mcp-attention-Inception-based-ND/analysis_data/lea_rkmp_controls_v1/analysis/lea128/r10/k4/seed201/controls/D1_vs_D1/D1_control_b.npy,/mnt/d/#PROJECT_RKNDIncECA/Related-key-mcp-attention-Inception-based-ND/analysis_data/lea_rkmp_controls_v1/analysis/lea128/r10/k4/seed201/controls/pair_shuffled/D1_pair_shuffled.npy,72534764351bd9877f4968c8d460fd5b3b1173c4635ab04bd9229a86a48add1d,8371c82bee56ac49bd76875fe43083615b10072eae5be0bf5a481bb97f54803b,ea4c219bbd33c699794148c1252925b86cd24add61acc495d612399fd6fd3122,e2863f32dae51571c7bd663dd5c015f41e10cc74b41d9cf1f5bc537ee22d3b38,/mnt/d/#PROJECT_RKNDIncECA/Related-key-mcp-attention-Inception-based-ND/analysis_data/lea_rkmp_controls_v1/analysis/lea128/r10/k4/seed201/run_config.json,/mnt/d/#PROJECT_RKNDIncECA/Related-key-mcp-attention-Inception-based-ND/analysis_data/lea_rkmp_controls_v1/analysis/lea128/r10/k4/seed201/protocol_validation.json,/mnt/d/#PROJECT_RKNDIncECA/Related-key-mcp-attention-Inception-based-ND/analysis_data/lea_rkmp_controls_v1/analysis/lea128/r10/k4/seed201/control_metadata.json,True,6.490918,107541152,26002e5bc7f6e37fa8ec1fa802d81bae7b8c6ee6567108831ca8d921c285c4ec,2026-07-17T13:40:13.618110+00:00,completed
lea_rkmp_controls_v1,analysis,LEA-128,lea128,cipher.lea,10,4,202,202,10000,128,128,0x00000000000000000000008000000080,0x00000000000000000000000200000000,94,msb0,delta_C||C||C_star,grouped,shared,uint8,"[10000, 4, 384]",/mnt/d/#PROJECT_RKNDIncECA/Related-key-mcp-attention-Inception-based-ND/analysis_data/lea_rkmp_controls_v1/analysis/lea128/r10/k4/seed202/D1_structured.npy,/mnt/d/#PROJECT_RKNDIncECA/Related-key-mcp-attention-Inception-based-ND/analysis_data/lea_rkmp_controls_v1/analysis/lea128/r10/k4/seed202/D0_null.npy,/mnt/d/#PROJECT_RKNDIncECA/Related-key-mcp-attention-Inception-based-ND/analysis_data/lea_rkmp_controls_v1/analysis/lea128/r10/k4/seed202/D1_labels.npy,/mnt/d/#PROJECT_RKNDIncECA/Related-key-mcp-attention-Inception-based-ND/analysis_data/lea_rkmp_controls_v1/analysis/lea128/r10/k4/seed202/D0_labels.npy,/mnt/d/#PROJECT_RKNDIncECA/Related-key-mcp-attention-Inception-based-ND/analysis_data/lea_rkmp_controls_v1/analysis/lea128/r10/k4/seed202/controls/D0_vs_D0/D0_control_a.npy,/mnt/d/#PROJECT_RKNDIncECA/Related-key-mcp-attention-Inception-based-ND/analysis_data/lea_rkmp_controls_v1/analysis/lea128/r10/k4/seed202/controls/D0_vs_D0/D0_control_b.npy,/mnt/d/#PROJECT_RKNDIncECA/Related-key-mcp-attention-Inception-based-ND/analysis_data/lea_rkmp_controls_v1/analysis/lea128/r10/k4/seed202/controls/D1_vs_D1/D1_control_a.npy,/mnt/d/#PROJECT_RKNDIncECA/Related-key-mcp-attention-Inception-based-ND/analysis_data/lea_rkmp_controls_v1/analysis/lea128/r10/k4/seed202/controls/D1_vs_D1/D1_control_b.npy,/mnt/d/#PROJECT_RKNDIncECA/Related-key-mcp-attention-Inception-based-ND/analysis_data/lea_rkmp_controls_v1/analysis/lea128/r10/k4/seed202/controls/pair_shuffled/D1_pair_shuffled.npy,ba7ff904301fcc875099123ce1806c02e6411bbbc865b90c8d47f735a85a03d8,61e51364461c8dd634abaef175e95c83e936ea46634c615e20ff93e2f7edfbab,e8d8733bd3eb18689b3ee0b4d54e8ed8b115d553efb79a490648df7b4b51936c,aef71b38d531d031ee4c64597238d5eb5e5f06c54ecbe155778db791df15725e,/mnt/d/#PROJECT_RKNDIncECA/Related-key-mcp-attention-Inception-based-ND/analysis_data/lea_rkmp_controls_v1/analysis/lea128/r10/k4/seed202/run_config.json,/mnt/d/#PROJECT_RKNDIncECA/Related-key-mcp-attention-Inception-based-ND/analysis_data/lea_rkmp_controls_v1/analysis/lea128/r10/k4/seed202/protocol_validation.json,/mnt/d/#PROJECT_RKNDIncECA/Related-key-mcp-attention-Inception-based-ND/analysis_data/lea_rkmp_controls_v1/analysis/lea128/r10/k4/seed202/control_metadata.json,True,7.18063,107541152,0275aa9d53ccba24f0d4703609107746747f96fc4e8aefdc665e0a9e80a6a977,2026-07-17T13:40:20.872369+00:00,completed
lea_rkmp_controls_v1,analysis,LEA-128,lea128,cipher.lea,10,4,203,203,10000,128,128,0x00000000000000000000008000000080,0x00000000000000000000000200000000,94,msb0,delta_C||C||C_star,grouped,shared,uint8,"[10000, 4, 384]",/mnt/d/#PROJECT_RKNDIncECA/Related-key-mcp-attention-Inception-based-ND/analysis_data/lea_rkmp_controls_v1/analysis/lea128/r10/k4/seed203/D1_structured.npy,/mnt/d/#PROJECT_RKNDIncECA/Related-key-mcp-attention-Inception-based-ND/analysis_data/lea_rkmp_controls_v1/analysis/lea128/r10/k4/seed203/D0_null.npy,/mnt/d/#PROJECT_RKNDIncECA/Related-key-mcp-attention-Inception-based-ND/analysis_data/lea_rkmp_controls_v1/analysis/lea128/r10/k4/seed203/D1_labels.npy,/mnt/d/#PROJECT_RKNDIncECA/Related-key-mcp-attention-Inception-based-ND/analysis_data/lea_rkmp_controls_v1/analysis/lea128/r10/k4/seed203/D0_labels.npy,/mnt/d/#PROJECT_RKNDIncECA/Related-key-mcp-attention-Inception-based-ND/analysis_data/lea_rkmp_controls_v1/analysis/lea128/r10/k4/seed203/controls/D0_vs_D0/D0_control_a.npy,/mnt/d/#PROJECT_RKNDIncECA/Related-key-mcp-attention-Inception-based-ND/analysis_data/lea_rkmp_controls_v1/analysis/lea128/r10/k4/seed203/controls/D0_vs_D0/D0_control_b.npy,/mnt/d/#PROJECT_RKNDIncECA/Related-key-mcp-attention-Inception-based-ND/analysis_data/lea_rkmp_controls_v1/analysis/lea128/r10/k4/seed203/controls/D1_vs_D1/D1_control_a.npy,/mnt/d/#PROJECT_RKNDIncECA/Related-key-mcp-attention-Inception-based-ND/analysis_data/lea_rkmp_controls_v1/analysis/lea128/r10/k4/seed203/controls/D1_vs_D1/D1_control_b.npy,/mnt/d/#PROJECT_RKNDIncECA/Related-key-mcp-attention-Inception-based-ND/analysis_data/lea_rkmp_controls_v1/analysis/lea128/r10/k4/seed203/controls/pair_shuffled/D1_pair_shuffled.npy,88fae80b4c4db8db392ff212e0ccf473786ff2a07c19171c862a0133bd8b332e,c25f3af4d87c7319bf2bf54429e7f537cf559adf3064d043fbd0fd511ed5b143,75ae78e3f378af44ea96ae64ca559d9b695e4481dc87ee63ee215411e8b150de,8add406de3d73a0bdefaae2cf1cebc6c0bc75addecca86404f48a8546e19ecbe,/mnt/d/#PROJECT_RKNDIncECA/Related-key-mcp-attention-Inception-based-ND/analysis_data/lea_rkmp_controls_v1/analysis/lea128/r10/k4/seed203/run_config.json,/mnt/d/#PROJECT_RKNDIncECA/Related-key-mcp-attention-Inception-based-ND/analysis_data/lea_rkmp_controls_v1/analysis/lea128/r10/k4/seed203/protocol_validation.json,/mnt/d/#PROJECT_RKNDIncECA/Related-key-mcp-attention-Inception-based-ND/analysis_data/lea_rkmp_controls_v1/analysis/lea128/r10/k4/seed203/control_metadata.json,True,7.053955,107541152,d5049c0511d262e4235f3bdbab0f6a6e285d2191a3ec1c43c4e745814fbf84b6,2026-07-17T13:40:31.483754+00:00,completed
lea_rkmp_controls_v1,analysis,LEA-128,lea128,cipher.lea,10,8,201,201,10000,128,128,0x00000000000000000000008000000080,0x00000000000000000000000200000000,94,msb0,delta_C||C||C_star,grouped,shared,uint8,"[10000, 8, 384]",/mnt/d/#PROJECT_RKNDIncECA/Related-key-mcp-attention-Inception-based-ND/analysis_data/lea_rkmp_controls_v1/analysis/lea128/r10/k8/seed201/D1_structured.npy,/mnt/d/#PROJECT_RKNDIncECA/Related-key-mcp-attention-Inception-based-ND/analysis_data/lea_rkmp_controls_v1/analysis/lea128/r10/k8/seed201/D0_null.npy,/mnt/d/#PROJECT_RKNDIncECA/Related-key-mcp-attention-Inception-based-ND/analysis_data/lea_rkmp_controls_v1/analysis/lea128/r10/k8/seed201/D1_labels.npy,/mnt/d/#PROJECT_RKNDIncECA/Related-key-mcp-attention-Inception-based-ND/analysis_data/lea_rkmp_controls_v1/analysis/lea128/r10/k8/seed201/D0_labels.npy,/mnt/d/#PROJECT_RKNDIncECA/Related-key-mcp-attention-Inception-based-ND/analysis_data/lea_rkmp_controls_v1/analysis/lea128/r10/k8/seed201/controls/D0_vs_D0/D0_control_a.npy,/mnt/d/#PROJECT_RKNDIncECA/Related-key-mcp-attention-Inception-based-ND/analysis_data/lea_rkmp_controls_v1/analysis/lea128/r10/k8/seed201/controls/D0_vs_D0/D0_control_b.npy,/mnt/d/#PROJECT_RKNDIncECA/Related-key-mcp-attention-Inception-based-ND/analysis_data/lea_rkmp_controls_v1/analysis/lea128/r10/k8/seed201/controls/D1_vs_D1/D1_control_a.npy,/mnt/d/#PROJECT_RKNDIncECA/Related-key-mcp-attention-Inception-based-ND/analysis_data/lea_rkmp_controls_v1/analysis/lea128/r10/k8/seed201/controls/D1_vs_D1/D1_control_b.npy,/mnt/d/#PROJECT_RKNDIncECA/Related-key-mcp-attention-Inception-based-ND/analysis_data/lea_rkmp_controls_v1/analysis/lea128/r10/k8/seed201/controls/pair_shuffled/D1_pair_shuffled.npy,4a91d26d4d3c849e5baf6fe7941e9fad99c5af09351c12d7f34abac87d19f05b,640a9466ac2bf2b4b5ef33a0372c3f2943af59201e969f53fa1298c44c5d9061,5ae23cdff1f1d6e462a6352c978207fec7fd28a063b5e6c36f05bce10621e412,48c3f3230ffceee747a204c22b1b1685c9d0e50d64582778655cdda9571de259,/mnt/d/#PROJECT_RKNDIncECA/Related-key-mcp-attention-Inception-based-ND/analysis_data/lea_rkmp_controls_v1/analysis/lea128/r10/k8/seed201/run_config.json,/mnt/d/#PROJECT_RKNDIncECA/Related-key-mcp-attention-Inception-based-ND/analysis_data/lea_rkmp_controls_v1/analysis/lea128/r10/k8/seed201/protocol_validation.json,/mnt/d/#PROJECT_RKNDIncECA/Related-key-mcp-attention-Inception-based-ND/analysis_data/lea_rkmp_controls_v1/analysis/lea128/r10/k8/seed201/control_metadata.json,True,12.176131,215061152,013c8fa2b94d063c7ce19adf19b975200e49349caf4711a4175c6bbbe403e4cd,2026-07-17T13:40:43.726463+00:00,completed
lea_rkmp_controls_v1,analysis,LEA-128,lea128,cipher.lea,10,8,202,202,10000,128,128,0x00000000000000000000008000000080,0x00000000000000000000000200000000,94,msb0,delta_C||C||C_star,grouped,shared,uint8,"[10000, 8, 384]",/mnt/d/#PROJECT_RKNDIncECA/Related-key-mcp-attention-Inception-based-ND/analysis_data/lea_rkmp_controls_v1/analysis/lea128/r10/k8/seed202/D1_structured.npy,/mnt/d/#PROJECT_RKNDIncECA/Related-key-mcp-attention-Inception-based-ND/analysis_data/lea_rkmp_controls_v1/analysis/lea128/r10/k8/seed202/D0_null.npy,/mnt/d/#PROJECT_RKNDIncECA/Related-key-mcp-attention-Inception-based-ND/analysis_data/lea_rkmp_controls_v1/analysis/lea128/r10/k8/seed202/D1_labels.npy,/mnt/d/#PROJECT_RKNDIncECA/Related-key-mcp-attention-Inception-based-ND/analysis_data/lea_rkmp_controls_v1/analysis/lea128/r10/k8/seed202/D0_labels.npy,/mnt/d/#PROJECT_RKNDIncECA/Related-key-mcp-attention-Inception-based-ND/analysis_data/lea_rkmp_controls_v1/analysis/lea128/r10/k8/seed202/controls/D0_vs_D0/D0_control_a.npy,/mnt/d/#PROJECT_RKNDIncECA/Related-key-mcp-attention-Inception-based-ND/analysis_data/lea_rkmp_controls_v1/analysis/lea128/r10/k8/seed202/controls/D0_vs_D0/D0_control_b.npy,/mnt/d/#PROJECT_RKNDIncECA/Related-key-mcp-attention-Inception-based-ND/analysis_data/lea_rkmp_controls_v1/analysis/lea128/r10/k8/seed202/controls/D1_vs_D1/D1_control_a.npy,/mnt/d/#PROJECT_RKNDIncECA/Related-key-mcp-attention-Inception-based-ND/analysis_data/lea_rkmp_controls_v1/analysis/lea128/r10/k8/seed202/controls/D1_vs_D1/D1_control_b.npy,/mnt/d/#PROJECT_RKNDIncECA/Related-key-mcp-attention-Inception-based-ND/analysis_data/lea_rkmp_controls_v1/analysis/lea128/r10/k8/seed202/controls/pair_shuffled/D1_pair_shuffled.npy,72116139e33e625d08344a54464416e6da629c5c0548900919ce01abdfc0b817,8bccb7f6fe8efe7069439552f058850cda71c9c4badd86bef54f77c6b61bf81f,e18ea0dd1c86374256ae5efd56591466eae7e6344cf231071fe5ab97dc865721,a5e650e8875397ec4640cfa76e86d9998a092fe72c25280e3d11908ede6c5894,/mnt/d/#PROJECT_RKNDIncECA/Related-key-mcp-attention-Inception-based-ND/analysis_data/lea_rkmp_controls_v1/analysis/lea128/r10/k8/seed202/run_config.json,/mnt/d/#PROJECT_RKNDIncECA/Related-key-mcp-attention-Inception-based-ND/analysis_data/lea_rkmp_controls_v1/analysis/lea128/r10/k8/seed202/protocol_validation.json,/mnt/d/#PROJECT_RKNDIncECA/Related-key-mcp-attention-Inception-based-ND/analysis_data/lea_rkmp_controls_v1/analysis/lea128/r10/k8/seed202/control_metadata.json,True,14.310251,215061152,bad92721372104c4954348ee60e4b86555af7b3d4d65a6a5a5769040ebb59092,2026-07-17T13:40:58.092523+00:00,completed
lea_rkmp_controls_v1,analysis,LEA-128,lea128,cipher.lea,10,8,203,203,10000,128,128,0x00000000000000000000008000000080,0x00000000000000000000000200000000,94,msb0,delta_C||C||C_star,grouped,shared,uint8,"[10000, 8, 384]",/mnt/d/#PROJECT_RKNDIncECA/Related-key-mcp-attention-Inception-based-ND/analysis_data/lea_rkmp_controls_v1/analysis/lea128/r10/k8/seed203/D1_structured.npy,/mnt/d/#PROJECT_RKNDIncECA/Related-key-mcp-attention-Inception-based-ND/analysis_data/lea_rkmp_controls_v1/analysis/lea128/r10/k8/seed203/D0_null.npy,/mnt/d/#PROJECT_RKNDIncECA/Related-key-mcp-attention-Inception-based-ND/analysis_data/lea_rkmp_controls_v1/analysis/lea128/r10/k8/seed203/D1_labels.npy,/mnt/d/#PROJECT_RKNDIncECA/Related-key-mcp-attention-Inception-based-ND/analysis_data/lea_rkmp_controls_v1/analysis/lea128/r10/k8/seed203/D0_labels.npy,/mnt/d/#PROJECT_RKNDIncECA/Related-key-mcp-attention-Inception-based-ND/analysis_data/lea_rkmp_controls_v1/analysis/lea128/r10/k8/seed203/controls/D0_vs_D0/D0_control_a.npy,/mnt/d/#PROJECT_RKNDIncECA/Related-key-mcp-attention-Inception-based-ND/analysis_data/lea_rkmp_controls_v1/analysis/lea128/r10/k8/seed203/controls/D0_vs_D0/D0_control_b.npy,/mnt/d/#PROJECT_RKNDIncECA/Related-key-mcp-attention-Inception-based-ND/analysis_data/lea_rkmp_controls_v1/analysis/lea128/r10/k8/seed203/controls/D1_vs_D1/D1_control_a.npy,/mnt/d/#PROJECT_RKNDIncECA/Related-key-mcp-attention-Inception-based-ND/analysis_data/lea_rkmp_controls_v1/analysis/lea128/r10/k8/seed203/controls/D1_vs_D1/D1_control_b.npy,/mnt/d/#PROJECT_RKNDIncECA/Related-key-mcp-attention-Inception-based-ND/analysis_data/lea_rkmp_controls_v1/analysis/lea128/r10/k8/seed203/controls/pair_shuffled/D1_pair_shuffled.npy,0114e156caa8152d099f8a626203e4352e6449c0bee714bfd4a32cf4c1273a35,127dbe7857b67a0b73bb579ac69e01d817ba585a25b6f51897a6511fd2397ea9,a7b009d20bb0c560d62c995f410941919f434802e32b24c88e0c5c2d0105268f,9254c160fc5324928a4bcbadd6c9f41470e450074f7bf4b0a37ccbdb84a75af3,/mnt/d/#PROJECT_RKNDIncECA/Related-key-mcp-attention-Inception-based-ND/analysis_data/lea_rkmp_controls_v1/analysis/lea128/r10/k8/seed203/run_config.json,/mnt/d/#PROJECT_RKNDIncECA/Related-key-mcp-attention-Inception-based-ND/analysis_data/lea_rkmp_controls_v1/analysis/lea128/r10/k8/seed203/protocol_validation.json,/mnt/d/#PROJECT_RKNDIncECA/Related-key-mcp-attention-Inception-based-ND/analysis_data/lea_rkmp_controls_v1/analysis/lea128/r10/k8/seed203/control_metadata.json,True,14.222125,215061152,62ff890c41af4e944f212eec7d51bc933f568920110e4b326d5a6e2b89eb1da2,2026-07-17T13:41:15.850471+00:00,completed
lea_rkmp_controls_v1,analysis,LEA-128,lea128,cipher.lea,10,16,201,201,10000,128,128,0x00000000000000000000008000000080,0x00000000000000000000000200000000,94,msb0,delta_C||C||C_star,grouped,shared,uint8,"[10000, 16, 384]",/mnt/d/#PROJECT_RKNDIncECA/Related-key-mcp-attention-Inception-based-ND/analysis_data/lea_rkmp_controls_v1/analysis/lea128/r10/k16/seed201/D1_structured.npy,/mnt/d/#PROJECT_RKNDIncECA/Related-key-mcp-attention-Inception-based-ND/analysis_data/lea_rkmp_controls_v1/analysis/lea128/r10/k16/seed201/D0_null.npy,/mnt/d/#PROJECT_RKNDIncECA/Related-key-mcp-attention-Inception-based-ND/analysis_data/lea_rkmp_controls_v1/analysis/lea128/r10/k16/seed201/D1_labels.npy,/mnt/d/#PROJECT_RKNDIncECA/Related-key-mcp-attention-Inception-based-ND/analysis_data/lea_rkmp_controls_v1/analysis/lea128/r10/k16/seed201/D0_labels.npy,/mnt/d/#PROJECT_RKNDIncECA/Related-key-mcp-attention-Inception-based-ND/analysis_data/lea_rkmp_controls_v1/analysis/lea128/r10/k16/seed201/controls/D0_vs_D0/D0_control_a.npy,/mnt/d/#PROJECT_RKNDIncECA/Related-key-mcp-attention-Inception-based-ND/analysis_data/lea_rkmp_controls_v1/analysis/lea128/r10/k16/seed201/controls/D0_vs_D0/D0_control_b.npy,/mnt/d/#PROJECT_RKNDIncECA/Related-key-mcp-attention-Inception-based-ND/analysis_data/lea_rkmp_controls_v1/analysis/lea128/r10/k16/seed201/controls/D1_vs_D1/D1_control_a.npy,/mnt/d/#PROJECT_RKNDIncECA/Related-key-mcp-attention-Inception-based-ND/analysis_data/lea_rkmp_controls_v1/analysis/lea128/r10/k16/seed201/controls/D1_vs_D1/D1_control_b.npy,/mnt/d/#PROJECT_RKNDIncECA/Related-key-mcp-attention-Inception-based-ND/analysis_data/lea_rkmp_controls_v1/analysis/lea128/r10/k16/seed201/controls/pair_shuffled/D1_pair_shuffled.npy,3c55c633e34ac71f41598d37a2a879630b81b176955814768915048eddc98723,02195b360790cb13229f9035833ee96fd5b481dfe5b4f72f67f1f365264b1686,cbd5464f694da5b8aceb4b3b56b5170178d43662c90e67715b2ceaa1ada6f191,ec079d06b7bb0714bdcb4613801ede7320831b6ac474f8d2a1a87b063a5ebc2f,/mnt/d/#PROJECT_RKNDIncECA/Related-key-mcp-attention-Inception-based-ND/analysis_data/lea_rkmp_controls_v1/analysis/lea128/r10/k16/seed201/run_config.json,/mnt/d/#PROJECT_RKNDIncECA/Related-key-mcp-attention-Inception-based-ND/analysis_data/lea_rkmp_controls_v1/analysis/lea128/r10/k16/seed201/protocol_validation.json,/mnt/d/#PROJECT_RKNDIncECA/Related-key-mcp-attention-Inception-based-ND/analysis_data/lea_rkmp_controls_v1/analysis/lea128/r10/k16/seed201/control_metadata.json,True,33.239193,430101152,ce6743ea31ae63c20ef7e86fff910deb53a3db449c3b35dc0a9ffea82b99d917,2026-07-17T13:41:52.789123+00:00,completed
lea_rkmp_controls_v1,analysis,LEA-128,lea128,cipher.lea,10,16,202,202,10000,128,128,0x00000000000000000000008000000080,0x00000000000000000000000200000000,94,msb0,delta_C||C||C_star,grouped,shared,uint8,"[10000, 16, 384]",/mnt/d/#PROJECT_RKNDIncECA/Related-key-mcp-attention-Inception-based-ND/analysis_data/lea_rkmp_controls_v1/analysis/lea128/r10/k16/seed202/D1_structured.npy,/mnt/d/#PROJECT_RKNDIncECA/Related-key-mcp-attention-Inception-based-ND/analysis_data/lea_rkmp_controls_v1/analysis/lea128/r10/k16/seed202/D0_null.npy,/mnt/d/#PROJECT_RKNDIncECA/Related-key-mcp-attention-Inception-based-ND/analysis_data/lea_rkmp_controls_v1/analysis/lea128/r10/k16/seed202/D1_labels.npy,/mnt/d/#PROJECT_RKNDIncECA/Related-key-mcp-attention-Inception-based-ND/analysis_data/lea_rkmp_controls_v1/analysis/lea128/r10/k16/seed202/D0_labels.npy,/mnt/d/#PROJECT_RKNDIncECA/Related-key-mcp-attention-Inception-based-ND/analysis_data/lea_rkmp_controls_v1/analysis/lea128/r10/k16/seed202/controls/D0_vs_D0/D0_control_a.npy,/mnt/d/#PROJECT_RKNDIncECA/Related-key-mcp-attention-Inception-based-ND/analysis_data/lea_rkmp_controls_v1/analysis/lea128/r10/k16/seed202/controls/D0_vs_D0/D0_control_b.npy,/mnt/d/#PROJECT_RKNDIncECA/Related-key-mcp-attention-Inception-based-ND/analysis_data/lea_rkmp_controls_v1/analysis/lea128/r10/k16/seed202/controls/D1_vs_D1/D1_control_a.npy,/mnt/d/#PROJECT_RKNDIncECA/Related-key-mcp-attention-Inception-based-ND/analysis_data/lea_rkmp_controls_v1/analysis/lea128/r10/k16/seed202/controls/D1_vs_D1/D1_control_b.npy,/mnt/d/#PROJECT_RKNDIncECA/Related-key-mcp-attention-Inception-based-ND/analysis_data/lea_rkmp_controls_v1/analysis/lea128/r10/k16/seed202/controls/pair_shuffled/D1_pair_shuffled.npy,fd10b38db94df9733e13a80cda75fbeb175b26c792661156df3f70428cbacfba,81ea3d62d00a44a3277bb553279b2a7cdbc926055717ef34c74ddcb348aab59c,51708351a9b5287395421286acbc19146b8d8a22d9787149f1788e9fc9c23ed2,031e56c5c7e109fd2acc97e0b7af418d6211e364b9a5b72915b5c184e9db8d0a,/mnt/d/#PROJECT_RKNDIncECA/Related-key-mcp-attention-Inception-based-ND/analysis_data/lea_rkmp_controls_v1/analysis/lea128/r10/k16/seed202/run_config.json,/mnt/d/#PROJECT_RKNDIncECA/Related-key-mcp-attention-Inception-based-ND/analysis_data/lea_rkmp_controls_v1/analysis/lea128/r10/k16/seed202/protocol_validation.json,/mnt/d/#PROJECT_RKNDIncECA/Related-key-mcp-attention-Inception-based-ND/analysis_data/lea_rkmp_controls_v1/analysis/lea128/r10/k16/seed202/control_metadata.json,True,27.436779,430101152,58abd9db9caf2725cffb57366bdfb75bc258d316da7cecc26098f7158b55177a,2026-07-17T13:42:23.976564+00:00,completed
lea_rkmp_controls_v1,analysis,LEA-128,lea128,cipher.lea,10,16,203,203,10000,128,128,0x00000000000000000000008000000080,0x00000000000000000000000200000000,94,msb0,delta_C||C||C_star,grouped,shared,uint8,"[10000, 16, 384]",/mnt/d/#PROJECT_RKNDIncECA/Related-key-mcp-attention-Inception-based-ND/analysis_data/lea_rkmp_controls_v1/analysis/lea128/r10/k16/seed203/D1_structured.npy,/mnt/d/#PROJECT_RKNDIncECA/Related-key-mcp-attention-Inception-based-ND/analysis_data/lea_rkmp_controls_v1/analysis/lea128/r10/k16/seed203/D0_null.npy,/mnt/d/#PROJECT_RKNDIncECA/Related-key-mcp-attention-Inception-based-ND/analysis_data/lea_rkmp_controls_v1/analysis/lea128/r10/k16/seed203/D1_labels.npy,/mnt/d/#PROJECT_RKNDIncECA/Related-key-mcp-attention-Inception-based-ND/analysis_data/lea_rkmp_controls_v1/analysis/lea128/r10/k16/seed203/D0_labels.npy,/mnt/d/#PROJECT_RKNDIncECA/Related-key-mcp-attention-Inception-based-ND/analysis_data/lea_rkmp_controls_v1/analysis/lea128/r10/k16/seed203/controls/D0_vs_D0/D0_control_a.npy,/mnt/d/#PROJECT_RKNDIncECA/Related-key-mcp-attention-Inception-based-ND/analysis_data/lea_rkmp_controls_v1/analysis/lea128/r10/k16/seed203/controls/D0_vs_D0/D0_control_b.npy,/mnt/d/#PROJECT_RKNDIncECA/Related-key-mcp-attention-Inception-based-ND/analysis_data/lea_rkmp_controls_v1/analysis/lea128/r10/k16/seed203/controls/D1_vs_D1/D1_control_a.npy,/mnt/d/#PROJECT_RKNDIncECA/Related-key-mcp-attention-Inception-based-ND/analysis_data/lea_rkmp_controls_v1/analysis/lea128/r10/k16/seed203/controls/D1_vs_D1/D1_control_b.npy,/mnt/d/#PROJECT_RKNDIncECA/Related-key-mcp-attention-Inception-based-ND/analysis_data/lea_rkmp_controls_v1/analysis/lea128/r10/k16/seed203/controls/pair_shuffled/D1_pair_shuffled.npy,98757ebecda41e422367799bafd0f9cb3f74a649b40700e1a546cdc5a344731d,c8139f5390408f0b8b4ec64d24be6b94c4ed2b052791d586903920017c3473cd,e58f9318bac246b604792ccb3e7f66b72b4084af02cb37bf15b8029576d7d072,114c7497b4f16a27a79c0c6d6a1b05aaa0d53835f36902ea44d5a01e44c72d0e,/mnt/d/#PROJECT_RKNDIncECA/Related-key-mcp-attention-Inception-based-ND/analysis_data/lea_rkmp_controls_v1/analysis/lea128/r10/k16/seed203/run_config.json,/mnt/d/#PROJECT_RKNDIncECA/Related-key-mcp-attention-Inception-based-ND/analysis_data/lea_rkmp_controls_v1/analysis/lea128/r10/k16/seed203/protocol_validation.json,/mnt/d/#PROJECT_RKNDIncECA/Related-key-mcp-attention-Inception-based-ND/analysis_data/lea_rkmp_controls_v1/analysis/lea128/r10/k16/seed203/control_metadata.json,True,31.715006,430101152,b0a687694cc1025f4b2b68b6054258f89ef881c74c09c4c72fd0576933471ad4,2026-07-17T13:42:59.273164+00:00,completed
lea_rkmp_controls_v1,analysis,LEA-128,lea128,cipher.lea,10,32,201,201,10000,128,128,0x00000000000000000000008000000080,0x00000000000000000000000200000000,94,msb0,delta_C||C||C_star,grouped,shared,uint8,"[10000, 32, 384]",/mnt/d/#PROJECT_RKNDIncECA/Related-key-mcp-attention-Inception-based-ND/analysis_data/lea_rkmp_controls_v1/analysis/lea128/r10/k32/seed201/D1_structured.npy,/mnt/d/#PROJECT_RKNDIncECA/Related-key-mcp-attention-Inception-based-ND/analysis_data/lea_rkmp_controls_v1/analysis/lea128/r10/k32/seed201/D0_null.npy,/mnt/d/#PROJECT_RKNDIncECA/Related-key-mcp-attention-Inception-based-ND/analysis_data/lea_rkmp_controls_v1/analysis/lea128/r10/k32/seed201/D1_labels.npy,/mnt/d/#PROJECT_RKNDIncECA/Related-key-mcp-attention-Inception-based-ND/analysis_data/lea_rkmp_controls_v1/analysis/lea128/r10/k32/seed201/D0_labels.npy,/mnt/d/#PROJECT_RKNDIncECA/Related-key-mcp-attention-Inception-based-ND/analysis_data/lea_rkmp_controls_v1/analysis/lea128/r10/k32/seed201/controls/D0_vs_D0/D0_control_a.npy,/mnt/d/#PROJECT_RKNDIncECA/Related-key-mcp-attention-Inception-based-ND/analysis_data/lea_rkmp_controls_v1/analysis/lea128/r10/k32/seed201/controls/D0_vs_D0/D0_control_b.npy,/mnt/d/#PROJECT_RKNDIncECA/Related-key-mcp-attention-Inception-based-ND/analysis_data/lea_rkmp_controls_v1/analysis/lea128/r10/k32/seed201/controls/D1_vs_D1/D1_control_a.npy,/mnt/d/#PROJECT_RKNDIncECA/Related-key-mcp-attention-Inception-based-ND/analysis_data/lea_rkmp_controls_v1/analysis/lea128/r10/k32/seed201/controls/D1_vs_D1/D1_control_b.npy,/mnt/d/#PROJECT_RKNDIncECA/Related-key-mcp-attention-Inception-based-ND/analysis_data/lea_rkmp_controls_v1/analysis/lea128/r10/k32/seed201/controls/pair_shuffled/D1_pair_shuffled.npy,5a85e8a708bbbd37e139fe5e68041248d2c627778d567b631c68eaceaa15ce9e,c000c43a2804fe756efba7fb455cab14597b85ed44d3eb7ebd8a3cbac5b2659b,1ff6cf6336c4aa8cdd69e4b7f49bc1b01b530e3a9870a1d31a1987e98938f541,734e440262ff54f1a66c2c1e247d3d41be2769acf70aaa5c718d7f672a506c3a,/mnt/d/#PROJECT_RKNDIncECA/Related-key-mcp-attention-Inception-based-ND/analysis_data/lea_rkmp_controls_v1/analysis/lea128/r10/k32/seed201/run_config.json,/mnt/d/#PROJECT_RKNDIncECA/Related-key-mcp-attention-Inception-based-ND/analysis_data/lea_rkmp_controls_v1/analysis/lea128/r10/k32/seed201/protocol_validation.json,/mnt/d/#PROJECT_RKNDIncECA/Related-key-mcp-attention-Inception-based-ND/analysis_data/lea_rkmp_controls_v1/analysis/lea128/r10/k32/seed201/control_metadata.json,True,59.450681,860181152,b68db830d5e927187c26a1a31dfe103102d9dabef2eb377a43112d9dc0f74e26,2026-07-17T13:44:05.762029+00:00,completed
lea_rkmp_controls_v1,analysis,LEA-128,lea128,cipher.lea,10,32,202,202,10000,128,128,0x00000000000000000000008000000080,0x00000000000000000000000200000000,94,msb0,delta_C||C||C_star,grouped,shared,uint8,"[10000, 32, 384]",/mnt/d/#PROJECT_RKNDIncECA/Related-key-mcp-attention-Inception-based-ND/analysis_data/lea_rkmp_controls_v1/analysis/lea128/r10/k32/seed202/D1_structured.npy,/mnt/d/#PROJECT_RKNDIncECA/Related-key-mcp-attention-Inception-based-ND/analysis_data/lea_rkmp_controls_v1/analysis/lea128/r10/k32/seed202/D0_null.npy,/mnt/d/#PROJECT_RKNDIncECA/Related-key-mcp-attention-Inception-based-ND/analysis_data/lea_rkmp_controls_v1/analysis/lea128/r10/k32/seed202/D1_labels.npy,/mnt/d/#PROJECT_RKNDIncECA/Related-key-mcp-attention-Inception-based-ND/analysis_data/lea_rkmp_controls_v1/analysis/lea128/r10/k32/seed202/D0_labels.npy,/mnt/d/#PROJECT_RKNDIncECA/Related-key-mcp-attention-Inception-based-ND/analysis_data/lea_rkmp_controls_v1/analysis/lea128/r10/k32/seed202/controls/D0_vs_D0/D0_control_a.npy,/mnt/d/#PROJECT_RKNDIncECA/Related-key-mcp-attention-Inception-based-ND/analysis_data/lea_rkmp_controls_v1/analysis/lea128/r10/k32/seed202/controls/D0_vs_D0/D0_control_b.npy,/mnt/d/#PROJECT_RKNDIncECA/Related-key-mcp-attention-Inception-based-ND/analysis_data/lea_rkmp_controls_v1/analysis/lea128/r10/k32/seed202/controls/D1_vs_D1/D1_control_a.npy,/mnt/d/#PROJECT_RKNDIncECA/Related-key-mcp-attention-Inception-based-ND/analysis_data/lea_rkmp_controls_v1/analysis/lea128/r10/k32/seed202/controls/D1_vs_D1/D1_control_b.npy,/mnt/d/#PROJECT_RKNDIncECA/Related-key-mcp-attention-Inception-based-ND/analysis_data/lea_rkmp_controls_v1/analysis/lea128/r10/k32/seed202/controls/pair_shuffled/D1_pair_shuffled.npy,19f86fdffeea4055373ca56f0c6a6023ecbe41960db9e31c2c328fc86215ac7d,278a998c4ea83686d010201f5bf9375359ea77387319901db3a93faf60a54fb1,59cd344b13262939e633a51d02f1d1705cf5fcf81c94cf074392d8ef5fa2c90a,e9eeee4ba1fe967bebe907701e926500f51251bf64da3efed068bf62efae0d3e,/mnt/d/#PROJECT_RKNDIncECA/Related-key-mcp-attention-Inception-based-ND/analysis_data/lea_rkmp_controls_v1/analysis/lea128/r10/k32/seed202/run_config.json,/mnt/d/#PROJECT_RKNDIncECA/Related-key-mcp-attention-Inception-based-ND/analysis_data/lea_rkmp_controls_v1/analysis/lea128/r10/k32/seed202/protocol_validation.json,/mnt/d/#PROJECT_RKNDIncECA/Related-key-mcp-attention-Inception-based-ND/analysis_data/lea_rkmp_controls_v1/analysis/lea128/r10/k32/seed202/control_metadata.json,True,66.779362,860181152,4a071a7288d51b6d85781271408ac5ac6a638ed7c82ec27e4364292a6246b222,2026-07-17T13:45:19.810589+00:00,completed
lea_rkmp_controls_v1,analysis,LEA-128,lea128,cipher.lea,10,32,203,203,10000,128,128,0x00000000000000000000008000000080,0x00000000000000000000000200000000,94,msb0,delta_C||C||C_star,grouped,shared,uint8,"[10000, 32, 384]",/mnt/d/#PROJECT_RKNDIncECA/Related-key-mcp-attention-Inception-based-ND/analysis_data/lea_rkmp_controls_v1/analysis/lea128/r10/k32/seed203/D1_structured.npy,/mnt/d/#PROJECT_RKNDIncECA/Related-key-mcp-attention-Inception-based-ND/analysis_data/lea_rkmp_controls_v1/analysis/lea128/r10/k32/seed203/D0_null.npy,/mnt/d/#PROJECT_RKNDIncECA/Related-key-mcp-attention-Inception-based-ND/analysis_data/lea_rkmp_controls_v1/analysis/lea128/r10/k32/seed203/D1_labels.npy,/mnt/d/#PROJECT_RKNDIncECA/Related-key-mcp-attention-Inception-based-ND/analysis_data/lea_rkmp_controls_v1/analysis/lea128/r10/k32/seed203/D0_labels.npy,/mnt/d/#PROJECT_RKNDIncECA/Related-key-mcp-attention-Inception-based-ND/analysis_data/lea_rkmp_controls_v1/analysis/lea128/r10/k32/seed203/controls/D0_vs_D0/D0_control_a.npy,/mnt/d/#PROJECT_RKNDIncECA/Related-key-mcp-attention-Inception-based-ND/analysis_data/lea_rkmp_controls_v1/analysis/lea128/r10/k32/seed203/controls/D0_vs_D0/D0_control_b.npy,/mnt/d/#PROJECT_RKNDIncECA/Related-key-mcp-attention-Inception-based-ND/analysis_data/lea_rkmp_controls_v1/analysis/lea128/r10/k32/seed203/controls/D1_vs_D1/D1_control_a.npy,/mnt/d/#PROJECT_RKNDIncECA/Related-key-mcp-attention-Inception-based-ND/analysis_data/lea_rkmp_controls_v1/analysis/lea128/r10/k32/seed203/controls/D1_vs_D1/D1_control_b.npy,/mnt/d/#PROJECT_RKNDIncECA/Related-key-mcp-attention-Inception-based-ND/analysis_data/lea_rkmp_controls_v1/analysis/lea128/r10/k32/seed203/controls/pair_shuffled/D1_pair_shuffled.npy,8dcff6673c05c42c637d79e29c92071a97dac3c07066c3d6fa35c05c7bf8ebed,9fa95b79fe4ddb59f58e9ff655fe11ad1f1f03ca5752e7d425ae90ff79d32ce9,80a78fda500314fb5b3de02b24fef1704bfba8cdbdd82430168115da259ad24f,68cbb35a36ea270c81db9bfe10ed0ac0648703cf522ab006ed2e3f4b08abd525,/mnt/d/#PROJECT_RKNDIncECA/Related-key-mcp-attention-Inception-based-ND/analysis_data/lea_rkmp_controls_v1/analysis/lea128/r10/k32/seed203/run_config.json,/mnt/d/#PROJECT_RKNDIncECA/Related-key-mcp-attention-Inception-based-ND/analysis_data/lea_rkmp_controls_v1/analysis/lea128/r10/k32/seed203/protocol_validation.json,/mnt/d/#PROJECT_RKNDIncECA/Related-key-mcp-attention-Inception-based-ND/analysis_data/lea_rkmp_controls_v1/analysis/lea128/r10/k32/seed203/control_metadata.json,True,100.788657,860181152,ea200f5fd6f5f4c51afff66e25c857ecbc500591800a86ed973cd24a059796c8,2026-07-17T13:47:11.419331+00:00,completed
lea_rkmp_controls_v1,analysis,LEA-128,lea128,cipher.lea,11,1,201,201,10000,128,128,0x00000000000000000000008000000080,0x00000000000000000000000200000000,94,msb0,delta_C||C||C_star,grouped,shared,uint8,"[10000, 1, 384]",/mnt/d/#PROJECT_RKNDIncECA/Related-key-mcp-attention-Inception-based-ND/analysis_data/lea_rkmp_controls_v1/analysis/lea128/r11/k1/seed201/D1_structured.npy,/mnt/d/#PROJECT_RKNDIncECA/Related-key-mcp-attention-Inception-based-ND/analysis_data/lea_rkmp_controls_v1/analysis/lea128/r11/k1/seed201/D0_null.npy,/mnt/d/#PROJECT_RKNDIncECA/Related-key-mcp-attention-Inception-based-ND/analysis_data/lea_rkmp_controls_v1/analysis/lea128/r11/k1/seed201/D1_labels.npy,/mnt/d/#PROJECT_RKNDIncECA/Related-key-mcp-attention-Inception-based-ND/analysis_data/lea_rkmp_controls_v1/analysis/lea128/r11/k1/seed201/D0_labels.npy,/mnt/d/#PROJECT_RKNDIncECA/Related-key-mcp-attention-Inception-based-ND/analysis_data/lea_rkmp_controls_v1/analysis/lea128/r11/k1/seed201/controls/D0_vs_D0/D0_control_a.npy,/mnt/d/#PROJECT_RKNDIncECA/Related-key-mcp-attention-Inception-based-ND/analysis_data/lea_rkmp_controls_v1/analysis/lea128/r11/k1/seed201/controls/D0_vs_D0/D0_control_b.npy,/mnt/d/#PROJECT_RKNDIncECA/Related-key-mcp-attention-Inception-based-ND/analysis_data/lea_rkmp_controls_v1/analysis/lea128/r11/k1/seed201/controls/D1_vs_D1/D1_control_a.npy,/mnt/d/#PROJECT_RKNDIncECA/Related-key-mcp-attention-Inception-based-ND/analysis_data/lea_rkmp_controls_v1/analysis/lea128/r11/k1/seed201/controls/D1_vs_D1/D1_control_b.npy,/mnt/d/#PROJECT_RKNDIncECA/Related-key-mcp-attention-Inception-based-ND/analysis_data/lea_rkmp_controls_v1/analysis/lea128/r11/k1/seed201/controls/pair_shuffled/D1_pair_shuffled.npy,05eed1973007d71d6d7a9ff9c3f1cec3e7d0c1c7f38788d5a0966d381c7dfe73,255eb83695ea5b2325d82caca0454734d732dd94080d17fe231dd054d4966ecf,77f0fce15a972ddcbdaede3b283aed68cf48d184dc0901a483b193a22dc54310,9fca716b9a85f6e7f17b3fc1a8f07b8a953f886edc06c949d1d288234afbedd1,/mnt/d/#PROJECT_RKNDIncECA/Related-key-mcp-attention-Inception-based-ND/analysis_data/lea_rkmp_controls_v1/analysis/lea128/r11/k1/seed201/run_config.json,/mnt/d/#PROJECT_RKNDIncECA/Related-key-mcp-attention-Inception-based-ND/analysis_data/lea_rkmp_controls_v1/analysis/lea128/r11/k1/seed201/protocol_validation.json,/mnt/d/#PROJECT_RKNDIncECA/Related-key-mcp-attention-Inception-based-ND/analysis_data/lea_rkmp_controls_v1/analysis/lea128/r11/k1/seed201/control_metadata.json,True,3.483478,26901152,1278f05a22abf3f7ecf90b6f17460842dfb2438cccfba620bbd7d9558ef0a249,2026-07-17T13:47:15.096822+00:00,completed
lea_rkmp_controls_v1,analysis,LEA-128,lea128,cipher.lea,11,1,202,202,10000,128,128,0x00000000000000000000008000000080,0x00000000000000000000000200000000,94,msb0,delta_C||C||C_star,grouped,shared,uint8,"[10000, 1, 384]",/mnt/d/#PROJECT_RKNDIncECA/Related-key-mcp-attention-Inception-based-ND/analysis_data/lea_rkmp_controls_v1/analysis/lea128/r11/k1/seed202/D1_structured.npy,/mnt/d/#PROJECT_RKNDIncECA/Related-key-mcp-attention-Inception-based-ND/analysis_data/lea_rkmp_controls_v1/analysis/lea128/r11/k1/seed202/D0_null.npy,/mnt/d/#PROJECT_RKNDIncECA/Related-key-mcp-attention-Inception-based-ND/analysis_data/lea_rkmp_controls_v1/analysis/lea128/r11/k1/seed202/D1_labels.npy,/mnt/d/#PROJECT_RKNDIncECA/Related-key-mcp-attention-Inception-based-ND/analysis_data/lea_rkmp_controls_v1/analysis/lea128/r11/k1/seed202/D0_labels.npy,/mnt/d/#PROJECT_RKNDIncECA/Related-key-mcp-attention-Inception-based-ND/analysis_data/lea_rkmp_controls_v1/analysis/lea128/r11/k1/seed202/controls/D0_vs_D0/D0_control_a.npy,/mnt/d/#PROJECT_RKNDIncECA/Related-key-mcp-attention-Inception-based-ND/analysis_data/lea_rkmp_controls_v1/analysis/lea128/r11/k1/seed202/controls/D0_vs_D0/D0_control_b.npy,/mnt/d/#PROJECT_RKNDIncECA/Related-key-mcp-attention-Inception-based-ND/analysis_data/lea_rkmp_controls_v1/analysis/lea128/r11/k1/seed202/controls/D1_vs_D1/D1_control_a.npy,/mnt/d/#PROJECT_RKNDIncECA/Related-key-mcp-attention-Inception-based-ND/analysis_data/lea_rkmp_controls_v1/analysis/lea128/r11/k1/seed202/controls/D1_vs_D1/D1_control_b.npy,/mnt/d/#PROJECT_RKNDIncECA/Related-key-mcp-attention-Inception-based-ND/analysis_data/lea_rkmp_controls_v1/analysis/lea128/r11/k1/seed202/controls/pair_shuffled/D1_pair_shuffled.npy,3a111e5b8131583cc6282b4269b78c69672f5ba9b78cb4daa2e4b03e08fe0e88,56c0d7f135838e84e4d05ed74a132e4b91fe6207ad91f0f313fd008f20eeba64,d3fa42ab24390ac8a9e54a89e7d0d4739cdfbfef0e5ab8bfa89f1620f86b5fab,9bd247f4625a98d7acda1c7b88850b0f66a9d42da9d305fbe9c97c9a76eaa445,/mnt/d/#PROJECT_RKNDIncECA/Related-key-mcp-attention-Inception-based-ND/analysis_data/lea_rkmp_controls_v1/analysis/lea128/r11/k1/seed202/run_config.json,/mnt/d/#PROJECT_RKNDIncECA/Related-key-mcp-attention-Inception-based-ND/analysis_data/lea_rkmp_controls_v1/analysis/lea128/r11/k1/seed202/protocol_validation.json,/mnt/d/#PROJECT_RKNDIncECA/Related-key-mcp-attention-Inception-based-ND/analysis_data/lea_rkmp_controls_v1/analysis/lea128/r11/k1/seed202/control_metadata.json,True,3.759566,26901152,9c99a3f0f40686e69d429c77c00a9ab2a88b0bbbd7b99486ae521f27b9fbc61b,2026-07-17T13:47:18.920074+00:00,completed
lea_rkmp_controls_v1,analysis,LEA-128,lea128,cipher.lea,11,1,203,203,10000,128,128,0x00000000000000000000008000000080,0x00000000000000000000000200000000,94,msb0,delta_C||C||C_star,grouped,shared,uint8,"[10000, 1, 384]",/mnt/d/#PROJECT_RKNDIncECA/Related-key-mcp-attention-Inception-based-ND/analysis_data/lea_rkmp_controls_v1/analysis/lea128/r11/k1/seed203/D1_structured.npy,/mnt/d/#PROJECT_RKNDIncECA/Related-key-mcp-attention-Inception-based-ND/analysis_data/lea_rkmp_controls_v1/analysis/lea128/r11/k1/seed203/D0_null.npy,/mnt/d/#PROJECT_RKNDIncECA/Related-key-mcp-attention-Inception-based-ND/analysis_data/lea_rkmp_controls_v1/analysis/lea128/r11/k1/seed203/D1_labels.npy,/mnt/d/#PROJECT_RKNDIncECA/Related-key-mcp-attention-Inception-based-ND/analysis_data/lea_rkmp_controls_v1/analysis/lea128/r11/k1/seed203/D0_labels.npy,/mnt/d/#PROJECT_RKNDIncECA/Related-key-mcp-attention-Inception-based-ND/analysis_data/lea_rkmp_controls_v1/analysis/lea128/r11/k1/seed203/controls/D0_vs_D0/D0_control_a.npy,/mnt/d/#PROJECT_RKNDIncECA/Related-key-mcp-attention-Inception-based-ND/analysis_data/lea_rkmp_controls_v1/analysis/lea128/r11/k1/seed203/controls/D0_vs_D0/D0_control_b.npy,/mnt/d/#PROJECT_RKNDIncECA/Related-key-mcp-attention-Inception-based-ND/analysis_data/lea_rkmp_controls_v1/analysis/lea128/r11/k1/seed203/controls/D1_vs_D1/D1_control_a.npy,/mnt/d/#PROJECT_RKNDIncECA/Related-key-mcp-attention-Inception-based-ND/analysis_data/lea_rkmp_controls_v1/analysis/lea128/r11/k1/seed203/controls/D1_vs_D1/D1_control_b.npy,/mnt/d/#PROJECT_RKNDIncECA/Related-key-mcp-attention-Inception-based-ND/analysis_data/lea_rkmp_controls_v1/analysis/lea128/r11/k1/seed203/controls/pair_shuffled/D1_pair_shuffled.npy,2fd17ab7523ded1f8be8e5230a3b267ef56820ee045017943530a3219d132312,76f1bb16bed879f6dc1f661ae0c2ea0e3161f26df7272a04d3e0c13b51c90bda,d35a2c4ba4a432c89ff8ea9d9b119857f42929a1f2903e5a39cbe8351f2b5dd8,aec153abc57882bc6623e7345e1cc04e9da0fed450b59726d5f9eae9679c56c2,/mnt/d/#PROJECT_RKNDIncECA/Related-key-mcp-attention-Inception-based-ND/analysis_data/lea_rkmp_controls_v1/analysis/lea128/r11/k1/seed203/run_config.json,/mnt/d/#PROJECT_RKNDIncECA/Related-key-mcp-attention-Inception-based-ND/analysis_data/lea_rkmp_controls_v1/analysis/lea128/r11/k1/seed203/protocol_validation.json,/mnt/d/#PROJECT_RKNDIncECA/Related-key-mcp-attention-Inception-based-ND/analysis_data/lea_rkmp_controls_v1/analysis/lea128/r11/k1/seed203/control_metadata.json,True,5.562088,26901152,fba036d5acf48a98c26d511b142d5fe864dc96744d4f643b128e724765b7d99c,2026-07-17T13:47:24.590413+00:00,completed
lea_rkmp_controls_v1,analysis,LEA-128,lea128,cipher.lea,11,2,201,201,10000,128,128,0x00000000000000000000008000000080,0x00000000000000000000000200000000,94,msb0,delta_C||C||C_star,grouped,shared,uint8,"[10000, 2, 384]",/mnt/d/#PROJECT_RKNDIncECA/Related-key-mcp-attention-Inception-based-ND/analysis_data/lea_rkmp_controls_v1/analysis/lea128/r11/k2/seed201/D1_structured.npy,/mnt/d/#PROJECT_RKNDIncECA/Related-key-mcp-attention-Inception-based-ND/analysis_data/lea_rkmp_controls_v1/analysis/lea128/r11/k2/seed201/D0_null.npy,/mnt/d/#PROJECT_RKNDIncECA/Related-key-mcp-attention-Inception-based-ND/analysis_data/lea_rkmp_controls_v1/analysis/lea128/r11/k2/seed201/D1_labels.npy,/mnt/d/#PROJECT_RKNDIncECA/Related-key-mcp-attention-Inception-based-ND/analysis_data/lea_rkmp_controls_v1/analysis/lea128/r11/k2/seed201/D0_labels.npy,/mnt/d/#PROJECT_RKNDIncECA/Related-key-mcp-attention-Inception-based-ND/analysis_data/lea_rkmp_controls_v1/analysis/lea128/r11/k2/seed201/controls/D0_vs_D0/D0_control_a.npy,/mnt/d/#PROJECT_RKNDIncECA/Related-key-mcp-attention-Inception-based-ND/analysis_data/lea_rkmp_controls_v1/analysis/lea128/r11/k2/seed201/controls/D0_vs_D0/D0_control_b.npy,/mnt/d/#PROJECT_RKNDIncECA/Related-key-mcp-attention-Inception-based-ND/analysis_data/lea_rkmp_controls_v1/analysis/lea128/r11/k2/seed201/controls/D1_vs_D1/D1_control_a.npy,/mnt/d/#PROJECT_RKNDIncECA/Related-key-mcp-attention-Inception-based-ND/analysis_data/lea_rkmp_controls_v1/analysis/lea128/r11/k2/seed201/controls/D1_vs_D1/D1_control_b.npy,/mnt/d/#PROJECT_RKNDIncECA/Related-key-mcp-attention-Inception-based-ND/analysis_data/lea_rkmp_controls_v1/analysis/lea128/r11/k2/seed201/controls/pair_shuffled/D1_pair_shuffled.npy,5e39efacee804fc55ecd694b8609790f480b113c15f8a4e0d5afa6f1095786b4,799c8f610b0e384caa5a80d3cd118259618e9abe9550f7bdd595075e56e0de28,7d64b579e03d3f8cef41e2b803d7b83a295a4a543fbb2a5bcbf652b31b6ff703,519d4e70c94d436c097e7685b4a86d8374d40e33465b29b2c2cbe1b5106fabb8,/mnt/d/#PROJECT_RKNDIncECA/Related-key-mcp-attention-Inception-based-ND/analysis_data/lea_rkmp_controls_v1/analysis/lea128/r11/k2/seed201/run_config.json,/mnt/d/#PROJECT_RKNDIncECA/Related-key-mcp-attention-Inception-based-ND/analysis_data/lea_rkmp_controls_v1/analysis/lea128/r11/k2/seed201/protocol_validation.json,/mnt/d/#PROJECT_RKNDIncECA/Related-key-mcp-attention-Inception-based-ND/analysis_data/lea_rkmp_controls_v1/analysis/lea128/r11/k2/seed201/control_metadata.json,True,6.393006,53781152,882161b2edf66abf32412873325bf00010a9d08eefcebd7ad27d4cfce313e1bd,2026-07-17T13:47:31.064789+00:00,completed
lea_rkmp_controls_v1,analysis,LEA-128,lea128,cipher.lea,11,2,202,202,10000,128,128,0x00000000000000000000008000000080,0x00000000000000000000000200000000,94,msb0,delta_C||C||C_star,grouped,shared,uint8,"[10000, 2, 384]",/mnt/d/#PROJECT_RKNDIncECA/Related-key-mcp-attention-Inception-based-ND/analysis_data/lea_rkmp_controls_v1/analysis/lea128/r11/k2/seed202/D1_structured.npy,/mnt/d/#PROJECT_RKNDIncECA/Related-key-mcp-attention-Inception-based-ND/analysis_data/lea_rkmp_controls_v1/analysis/lea128/r11/k2/seed202/D0_null.npy,/mnt/d/#PROJECT_RKNDIncECA/Related-key-mcp-attention-Inception-based-ND/analysis_data/lea_rkmp_controls_v1/analysis/lea128/r11/k2/seed202/D1_labels.npy,/mnt/d/#PROJECT_RKNDIncECA/Related-key-mcp-attention-Inception-based-ND/analysis_data/lea_rkmp_controls_v1/analysis/lea128/r11/k2/seed202/D0_labels.npy,/mnt/d/#PROJECT_RKNDIncECA/Related-key-mcp-attention-Inception-based-ND/analysis_data/lea_rkmp_controls_v1/analysis/lea128/r11/k2/seed202/controls/D0_vs_D0/D0_control_a.npy,/mnt/d/#PROJECT_RKNDIncECA/Related-key-mcp-attention-Inception-based-ND/analysis_data/lea_rkmp_controls_v1/analysis/lea128/r11/k2/seed202/controls/D0_vs_D0/D0_control_b.npy,/mnt/d/#PROJECT_RKNDIncECA/Related-key-mcp-attention-Inception-based-ND/analysis_data/lea_rkmp_controls_v1/analysis/lea128/r11/k2/seed202/controls/D1_vs_D1/D1_control_a.npy,/mnt/d/#PROJECT_RKNDIncECA/Related-key-mcp-attention-Inception-based-ND/analysis_data/lea_rkmp_controls_v1/analysis/lea128/r11/k2/seed202/controls/D1_vs_D1/D1_control_b.npy,/mnt/d/#PROJECT_RKNDIncECA/Related-key-mcp-attention-Inception-based-ND/analysis_data/lea_rkmp_controls_v1/analysis/lea128/r11/k2/seed202/controls/pair_shuffled/D1_pair_shuffled.npy,eb970ce144eb3dcf3d6cef5585b3cedb304595861a57f491f94364e6bb596345,54ba1d49ab9d36e4f5109730766446cefea5ec6c47f5ce8a9a6cc1738d3ef381,248aa608ef3656d6f50de8c6915146841fc277112371cc0a96303ccf4a2f3e9e,7751cde8020b30cbbbd011ccd4af5736bfbd11e192789d5f164523eda5d97c07,/mnt/d/#PROJECT_RKNDIncECA/Related-key-mcp-attention-Inception-based-ND/analysis_data/lea_rkmp_controls_v1/analysis/lea128/r11/k2/seed202/run_config.json,/mnt/d/#PROJECT_RKNDIncECA/Related-key-mcp-attention-Inception-based-ND/analysis_data/lea_rkmp_controls_v1/analysis/lea128/r11/k2/seed202/protocol_validation.json,/mnt/d/#PROJECT_RKNDIncECA/Related-key-mcp-attention-Inception-based-ND/analysis_data/lea_rkmp_controls_v1/analysis/lea128/r11/k2/seed202/control_metadata.json,True,6.712659,53781152,4ea40d77d561d222cbea284e6503e9405ce78e1901a4dc46456db8017d9e819e,2026-07-17T13:47:41.490548+00:00,completed
lea_rkmp_controls_v1,analysis,LEA-128,lea128,cipher.lea,11,2,203,203,10000,128,128,0x00000000000000000000008000000080,0x00000000000000000000000200000000,94,msb0,delta_C||C||C_star,grouped,shared,uint8,"[10000, 2, 384]",/mnt/d/#PROJECT_RKNDIncECA/Related-key-mcp-attention-Inception-based-ND/analysis_data/lea_rkmp_controls_v1/analysis/lea128/r11/k2/seed203/D1_structured.npy,/mnt/d/#PROJECT_RKNDIncECA/Related-key-mcp-attention-Inception-based-ND/analysis_data/lea_rkmp_controls_v1/analysis/lea128/r11/k2/seed203/D0_null.npy,/mnt/d/#PROJECT_RKNDIncECA/Related-key-mcp-attention-Inception-based-ND/analysis_data/lea_rkmp_controls_v1/analysis/lea128/r11/k2/seed203/D1_labels.npy,/mnt/d/#PROJECT_RKNDIncECA/Related-key-mcp-attention-Inception-based-ND/analysis_data/lea_rkmp_controls_v1/analysis/lea128/r11/k2/seed203/D0_labels.npy,/mnt/d/#PROJECT_RKNDIncECA/Related-key-mcp-attention-Inception-based-ND/analysis_data/lea_rkmp_controls_v1/analysis/lea128/r11/k2/seed203/controls/D0_vs_D0/D0_control_a.npy,/mnt/d/#PROJECT_RKNDIncECA/Related-key-mcp-attention-Inception-based-ND/analysis_data/lea_rkmp_controls_v1/analysis/lea128/r11/k2/seed203/controls/D0_vs_D0/D0_control_b.npy,/mnt/d/#PROJECT_RKNDIncECA/Related-key-mcp-attention-Inception-based-ND/analysis_data/lea_rkmp_controls_v1/analysis/lea128/r11/k2/seed203/controls/D1_vs_D1/D1_control_a.npy,/mnt/d/#PROJECT_RKNDIncECA/Related-key-mcp-attention-Inception-based-ND/analysis_data/lea_rkmp_controls_v1/analysis/lea128/r11/k2/seed203/controls/D1_vs_D1/D1_control_b.npy,/mnt/d/#PROJECT_RKNDIncECA/Related-key-mcp-attention-Inception-based-ND/analysis_data/lea_rkmp_controls_v1/analysis/lea128/r11/k2/seed203/controls/pair_shuffled/D1_pair_shuffled.npy,b48a2d2eaa4543bda92a1cf7ce02bd1a08289953debed0ccac5f282ef11c70ee,84bac40e599b4d86523825dca1e6ea569ea07f51a6fe3ea5159d52cca6456423,2cbd3078205709454a3472f71937b905becfe4361b41b6dbb33d69683e2d8e25,723c34a8ca24b50358b63e35d7ca3709276f39ab539b2870c0fabe60846dfd8e,/mnt/d/#PROJECT_RKNDIncECA/Related-key-mcp-attention-Inception-based-ND/analysis_data/lea_rkmp_controls_v1/analysis/lea128/r11/k2/seed203/run_config.json,/mnt/d/#PROJECT_RKNDIncECA/Related-key-mcp-attention-Inception-based-ND/analysis_data/lea_rkmp_controls_v1/analysis/lea128/r11/k2/seed203/protocol_validation.json,/mnt/d/#PROJECT_RKNDIncECA/Related-key-mcp-attention-Inception-based-ND/analysis_data/lea_rkmp_controls_v1/analysis/lea128/r11/k2/seed203/control_metadata.json,True,5.307346,53781152,17e7e879a7e1ca95f84ce8a0512c81895b2e7c7bc8a0b18a598758dde0d04976,2026-07-17T13:47:46.884092+00:00,completed
lea_rkmp_controls_v1,analysis,LEA-128,lea128,cipher.lea,11,4,201,201,10000,128,128,0x00000000000000000000008000000080,0x00000000000000000000000200000000,94,msb0,delta_C||C||C_star,grouped,shared,uint8,"[10000, 4, 384]",/mnt/d/#PROJECT_RKNDIncECA/Related-key-mcp-attention-Inception-based-ND/analysis_data/lea_rkmp_controls_v1/analysis/lea128/r11/k4/seed201/D1_structured.npy,/mnt/d/#PROJECT_RKNDIncECA/Related-key-mcp-attention-Inception-based-ND/analysis_data/lea_rkmp_controls_v1/analysis/lea128/r11/k4/seed201/D0_null.npy,/mnt/d/#PROJECT_RKNDIncECA/Related-key-mcp-attention-Inception-based-ND/analysis_data/lea_rkmp_controls_v1/analysis/lea128/r11/k4/seed201/D1_labels.npy,/mnt/d/#PROJECT_RKNDIncECA/Related-key-mcp-attention-Inception-based-ND/analysis_data/lea_rkmp_controls_v1/analysis/lea128/r11/k4/seed201/D0_labels.npy,/mnt/d/#PROJECT_RKNDIncECA/Related-key-mcp-attention-Inception-based-ND/analysis_data/lea_rkmp_controls_v1/analysis/lea128/r11/k4/seed201/controls/D0_vs_D0/D0_control_a.npy,/mnt/d/#PROJECT_RKNDIncECA/Related-key-mcp-attention-Inception-based-ND/analysis_data/lea_rkmp_controls_v1/analysis/lea128/r11/k4/seed201/controls/D0_vs_D0/D0_control_b.npy,/mnt/d/#PROJECT_RKNDIncECA/Related-key-mcp-attention-Inception-based-ND/analysis_data/lea_rkmp_controls_v1/analysis/lea128/r11/k4/seed201/controls/D1_vs_D1/D1_control_a.npy,/mnt/d/#PROJECT_RKNDIncECA/Related-key-mcp-attention-Inception-based-ND/analysis_data/lea_rkmp_controls_v1/analysis/lea128/r11/k4/seed201/controls/D1_vs_D1/D1_control_b.npy,/mnt/d/#PROJECT_RKNDIncECA/Related-key-mcp-attention-Inception-based-ND/analysis_data/lea_rkmp_controls_v1/analysis/lea128/r11/k4/seed201/controls/pair_shuffled/D1_pair_shuffled.npy,43e9bc80625727ecd9f3d53a6292164a65a267f3c89fe919bfae50556dae05c4,6f369d1a08ade29641499950d5db054d218f93607c203f45839ec27cdf0fff4c,113a94a0ef96570ce7afc57f76bc7f1fbdd7ea7840d6ff6e6792945ecbf7cb95,167c77b277240a305230edccd59f57e3ad744da222a8817d88bbe95929b20e87,/mnt/d/#PROJECT_RKNDIncECA/Related-key-mcp-attention-Inception-based-ND/analysis_data/lea_rkmp_controls_v1/analysis/lea128/r11/k4/seed201/run_config.json,/mnt/d/#PROJECT_RKNDIncECA/Related-key-mcp-attention-Inception-based-ND/analysis_data/lea_rkmp_controls_v1/analysis/lea128/r11/k4/seed201/protocol_validation.json,/mnt/d/#PROJECT_RKNDIncECA/Related-key-mcp-attention-Inception-based-ND/analysis_data/lea_rkmp_controls_v1/analysis/lea128/r11/k4/seed201/control_metadata.json,True,10.481864,107541152,7a1370e270be3e98be69e538aee110408ef37ea5e8357fb36f2c973066ae8197,2026-07-17T13:47:57.432040+00:00,completed
lea_rkmp_controls_v1,analysis,LEA-128,lea128,cipher.lea,11,4,202,202,10000,128,128,0x00000000000000000000008000000080,0x00000000000000000000000200000000,94,msb0,delta_C||C||C_star,grouped,shared,uint8,"[10000, 4, 384]",/mnt/d/#PROJECT_RKNDIncECA/Related-key-mcp-attention-Inception-based-ND/analysis_data/lea_rkmp_controls_v1/analysis/lea128/r11/k4/seed202/D1_structured.npy,/mnt/d/#PROJECT_RKNDIncECA/Related-key-mcp-attention-Inception-based-ND/analysis_data/lea_rkmp_controls_v1/analysis/lea128/r11/k4/seed202/D0_null.npy,/mnt/d/#PROJECT_RKNDIncECA/Related-key-mcp-attention-Inception-based-ND/analysis_data/lea_rkmp_controls_v1/analysis/lea128/r11/k4/seed202/D1_labels.npy,/mnt/d/#PROJECT_RKNDIncECA/Related-key-mcp-attention-Inception-based-ND/analysis_data/lea_rkmp_controls_v1/analysis/lea128/r11/k4/seed202/D0_labels.npy,/mnt/d/#PROJECT_RKNDIncECA/Related-key-mcp-attention-Inception-based-ND/analysis_data/lea_rkmp_controls_v1/analysis/lea128/r11/k4/seed202/controls/D0_vs_D0/D0_control_a.npy,/mnt/d/#PROJECT_RKNDIncECA/Related-key-mcp-attention-Inception-based-ND/analysis_data/lea_rkmp_controls_v1/analysis/lea128/r11/k4/seed202/controls/D0_vs_D0/D0_control_b.npy,/mnt/d/#PROJECT_RKNDIncECA/Related-key-mcp-attention-Inception-based-ND/analysis_data/lea_rkmp_controls_v1/analysis/lea128/r11/k4/seed202/controls/D1_vs_D1/D1_control_a.npy,/mnt/d/#PROJECT_RKNDIncECA/Related-key-mcp-attention-Inception-based-ND/analysis_data/lea_rkmp_controls_v1/analysis/lea128/r11/k4/seed202/controls/D1_vs_D1/D1_control_b.npy,/mnt/d/#PROJECT_RKNDIncECA/Related-key-mcp-attention-Inception-based-ND/analysis_data/lea_rkmp_controls_v1/analysis/lea128/r11/k4/seed202/controls/pair_shuffled/D1_pair_shuffled.npy,1c95712480d88945f734452589d6a35c7d6023f7d99ff034f8100c6b21055518,390e6348ea76ab55299118dcf30fc940865df2820df5d7b5b661883fbcb0ec25,b7e4bb4f8e1adf33ad9765bd74448d2b1c64df54499d7c2111c9473d5232f3ac,c4a119e19c536ccbb407930a71d3b59219ab2181304d22513b519ac9b568a62f,/mnt/d/#PROJECT_RKNDIncECA/Related-key-mcp-attention-Inception-based-ND/analysis_data/lea_rkmp_controls_v1/analysis/lea128/r11/k4/seed202/run_config.json,/mnt/d/#PROJECT_RKNDIncECA/Related-key-mcp-attention-Inception-based-ND/analysis_data/lea_rkmp_controls_v1/analysis/lea128/r11/k4/seed202/protocol_validation.json,/mnt/d/#PROJECT_RKNDIncECA/Related-key-mcp-attention-Inception-based-ND/analysis_data/lea_rkmp_controls_v1/analysis/lea128/r11/k4/seed202/control_metadata.json,True,13.644128,107541152,bfbfa11edf7e5cf0bc3d8698eae7b0dd20b7c0e4546c58555716559b03999fad,2026-07-17T13:48:14.735437+00:00,completed
lea_rkmp_controls_v1,analysis,LEA-128,lea128,cipher.lea,11,4,203,203,10000,128,128,0x00000000000000000000008000000080,0x00000000000000000000000200000000,94,msb0,delta_C||C||C_star,grouped,shared,uint8,"[10000, 4, 384]",/mnt/d/#PROJECT_RKNDIncECA/Related-key-mcp-attention-Inception-based-ND/analysis_data/lea_rkmp_controls_v1/analysis/lea128/r11/k4/seed203/D1_structured.npy,/mnt/d/#PROJECT_RKNDIncECA/Related-key-mcp-attention-Inception-based-ND/analysis_data/lea_rkmp_controls_v1/analysis/lea128/r11/k4/seed203/D0_null.npy,/mnt/d/#PROJECT_RKNDIncECA/Related-key-mcp-attention-Inception-based-ND/analysis_data/lea_rkmp_controls_v1/analysis/lea128/r11/k4/seed203/D1_labels.npy,/mnt/d/#PROJECT_RKNDIncECA/Related-key-mcp-attention-Inception-based-ND/analysis_data/lea_rkmp_controls_v1/analysis/lea128/r11/k4/seed203/D0_labels.npy,/mnt/d/#PROJECT_RKNDIncECA/Related-key-mcp-attention-Inception-based-ND/analysis_data/lea_rkmp_controls_v1/analysis/lea128/r11/k4/seed203/controls/D0_vs_D0/D0_control_a.npy,/mnt/d/#PROJECT_RKNDIncECA/Related-key-mcp-attention-Inception-based-ND/analysis_data/lea_rkmp_controls_v1/analysis/lea128/r11/k4/seed203/controls/D0_vs_D0/D0_control_b.npy,/mnt/d/#PROJECT_RKNDIncECA/Related-key-mcp-attention-Inception-based-ND/analysis_data/lea_rkmp_controls_v1/analysis/lea128/r11/k4/seed203/controls/D1_vs_D1/D1_control_a.npy,/mnt/d/#PROJECT_RKNDIncECA/Related-key-mcp-attention-Inception-based-ND/analysis_data/lea_rkmp_controls_v1/analysis/lea128/r11/k4/seed203/controls/D1_vs_D1/D1_control_b.npy,/mnt/d/#PROJECT_RKNDIncECA/Related-key-mcp-attention-Inception-based-ND/analysis_data/lea_rkmp_controls_v1/analysis/lea128/r11/k4/seed203/controls/pair_shuffled/D1_pair_shuffled.npy,776611e54002cfc698b63eef73f97dbe7a512a18d7855090eb085ad2bb1d3ddf,a8bdf2f63f1da10a41948dc2bbfd9bcb90cdd885941222d2407abf3ce4b23167,db7a0537197478cd23690f5fc654d4e344ce2ba14a22640d75f4f43aea346a5f,028c7a87054f49691332583c24dacb7b243781d64731c633c0dd5379a3f52751,/mnt/d/#PROJECT_RKNDIncECA/Related-key-mcp-attention-Inception-based-ND/analysis_data/lea_rkmp_controls_v1/analysis/lea128/r11/k4/seed203/run_config.json,/mnt/d/#PROJECT_RKNDIncECA/Related-key-mcp-attention-Inception-based-ND/analysis_data/lea_rkmp_controls_v1/analysis/lea128/r11/k4/seed203/protocol_validation.json,/mnt/d/#PROJECT_RKNDIncECA/Related-key-mcp-attention-Inception-based-ND/analysis_data/lea_rkmp_controls_v1/analysis/lea128/r11/k4/seed203/control_metadata.json,True,14.755526,107541152,1a569ca14f9c32c2307ec195c9b4b6127d2e2ff7dce638940074b2d1e2b58b37,2026-07-17T13:48:29.552855+00:00,completed
lea_rkmp_controls_v1,analysis,LEA-128,lea128,cipher.lea,11,8,201,201,10000,128,128,0x00000000000000000000008000000080,0x00000000000000000000000200000000,94,msb0,delta_C||C||C_star,grouped,shared,uint8,"[10000, 8, 384]",/mnt/d/#PROJECT_RKNDIncECA/Related-key-mcp-attention-Inception-based-ND/analysis_data/lea_rkmp_controls_v1/analysis/lea128/r11/k8/seed201/D1_structured.npy,/mnt/d/#PROJECT_RKNDIncECA/Related-key-mcp-attention-Inception-based-ND/analysis_data/lea_rkmp_controls_v1/analysis/lea128/r11/k8/seed201/D0_null.npy,/mnt/d/#PROJECT_RKNDIncECA/Related-key-mcp-attention-Inception-based-ND/analysis_data/lea_rkmp_controls_v1/analysis/lea128/r11/k8/seed201/D1_labels.npy,/mnt/d/#PROJECT_RKNDIncECA/Related-key-mcp-attention-Inception-based-ND/analysis_data/lea_rkmp_controls_v1/analysis/lea128/r11/k8/seed201/D0_labels.npy,/mnt/d/#PROJECT_RKNDIncECA/Related-key-mcp-attention-Inception-based-ND/analysis_data/lea_rkmp_controls_v1/analysis/lea128/r11/k8/seed201/controls/D0_vs_D0/D0_control_a.npy,/mnt/d/#PROJECT_RKNDIncECA/Related-key-mcp-attention-Inception-based-ND/analysis_data/lea_rkmp_controls_v1/analysis/lea128/r11/k8/seed201/controls/D0_vs_D0/D0_control_b.npy,/mnt/d/#PROJECT_RKNDIncECA/Related-key-mcp-attention-Inception-based-ND/analysis_data/lea_rkmp_controls_v1/analysis/lea128/r11/k8/seed201/controls/D1_vs_D1/D1_control_a.npy,/mnt/d/#PROJECT_RKNDIncECA/Related-key-mcp-attention-Inception-based-ND/analysis_data/lea_rkmp_controls_v1/analysis/lea128/r11/k8/seed201/controls/D1_vs_D1/D1_control_b.npy,/mnt/d/#PROJECT_RKNDIncECA/Related-key-mcp-attention-Inception-based-ND/analysis_data/lea_rkmp_controls_v1/analysis/lea128/r11/k8/seed201/controls/pair_shuffled/D1_pair_shuffled.npy,fe61bfe054ff24fda9d822ce2731c50e4f580e2dd17b38da645c266d2b42f1a2,6ff91b7328d36ec8f6df7417aaa46e5f99d44a17d0feac0a6ab01d34aebc2d1c,dc44f21ae1f198fa9404de8d37c48f6c702d77fa78a83b2b358586255670d5f6,57d5c7206a63e36e7c73f278e81d3be74bc93d2a2983b5208a41d6f7ba20425b,/mnt/d/#PROJECT_RKNDIncECA/Related-key-mcp-attention-Inception-based-ND/analysis_data/lea_rkmp_controls_v1/analysis/lea128/r11/k8/seed201/run_config.json,/mnt/d/#PROJECT_RKNDIncECA/Related-key-mcp-attention-Inception-based-ND/analysis_data/lea_rkmp_controls_v1/analysis/lea128/r11/k8/seed201/protocol_validation.json,/mnt/d/#PROJECT_RKNDIncECA/Related-key-mcp-attention-Inception-based-ND/analysis_data/lea_rkmp_controls_v1/analysis/lea128/r11/k8/seed201/control_metadata.json,True,24.356434,215061152,7f624064f71a02e016aeabbdabcd024922e83f63c8f3864cce0eaf7ba3bd4592,2026-07-17T13:48:57.707012+00:00,completed
lea_rkmp_controls_v1,analysis,LEA-128,lea128,cipher.lea,11,8,202,202,10000,128,128,0x00000000000000000000008000000080,0x00000000000000000000000200000000,94,msb0,delta_C||C||C_star,grouped,shared,uint8,"[10000, 8, 384]",/mnt/d/#PROJECT_RKNDIncECA/Related-key-mcp-attention-Inception-based-ND/analysis_data/lea_rkmp_controls_v1/analysis/lea128/r11/k8/seed202/D1_structured.npy,/mnt/d/#PROJECT_RKNDIncECA/Related-key-mcp-attention-Inception-based-ND/analysis_data/lea_rkmp_controls_v1/analysis/lea128/r11/k8/seed202/D0_null.npy,/mnt/d/#PROJECT_RKNDIncECA/Related-key-mcp-attention-Inception-based-ND/analysis_data/lea_rkmp_controls_v1/analysis/lea128/r11/k8/seed202/D1_labels.npy,/mnt/d/#PROJECT_RKNDIncECA/Related-key-mcp-attention-Inception-based-ND/analysis_data/lea_rkmp_controls_v1/analysis/lea128/r11/k8/seed202/D0_labels.npy,/mnt/d/#PROJECT_RKNDIncECA/Related-key-mcp-attention-Inception-based-ND/analysis_data/lea_rkmp_controls_v1/analysis/lea128/r11/k8/seed202/controls/D0_vs_D0/D0_control_a.npy,/mnt/d/#PROJECT_RKNDIncECA/Related-key-mcp-attention-Inception-based-ND/analysis_data/lea_rkmp_controls_v1/analysis/lea128/r11/k8/seed202/controls/D0_vs_D0/D0_control_b.npy,/mnt/d/#PROJECT_RKNDIncECA/Related-key-mcp-attention-Inception-based-ND/analysis_data/lea_rkmp_controls_v1/analysis/lea128/r11/k8/seed202/controls/D1_vs_D1/D1_control_a.npy,/mnt/d/#PROJECT_RKNDIncECA/Related-key-mcp-attention-Inception-based-ND/analysis_data/lea_rkmp_controls_v1/analysis/lea128/r11/k8/seed202/controls/D1_vs_D1/D1_control_b.npy,/mnt/d/#PROJECT_RKNDIncECA/Related-key-mcp-attention-Inception-based-ND/analysis_data/lea_rkmp_controls_v1/analysis/lea128/r11/k8/seed202/controls/pair_shuffled/D1_pair_shuffled.npy,cfdc9a9867f6045a83dfa48a0892fd2b943709f3280192e3d701d1946ca0701d,28d1364959cb22617f5663aed1792d80577edf4ad53db99004b91b6e7f450e22,52c2a13b9cc24c3c4351057a11789634c2335fe62ee538cd4f833ea99b30f927,1d04b02567bfac760b2c09fa40e2f289fce0e9027805926fd9b85eed81495bcd,/mnt/d/#PROJECT_RKNDIncECA/Related-key-mcp-attention-Inception-based-ND/analysis_data/lea_rkmp_controls_v1/analysis/lea128/r11/k8/seed202/run_config.json,/mnt/d/#PROJECT_RKNDIncECA/Related-key-mcp-attention-Inception-based-ND/analysis_data/lea_rkmp_controls_v1/analysis/lea128/r11/k8/seed202/protocol_validation.json,/mnt/d/#PROJECT_RKNDIncECA/Related-key-mcp-attention-Inception-based-ND/analysis_data/lea_rkmp_controls_v1/analysis/lea128/r11/k8/seed202/control_metadata.json,True,28.324595,215061152,cd769d14d5ed57f38f835fc2a942e3a47b492b1b31157ddf1af64fe081a44a94,2026-07-17T13:49:29.936160+00:00,completed
lea_rkmp_controls_v1,analysis,LEA-128,lea128,cipher.lea,11,8,203,203,10000,128,128,0x00000000000000000000008000000080,0x00000000000000000000000200000000,94,msb0,delta_C||C||C_star,grouped,shared,uint8,"[10000, 8, 384]",/mnt/d/#PROJECT_RKNDIncECA/Related-key-mcp-attention-Inception-based-ND/analysis_data/lea_rkmp_controls_v1/analysis/lea128/r11/k8/seed203/D1_structured.npy,/mnt/d/#PROJECT_RKNDIncECA/Related-key-mcp-attention-Inception-based-ND/analysis_data/lea_rkmp_controls_v1/analysis/lea128/r11/k8/seed203/D0_null.npy,/mnt/d/#PROJECT_RKNDIncECA/Related-key-mcp-attention-Inception-based-ND/analysis_data/lea_rkmp_controls_v1/analysis/lea128/r11/k8/seed203/D1_labels.npy,/mnt/d/#PROJECT_RKNDIncECA/Related-key-mcp-attention-Inception-based-ND/analysis_data/lea_rkmp_controls_v1/analysis/lea128/r11/k8/seed203/D0_labels.npy,/mnt/d/#PROJECT_RKNDIncECA/Related-key-mcp-attention-Inception-based-ND/analysis_data/lea_rkmp_controls_v1/analysis/lea128/r11/k8/seed203/controls/D0_vs_D0/D0_control_a.npy,/mnt/d/#PROJECT_RKNDIncECA/Related-key-mcp-attention-Inception-based-ND/analysis_data/lea_rkmp_controls_v1/analysis/lea128/r11/k8/seed203/controls/D0_vs_D0/D0_control_b.npy,/mnt/d/#PROJECT_RKNDIncECA/Related-key-mcp-attention-Inception-based-ND/analysis_data/lea_rkmp_controls_v1/analysis/lea128/r11/k8/seed203/controls/D1_vs_D1/D1_control_a.npy,/mnt/d/#PROJECT_RKNDIncECA/Related-key-mcp-attention-Inception-based-ND/analysis_data/lea_rkmp_controls_v1/analysis/lea128/r11/k8/seed203/controls/D1_vs_D1/D1_control_b.npy,/mnt/d/#PROJECT_RKNDIncECA/Related-key-mcp-attention-Inception-based-ND/analysis_data/lea_rkmp_controls_v1/analysis/lea128/r11/k8/seed203/controls/pair_shuffled/D1_pair_shuffled.npy,5fd5d23dafb847b675da608cf72e4e8b791d5506fac767d86601508b30640bf2,f24033a44423417d15efccf5313f539eae99b0d2786933bcf4c9b1af4b5640de,41ece3cbf6e30b0ab6196312687ba599381547803ba1b00e2319bd1b60e1e732,137293d961dff75558764389316bea84812a87bfcb08b583da9bbe9b05d373e2,/mnt/d/#PROJECT_RKNDIncECA/Related-key-mcp-attention-Inception-based-ND/analysis_data/lea_rkmp_controls_v1/analysis/lea128/r11/k8/seed203/run_config.json,/mnt/d/#PROJECT_RKNDIncECA/Related-key-mcp-attention-Inception-based-ND/analysis_data/lea_rkmp_controls_v1/analysis/lea128/r11/k8/seed203/protocol_validation.json,/mnt/d/#PROJECT_RKNDIncECA/Related-key-mcp-attention-Inception-based-ND/analysis_data/lea_rkmp_controls_v1/analysis/lea128/r11/k8/seed203/control_metadata.json,True,30.856365,215061152,f6e8fdc5dfc57254ac689898f3b6effa7534a344cc885621475390d8fafbf586,2026-07-17T13:50:00.925382+00:00,completed
lea_rkmp_controls_v1,analysis,LEA-128,lea128,cipher.lea,11,16,201,201,10000,128,128,0x00000000000000000000008000000080,0x00000000000000000000000200000000,94,msb0,delta_C||C||C_star,grouped,shared,uint8,"[10000, 16, 384]",/mnt/d/#PROJECT_RKNDIncECA/Related-key-mcp-attention-Inception-based-ND/analysis_data/lea_rkmp_controls_v1/analysis/lea128/r11/k16/seed201/D1_structured.npy,/mnt/d/#PROJECT_RKNDIncECA/Related-key-mcp-attention-Inception-based-ND/analysis_data/lea_rkmp_controls_v1/analysis/lea128/r11/k16/seed201/D0_null.npy,/mnt/d/#PROJECT_RKNDIncECA/Related-key-mcp-attention-Inception-based-ND/analysis_data/lea_rkmp_controls_v1/analysis/lea128/r11/k16/seed201/D1_labels.npy,/mnt/d/#PROJECT_RKNDIncECA/Related-key-mcp-attention-Inception-based-ND/analysis_data/lea_rkmp_controls_v1/analysis/lea128/r11/k16/seed201/D0_labels.npy,/mnt/d/#PROJECT_RKNDIncECA/Related-key-mcp-attention-Inception-based-ND/analysis_data/lea_rkmp_controls_v1/analysis/lea128/r11/k16/seed201/controls/D0_vs_D0/D0_control_a.npy,/mnt/d/#PROJECT_RKNDIncECA/Related-key-mcp-attention-Inception-based-ND/analysis_data/lea_rkmp_controls_v1/analysis/lea128/r11/k16/seed201/controls/D0_vs_D0/D0_control_b.npy,/mnt/d/#PROJECT_RKNDIncECA/Related-key-mcp-attention-Inception-based-ND/analysis_data/lea_rkmp_controls_v1/analysis/lea128/r11/k16/seed201/controls/D1_vs_D1/D1_control_a.npy,/mnt/d/#PROJECT_RKNDIncECA/Related-key-mcp-attention-Inception-based-ND/analysis_data/lea_rkmp_controls_v1/analysis/lea128/r11/k16/seed201/controls/D1_vs_D1/D1_control_b.npy,/mnt/d/#PROJECT_RKNDIncECA/Related-key-mcp-attention-Inception-based-ND/analysis_data/lea_rkmp_controls_v1/analysis/lea128/r11/k16/seed201/controls/pair_shuffled/D1_pair_shuffled.npy,be7c629caece96a000d3f7c739babdf361bd82c6a6ccfe249a7fb01a5763bf04,a888465956423abaf54abaf025d8817889e371928d32cf3be6e6101188c3c4d1,446491d1bb408c2c4cf789c7c65691531bff6675d003d5b8c894a267cb722d22,e384ad1a4dcd908a3c8348d63e97de705ae1cf4e4054921ff34d5f61f52651e8,/mnt/d/#PROJECT_RKNDIncECA/Related-key-mcp-attention-Inception-based-ND/analysis_data/lea_rkmp_controls_v1/analysis/lea128/r11/k16/seed201/run_config.json,/mnt/d/#PROJECT_RKNDIncECA/Related-key-mcp-attention-Inception-based-ND/analysis_data/lea_rkmp_controls_v1/analysis/lea128/r11/k16/seed201/protocol_validation.json,/mnt/d/#PROJECT_RKNDIncECA/Related-key-mcp-attention-Inception-based-ND/analysis_data/lea_rkmp_controls_v1/analysis/lea128/r11/k16/seed201/control_metadata.json,True,63.48163,430101152,57605626ce3e8046ca8df0299ce33c2840a23a1eae77ed8e4e3da37b39724b49,2026-07-17T13:51:10.801050+00:00,completed
lea_rkmp_controls_v1,analysis,LEA-128,lea128,cipher.lea,11,16,202,202,10000,128,128,0x00000000000000000000008000000080,0x00000000000000000000000200000000,94,msb0,delta_C||C||C_star,grouped,shared,uint8,"[10000, 16, 384]",/mnt/d/#PROJECT_RKNDIncECA/Related-key-mcp-attention-Inception-based-ND/analysis_data/lea_rkmp_controls_v1/analysis/lea128/r11/k16/seed202/D1_structured.npy,/mnt/d/#PROJECT_RKNDIncECA/Related-key-mcp-attention-Inception-based-ND/analysis_data/lea_rkmp_controls_v1/analysis/lea128/r11/k16/seed202/D0_null.npy,/mnt/d/#PROJECT_RKNDIncECA/Related-key-mcp-attention-Inception-based-ND/analysis_data/lea_rkmp_controls_v1/analysis/lea128/r11/k16/seed202/D1_labels.npy,/mnt/d/#PROJECT_RKNDIncECA/Related-key-mcp-attention-Inception-based-ND/analysis_data/lea_rkmp_controls_v1/analysis/lea128/r11/k16/seed202/D0_labels.npy,/mnt/d/#PROJECT_RKNDIncECA/Related-key-mcp-attention-Inception-based-ND/analysis_data/lea_rkmp_controls_v1/analysis/lea128/r11/k16/seed202/controls/D0_vs_D0/D0_control_a.npy,/mnt/d/#PROJECT_RKNDIncECA/Related-key-mcp-attention-Inception-based-ND/analysis_data/lea_rkmp_controls_v1/analysis/lea128/r11/k16/seed202/controls/D0_vs_D0/D0_control_b.npy,/mnt/d/#PROJECT_RKNDIncECA/Related-key-mcp-attention-Inception-based-ND/analysis_data/lea_rkmp_controls_v1/analysis/lea128/r11/k16/seed202/controls/D1_vs_D1/D1_control_a.npy,/mnt/d/#PROJECT_RKNDIncECA/Related-key-mcp-attention-Inception-based-ND/analysis_data/lea_rkmp_controls_v1/analysis/lea128/r11/k16/seed202/controls/D1_vs_D1/D1_control_b.npy,/mnt/d/#PROJECT_RKNDIncECA/Related-key-mcp-attention-Inception-based-ND/analysis_data/lea_rkmp_controls_v1/analysis/lea128/r11/k16/seed202/controls/pair_shuffled/D1_pair_shuffled.npy,b517e451c43e6a22e0f35f8227e4239b4e97e310e91f7c2a1bff23e5148cd927,538ed7892e1f138836434cb84fc03be69db5c04adcdaeb8f8ffa5dbd1a309dc6,765ab91b3a167c7cd423d9edb6e44f3becff31b404ab3085d1b00fa3f28c304b,7ac37f3e47adf5e3b5bbf8721372339f005b9fc9752e3c15bfe62e8b60ad2bbd,/mnt/d/#PROJECT_RKNDIncECA/Related-key-mcp-attention-Inception-based-ND/analysis_data/lea_rkmp_controls_v1/analysis/lea128/r11/k16/seed202/run_config.json,/mnt/d/#PROJECT_RKNDIncECA/Related-key-mcp-attention-Inception-based-ND/analysis_data/lea_rkmp_controls_v1/analysis/lea128/r11/k16/seed202/protocol_validation.json,/mnt/d/#PROJECT_RKNDIncECA/Related-key-mcp-attention-Inception-based-ND/analysis_data/lea_rkmp_controls_v1/analysis/lea128/r11/k16/seed202/control_metadata.json,True,56.484161,430101152,3ebfb176cc84790457b837d3f9ca8e9f1a754e85c1aec9a8abee4a6addfc6e2a,2026-07-17T13:52:13.571371+00:00,completed
lea_rkmp_controls_v1,analysis,LEA-128,lea128,cipher.lea,11,16,203,203,10000,128,128,0x00000000000000000000008000000080,0x00000000000000000000000200000000,94,msb0,delta_C||C||C_star,grouped,shared,uint8,"[10000, 16, 384]",/mnt/d/#PROJECT_RKNDIncECA/Related-key-mcp-attention-Inception-based-ND/analysis_data/lea_rkmp_controls_v1/analysis/lea128/r11/k16/seed203/D1_structured.npy,/mnt/d/#PROJECT_RKNDIncECA/Related-key-mcp-attention-Inception-based-ND/analysis_data/lea_rkmp_controls_v1/analysis/lea128/r11/k16/seed203/D0_null.npy,/mnt/d/#PROJECT_RKNDIncECA/Related-key-mcp-attention-Inception-based-ND/analysis_data/lea_rkmp_controls_v1/analysis/lea128/r11/k16/seed203/D1_labels.npy,/mnt/d/#PROJECT_RKNDIncECA/Related-key-mcp-attention-Inception-based-ND/analysis_data/lea_rkmp_controls_v1/analysis/lea128/r11/k16/seed203/D0_labels.npy,/mnt/d/#PROJECT_RKNDIncECA/Related-key-mcp-attention-Inception-based-ND/analysis_data/lea_rkmp_controls_v1/analysis/lea128/r11/k16/seed203/controls/D0_vs_D0/D0_control_a.npy,/mnt/d/#PROJECT_RKNDIncECA/Related-key-mcp-attention-Inception-based-ND/analysis_data/lea_rkmp_controls_v1/analysis/lea128/r11/k16/seed203/controls/D0_vs_D0/D0_control_b.npy,/mnt/d/#PROJECT_RKNDIncECA/Related-key-mcp-attention-Inception-based-ND/analysis_data/lea_rkmp_controls_v1/analysis/lea128/r11/k16/seed203/controls/D1_vs_D1/D1_control_a.npy,/mnt/d/#PROJECT_RKNDIncECA/Related-key-mcp-attention-Inception-based-ND/analysis_data/lea_rkmp_controls_v1/analysis/lea128/r11/k16/seed203/controls/D1_vs_D1/D1_control_b.npy,/mnt/d/#PROJECT_RKNDIncECA/Related-key-mcp-attention-Inception-based-ND/analysis_data/lea_rkmp_controls_v1/analysis/lea128/r11/k16/seed203/controls/pair_shuffled/D1_pair_shuffled.npy,1b210a827c9aae8b83b66344a057691cbc9d72d1bba6235efad84ed8db108809,8e5a70b68c9ebe2035f1832bd2c076352683b6c63740354012b5d5f80db323ef,17cd0b738421cc0a629b036f6a35d3cb0983f3965c727597b4893e5cf98dcc3f,4fecc1bc974dc36eea703fff929a2b7bec2bd5dcf4481339b6629491a8e8896a,/mnt/d/#PROJECT_RKNDIncECA/Related-key-mcp-attention-Inception-based-ND/analysis_data/lea_rkmp_controls_v1/analysis/lea128/r11/k16/seed203/run_config.json,/mnt/d/#PROJECT_RKNDIncECA/Related-key-mcp-attention-Inception-based-ND/analysis_data/lea_rkmp_controls_v1/analysis/lea128/r11/k16/seed203/protocol_validation.json,/mnt/d/#PROJECT_RKNDIncECA/Related-key-mcp-attention-Inception-based-ND/analysis_data/lea_rkmp_controls_v1/analysis/lea128/r11/k16/seed203/control_metadata.json,True,74.829165,430101152,6e3aa15f70b0180250021b5d0d0d41d88f90d02803dda4ef6f3bec483933887f,2026-07-17T13:53:35.291310+00:00,completed
lea_rkmp_controls_v1,analysis,LEA-128,lea128,cipher.lea,11,32,201,201,10000,128,128,0x00000000000000000000008000000080,0x00000000000000000000000200000000,94,msb0,delta_C||C||C_star,grouped,shared,uint8,"[10000, 32, 384]",/mnt/d/#PROJECT_RKNDIncECA/Related-key-mcp-attention-Inception-based-ND/analysis_data/lea_rkmp_controls_v1/analysis/lea128/r11/k32/seed201/D1_structured.npy,/mnt/d/#PROJECT_RKNDIncECA/Related-key-mcp-attention-Inception-based-ND/analysis_data/lea_rkmp_controls_v1/analysis/lea128/r11/k32/seed201/D0_null.npy,/mnt/d/#PROJECT_RKNDIncECA/Related-key-mcp-attention-Inception-based-ND/analysis_data/lea_rkmp_controls_v1/analysis/lea128/r11/k32/seed201/D1_labels.npy,/mnt/d/#PROJECT_RKNDIncECA/Related-key-mcp-attention-Inception-based-ND/analysis_data/lea_rkmp_controls_v1/analysis/lea128/r11/k32/seed201/D0_labels.npy,/mnt/d/#PROJECT_RKNDIncECA/Related-key-mcp-attention-Inception-based-ND/analysis_data/lea_rkmp_controls_v1/analysis/lea128/r11/k32/seed201/controls/D0_vs_D0/D0_control_a.npy,/mnt/d/#PROJECT_RKNDIncECA/Related-key-mcp-attention-Inception-based-ND/analysis_data/lea_rkmp_controls_v1/analysis/lea128/r11/k32/seed201/controls/D0_vs_D0/D0_control_b.npy,/mnt/d/#PROJECT_RKNDIncECA/Related-key-mcp-attention-Inception-based-ND/analysis_data/lea_rkmp_controls_v1/analysis/lea128/r11/k32/seed201/controls/D1_vs_D1/D1_control_a.npy,/mnt/d/#PROJECT_RKNDIncECA/Related-key-mcp-attention-Inception-based-ND/analysis_data/lea_rkmp_controls_v1/analysis/lea128/r11/k32/seed201/controls/D1_vs_D1/D1_control_b.npy,/mnt/d/#PROJECT_RKNDIncECA/Related-key-mcp-attention-Inception-based-ND/analysis_data/lea_rkmp_controls_v1/analysis/lea128/r11/k32/seed201/controls/pair_shuffled/D1_pair_shuffled.npy,49746a303d41a06fc9c92caeae0febc082b2dd349277d4fcd7d674a906e06148,66836f506dd2558ab509bf1c8e74fdeffc31b17fff92756efd14fcc01be19336,99a9acb3581b61084196e68d5533c201d99ee265705c2f60dd181845e0f8f6cf,8eb2c59d3334a557289c349789d10beae80448de86110b3ff7416a2e40de9244,/mnt/d/#PROJECT_RKNDIncECA/Related-key-mcp-attention-Inception-based-ND/analysis_data/lea_rkmp_controls_v1/analysis/lea128/r11/k32/seed201/run_config.json,/mnt/d/#PROJECT_RKNDIncECA/Related-key-mcp-attention-Inception-based-ND/analysis_data/lea_rkmp_controls_v1/analysis/lea128/r11/k32/seed201/protocol_validation.json,/mnt/d/#PROJECT_RKNDIncECA/Related-key-mcp-attention-Inception-based-ND/analysis_data/lea_rkmp_controls_v1/analysis/lea128/r11/k32/seed201/control_metadata.json,True,119.797427,860181152,e25c7763b3e1a982e4a308d9840590f7e7713a26da4727917796039f4c70d1a0,2026-07-17T13:55:49.484196+00:00,completed
lea_rkmp_controls_v1,analysis,LEA-128,lea128,cipher.lea,11,32,202,202,10000,128,128,0x00000000000000000000008000000080,0x00000000000000000000000200000000,94,msb0,delta_C||C||C_star,grouped,shared,uint8,"[10000, 32, 384]",/mnt/d/#PROJECT_RKNDIncECA/Related-key-mcp-attention-Inception-based-ND/analysis_data/lea_rkmp_controls_v1/analysis/lea128/r11/k32/seed202/D1_structured.npy,/mnt/d/#PROJECT_RKNDIncECA/Related-key-mcp-attention-Inception-based-ND/analysis_data/lea_rkmp_controls_v1/analysis/lea128/r11/k32/seed202/D0_null.npy,/mnt/d/#PROJECT_RKNDIncECA/Related-key-mcp-attention-Inception-based-ND/analysis_data/lea_rkmp_controls_v1/analysis/lea128/r11/k32/seed202/D1_labels.npy,/mnt/d/#PROJECT_RKNDIncECA/Related-key-mcp-attention-Inception-based-ND/analysis_data/lea_rkmp_controls_v1/analysis/lea128/r11/k32/seed202/D0_labels.npy,/mnt/d/#PROJECT_RKNDIncECA/Related-key-mcp-attention-Inception-based-ND/analysis_data/lea_rkmp_controls_v1/analysis/lea128/r11/k32/seed202/controls/D0_vs_D0/D0_control_a.npy,/mnt/d/#PROJECT_RKNDIncECA/Related-key-mcp-attention-Inception-based-ND/analysis_data/lea_rkmp_controls_v1/analysis/lea128/r11/k32/seed202/controls/D0_vs_D0/D0_control_b.npy,/mnt/d/#PROJECT_RKNDIncECA/Related-key-mcp-attention-Inception-based-ND/analysis_data/lea_rkmp_controls_v1/analysis/lea128/r11/k32/seed202/controls/D1_vs_D1/D1_control_a.npy,/mnt/d/#PROJECT_RKNDIncECA/Related-key-mcp-attention-Inception-based-ND/analysis_data/lea_rkmp_controls_v1/analysis/lea128/r11/k32/seed202/controls/D1_vs_D1/D1_control_b.npy,/mnt/d/#PROJECT_RKNDIncECA/Related-key-mcp-attention-Inception-based-ND/analysis_data/lea_rkmp_controls_v1/analysis/lea128/r11/k32/seed202/controls/pair_shuffled/D1_pair_shuffled.npy,00f4f6e869ad7bdfe795153789ef18c5a1578617b37beb36dae0705e09728714,48a77f6f7fddc244bbd1ea3c8a27e7e9c4afa4e87ba18a77b189d5ecee17470f,5f7fd78e9e456cbe41dd73046a04c8c250cba835948f95a0ad1fc87a137ac53a,8845d0e834aea46d5a7548fee2dc6ed82d14668833b3ff6a9d950f7babc4b211,/mnt/d/#PROJECT_RKNDIncECA/Related-key-mcp-attention-Inception-based-ND/analysis_data/lea_rkmp_controls_v1/analysis/lea128/r11/k32/seed202/run_config.json,/mnt/d/#PROJECT_RKNDIncECA/Related-key-mcp-attention-Inception-based-ND/analysis_data/lea_rkmp_controls_v1/analysis/lea128/r11/k32/seed202/protocol_validation.json,/mnt/d/#PROJECT_RKNDIncECA/Related-key-mcp-attention-Inception-based-ND/analysis_data/lea_rkmp_controls_v1/analysis/lea128/r11/k32/seed202/control_metadata.json,True,111.133735,860181152,099d2e0787393c891abcfd77d4a7fd3cd595ecbaf7fb001af9d075822094b51b,2026-07-17T13:57:51.262212+00:00,completed
lea_rkmp_controls_v1,analysis,LEA-128,lea128,cipher.lea,11,32,203,203,10000,128,128,0x00000000000000000000008000000080,0x00000000000000000000000200000000,94,msb0,delta_C||C||C_star,grouped,shared,uint8,"[10000, 32, 384]",/mnt/d/#PROJECT_RKNDIncECA/Related-key-mcp-attention-Inception-based-ND/analysis_data/lea_rkmp_controls_v1/analysis/lea128/r11/k32/seed203/D1_structured.npy,/mnt/d/#PROJECT_RKNDIncECA/Related-key-mcp-attention-Inception-based-ND/analysis_data/lea_rkmp_controls_v1/analysis/lea128/r11/k32/seed203/D0_null.npy,/mnt/d/#PROJECT_RKNDIncECA/Related-key-mcp-attention-Inception-based-ND/analysis_data/lea_rkmp_controls_v1/analysis/lea128/r11/k32/seed203/D1_labels.npy,/mnt/d/#PROJECT_RKNDIncECA/Related-key-mcp-attention-Inception-based-ND/analysis_data/lea_rkmp_controls_v1/analysis/lea128/r11/k32/seed203/D0_labels.npy,/mnt/d/#PROJECT_RKNDIncECA/Related-key-mcp-attention-Inception-based-ND/analysis_data/lea_rkmp_controls_v1/analysis/lea128/r11/k32/seed203/controls/D0_vs_D0/D0_control_a.npy,/mnt/d/#PROJECT_RKNDIncECA/Related-key-mcp-attention-Inception-based-ND/analysis_data/lea_rkmp_controls_v1/analysis/lea128/r11/k32/seed203/controls/D0_vs_D0/D0_control_b.npy,/mnt/d/#PROJECT_RKNDIncECA/Related-key-mcp-attention-Inception-based-ND/analysis_data/lea_rkmp_controls_v1/analysis/lea128/r11/k32/seed203/controls/D1_vs_D1/D1_control_a.npy,/mnt/d/#PROJECT_RKNDIncECA/Related-key-mcp-attention-Inception-based-ND/analysis_data/lea_rkmp_controls_v1/analysis/lea128/r11/k32/seed203/controls/D1_vs_D1/D1_control_b.npy,/mnt/d/#PROJECT_RKNDIncECA/Related-key-mcp-attention-Inception-based-ND/analysis_data/lea_rkmp_controls_v1/analysis/lea128/r11/k32/seed203/controls/pair_shuffled/D1_pair_shuffled.npy,881b559335cffb3df80ac032d1edfc932e56b57916b1d345eba7404e933669b4,028e010df1f00f23b1aeb74b99016952ee6b877c38c24e4c5bc926d426e62248,cc3bce19896b5ebdfbed02412bd2837dd34c7b3f1a048363dda86c599b7ca162,3a7acd4ef5d2dff05e6b85b6ff3ce597b22011471fad8ece20daeed63d301200,/mnt/d/#PROJECT_RKNDIncECA/Related-key-mcp-attention-Inception-based-ND/analysis_data/lea_rkmp_controls_v1/analysis/lea128/r11/k32/seed203/run_config.json,/mnt/d/#PROJECT_RKNDIncECA/Related-key-mcp-attention-Inception-based-ND/analysis_data/lea_rkmp_controls_v1/analysis/lea128/r11/k32/seed203/protocol_validation.json,/mnt/d/#PROJECT_RKNDIncECA/Related-key-mcp-attention-Inception-based-ND/analysis_data/lea_rkmp_controls_v1/analysis/lea128/r11/k32/seed203/control_metadata.json,True,96.497417,860181152,f5069278064918956b9a55aeebedbe8fc5d83dcd176f5540bb198a17b7353606,2026-07-17T13:59:37.999178+00:00,completed
