{
  "cipher": "hight",
  "scenario": "related-key",
  "rounds": 11,
  "pairs": 32,
  "input_difference": "0x4000000000000000",
  "input_diff_int": 4611686018427387904,
  "key_bit": 97,
  "samples": 20000,
  "pca_components": 16,
  "kmeans_k": 2,
  "use_gpu": true,
  "results": {
    "pca_explained_variance_ratio": [
      0.005943225231021643,
      0.0005694525898434222,
      0.0005636862479150295,
      0.0005596166010946035,
      0.0005574734532274306,
      0.0005551018984988332,
      0.000553423014935106,
      0.000550423632375896,
      0.0005462669068947434,
      0.0005432681646198034
    ],
    "kmeans_inertia": 264553.5625,
    "kmeans_silhouette": 0.36723625659942627,
    "accuracy_vs_true": 0.9976,
    "adjusted_rand_index": 0.9904225611151447
  },
  "timing": {
    "total_seconds": 41.24490284919739,
    "data_generation_seconds": 6.079812049865723
  },
  "auto_sweep": {
    "used": false,
    "metric": null,
    "sweep_samples": null
  }
}