{
  "cipher": "lea",
  "scenario": "related-key",
  "rounds": 8,
  "pairs": 4,
  "input_difference": "0x8000000080",
  "input_diff_int": 549755814016,
  "key_bit": 94,
  "samples": 20000,
  "pca_components": 16,
  "kmeans_k": 2,
  "use_gpu": true,
  "results": {
    "pca_explained_variance_ratio": [
      0.0012369415489956737,
      0.0010061371140182018,
      0.0010027664247900248,
      0.0009988297242671251,
      0.0009964094497263432,
      0.000993623398244381,
      0.0009880270808935165,
      0.0009873495437204838,
      0.000984395039267838,
      0.0009799303952604532
    ],
    "kmeans_inertia": 116641.71875,
    "kmeans_silhouette": 0.05035856366157532,
    "accuracy_vs_true": 0.3189,
    "adjusted_rand_index": 0.13114591699041214
  },
  "timing": {
    "total_seconds": 43.93558049201965,
    "data_generation_seconds": 4.162887811660767
  },
  "auto_sweep": {
    "used": false,
    "metric": null,
    "sweep_samples": null
  }
}