{
  "cipher": "hight",
  "scenario": "related-key",
  "rounds": 11,
  "pairs": 16,
  "input_difference": "0x4000000000000000",
  "input_diff_int": 4611686018427387904,
  "key_bit": 97,
  "samples": 20000,
  "pca_components": 16,
  "kmeans_k": 2,
  "use_gpu": true,
  "results": {
    "pca_explained_variance_ratio": [
      0.006416707299649715,
      0.0010462361387908459,
      0.001042817486450076,
      0.001031615654937923,
      0.0010243674041703343,
      0.0010191377950832248,
      0.0010173803893849254,
      0.0010104854591190815,
      0.0010067675029858947,
      0.000991840148344636
    ],
    "kmeans_inertia": 242032.703125,
    "kmeans_silhouette": 0.27901509404182434,
    "accuracy_vs_true": 0.97985,
    "adjusted_rand_index": 0.9210201472237418
  },
  "timing": {
    "total_seconds": 46.26280736923218,
    "data_generation_seconds": 5.856009244918823
  },
  "auto_sweep": {
    "used": false,
    "metric": null,
    "sweep_samples": null
  }
}