{
  "cipher": "lea",
  "scenario": "related-key",
  "rounds": 7,
  "pairs": 4,
  "input_difference": "0x8000000080",
  "input_diff_int": 549755814016,
  "key_bit": 94,
  "samples": 20000,
  "pca_components": 16,
  "kmeans_k": 2,
  "use_gpu": true,
  "results": {
    "pca_explained_variance_ratio": [
      0.005712522659450769,
      0.0014326549135148525,
      0.0012090466916561127,
      0.0011832162272185087,
      0.0011377286864444613,
      0.001091022975742817,
      0.001060491194948554,
      0.0010503538651391864,
      0.0010474385926499963,
      0.001043535303324461
    ],
    "kmeans_inertia": 133205.8125,
    "kmeans_silhouette": 0.20932595431804657,
    "accuracy_vs_true": 0.90505,
    "adjusted_rand_index": 0.6562454192693152
  },
  "timing": {
    "total_seconds": 45.21577525138855,
    "data_generation_seconds": 3.4321208000183105
  },
  "auto_sweep": {
    "used": false,
    "metric": null,
    "sweep_samples": null
  }
}