{
  "cipher": "hight",
  "scenario": "related-key",
  "rounds": 14,
  "pairs": 8,
  "input_difference": "0x4000000000000000",
  "input_diff_int": 4611686018427387904,
  "key_bit": 97,
  "samples": 20000,
  "pca_components": 16,
  "kmeans_k": 2,
  "use_gpu": true,
  "results": {
    "pca_explained_variance_ratio": [
      0.0010019129840657115,
      0.0009968722006306052,
      0.0009943577460944653,
      0.000988120911642909,
      0.0009865887695923448,
      0.0009844767628237605,
      0.0009805819718167186,
      0.000977237825281918,
      0.0009730751626193523,
      0.0009708284051157534
    ],
    "kmeans_inertia": 115173.3671875,
    "kmeans_silhouette": 0.040998559445142746,
    "accuracy_vs_true": 0.5016,
    "adjusted_rand_index": -3.9749694381460665e-05
  },
  "timing": {
    "total_seconds": 55.95249152183533,
    "data_generation_seconds": 5.635255575180054
  },
  "auto_sweep": {
    "used": false,
    "metric": null,
    "sweep_samples": null
  }
}