estimator_study_id,source_study_id,study_id,domain,cipher,round,k,seed,control_type,n_samples_total,pca_components,explained_variance_sum,projection_id,sample_selection_hash,pair_shuffle_k1_identical,silhouette_kmeans,silhouette_control_median,silhouette_null_median,silhouette_excess_null,kmeans_inertia,kmeans_adjusted_rand,kmeans_aligned_accuracy,kmeans_n_iter,kmeans_stability_ari,kmeans_stability_ari_median,kmeans_stability_ari_min,stability_pair_count,source_config_hash,estimator_protocol_hash,estimator_job_hash,status
present80_projected_geometry_full,present80_rkmp_controls_v1,present80_rkmp_controls_v1,analysis,PRESENT-80,6,1,201,D0_vs_D0,10000,16,0.1796288639307022,2b012b8266e3befd26b0e43b711deaa72ebe4eb631a8461775e5a2eec7f02b38,e17494764a0b70d71507941c0870a216154a356e6eed2a4bcdcd75a1fdd00e85,False,0.04271051287651062,0.08531003445386887,0.08531003445386887,-0.042599521577358246,38289.45703125,-8.975207600122841e-05,0.5016,47,0.12079308805750999,0.13993961632434293,0.01983935439964773,3,8cb4824302c994b87db5c07232328068c9b0cd7d803ea1c24e74782473f19762,ae9bae7b7f7a637e643715b9ebf457a447973061f4f0d32756b5d7e87775b615,ba597389d6e5a718e6d49e6b6c203c758cce94da287fcec772e7c2b75de45313,completed
present80_projected_geometry_full,present80_rkmp_controls_v1,present80_rkmp_controls_v1,analysis,PRESENT-80,6,1,201,D1_vs_D0,10000,16,0.1796288639307022,2b012b8266e3befd26b0e43b711deaa72ebe4eb631a8461775e5a2eec7f02b38,e17494764a0b70d71507941c0870a216154a356e6eed2a4bcdcd75a1fdd00e85,False,0.15095028281211853,0.08531003445386887,0.08531003445386887,0.06564024835824966,73772.796875,0.8262636810831466,0.9545,7,0.9997333306692742,0.9995999960039113,0.9995999960039113,3,8cb4824302c994b87db5c07232328068c9b0cd7d803ea1c24e74782473f19762,ae9bae7b7f7a637e643715b9ebf457a447973061f4f0d32756b5d7e87775b615,ba597389d6e5a718e6d49e6b6c203c758cce94da287fcec772e7c2b75de45313,completed
present80_projected_geometry_full,present80_rkmp_controls_v1,present80_rkmp_controls_v1,analysis,PRESENT-80,6,1,201,D1_vs_D1,10000,16,0.1796288639307022,2b012b8266e3befd26b0e43b711deaa72ebe4eb631a8461775e5a2eec7f02b38,e17494764a0b70d71507941c0870a216154a356e6eed2a4bcdcd75a1fdd00e85,False,0.1279095560312271,0.08531003445386887,0.08531003445386887,0.042599521577358246,87185.9765625,-6.934377984576463e-05,0.5027,15,0.99919997986983,0.998799969804745,0.998799969804745,3,8cb4824302c994b87db5c07232328068c9b0cd7d803ea1c24e74782473f19762,ae9bae7b7f7a637e643715b9ebf457a447973061f4f0d32756b5d7e87775b615,ba597389d6e5a718e6d49e6b6c203c758cce94da287fcec772e7c2b75de45313,completed
present80_projected_geometry_full,present80_rkmp_controls_v1,present80_rkmp_controls_v1,analysis,PRESENT-80,6,1,201,pair_shuffled,10000,16,0.1796288639307022,2b012b8266e3befd26b0e43b711deaa72ebe4eb631a8461775e5a2eec7f02b38,e17494764a0b70d71507941c0870a216154a356e6eed2a4bcdcd75a1fdd00e85,False,0.1517946720123291,0.08531003445386887,0.08531003445386887,0.06648463755846024,72422.953125,0.8248097793914992,0.9541,9,0.9994666874069305,0.9995999955216259,0.9992000711150075,3,8cb4824302c994b87db5c07232328068c9b0cd7d803ea1c24e74782473f19762,ae9bae7b7f7a637e643715b9ebf457a447973061f4f0d32756b5d7e87775b615,ba597389d6e5a718e6d49e6b6c203c758cce94da287fcec772e7c2b75de45313,completed
present80_projected_geometry_full,present80_rkmp_controls_v1,present80_rkmp_controls_v1,analysis,PRESENT-80,6,1,202,D0_vs_D0,10000,16,0.17889150977134705,071805a879cedf3001c63ebafe6d76c0c7560cf3a33f3f3b8a04190507bb1828,e17494764a0b70d71507941c0870a216154a356e6eed2a4bcdcd75a1fdd00e85,False,0.04307368025183678,0.08540469221770763,0.08540469221770763,-0.04233101196587086,38299.58984375,-7.697539490162902e-05,0.5024,57,0.3133373672057336,0.1724744517269101,0.08859375777844046,3,00a64b799856d394cec1b56c8d793489b13e12e9f76c6f10e39ef76b38da034f,ae9bae7b7f7a637e643715b9ebf457a447973061f4f0d32756b5d7e87775b615,cfe986eac0ea9e16c2d712c60432cce87b5c4ba6933cc59bb2a71c6e53440fae,completed
present80_projected_geometry_full,present80_rkmp_controls_v1,present80_rkmp_controls_v1,analysis,PRESENT-80,6,1,202,D1_vs_D0,10000,16,0.17889150977134705,071805a879cedf3001c63ebafe6d76c0c7560cf3a33f3f3b8a04190507bb1828,e17494764a0b70d71507941c0870a216154a356e6eed2a4bcdcd75a1fdd00e85,False,0.1525246798992157,0.08540469221770763,0.08540469221770763,0.06711998768150806,73468.75,0.8114218727138252,0.9504,6,0.9992000881718917,0.9992000615737328,0.9988002122138482,3,00a64b799856d394cec1b56c8d793489b13e12e9f76c6f10e39ef76b38da034f,ae9bae7b7f7a637e643715b9ebf457a447973061f4f0d32756b5d7e87775b615,cfe986eac0ea9e16c2d712c60432cce87b5c4ba6933cc59bb2a71c6e53440fae,completed
present80_projected_geometry_full,present80_rkmp_controls_v1,present80_rkmp_controls_v1,analysis,PRESENT-80,6,1,202,D1_vs_D1,10000,16,0.17889150977134705,071805a879cedf3001c63ebafe6d76c0c7560cf3a33f3f3b8a04190507bb1828,e17494764a0b70d71507941c0870a216154a356e6eed2a4bcdcd75a1fdd00e85,False,0.1277357041835785,0.08540469221770763,0.08540469221770763,0.04233101196587086,87539.796875,8.624913852353644e-05,0.5067999999999999,8,0.9986668708427086,0.9984002120589808,0.9980004663128955,3,00a64b799856d394cec1b56c8d793489b13e12e9f76c6f10e39ef76b38da034f,ae9bae7b7f7a637e643715b9ebf457a447973061f4f0d32756b5d7e87775b615,cfe986eac0ea9e16c2d712c60432cce87b5c4ba6933cc59bb2a71c6e53440fae,completed
present80_projected_geometry_full,present80_rkmp_controls_v1,present80_rkmp_controls_v1,analysis,PRESENT-80,6,1,202,pair_shuffled,10000,16,0.17889150977134705,071805a879cedf3001c63ebafe6d76c0c7560cf3a33f3f3b8a04190507bb1828,e17494764a0b70d71507941c0870a216154a356e6eed2a4bcdcd75a1fdd00e85,False,0.1520090103149414,0.08540469221770763,0.08540469221770763,0.06660431809723377,72208.5546875,0.8132246495296502,0.9509,7,0.9997333275729998,0.9995999913594998,0.9995999913594998,3,00a64b799856d394cec1b56c8d793489b13e12e9f76c6f10e39ef76b38da034f,ae9bae7b7f7a637e643715b9ebf457a447973061f4f0d32756b5d7e87775b615,cfe986eac0ea9e16c2d712c60432cce87b5c4ba6933cc59bb2a71c6e53440fae,completed
present80_projected_geometry_full,present80_rkmp_controls_v1,present80_rkmp_controls_v1,analysis,PRESENT-80,6,1,203,D0_vs_D0,10000,16,0.1794435679912567,9438c6304c9de8943edcbf5919a2ce86824f48f8767373bb806f703dc440500c,e17494764a0b70d71507941c0870a216154a356e6eed2a4bcdcd75a1fdd00e85,False,0.043293412774801254,0.08475521765649319,0.08475521765649319,-0.04146180488169193,38240.484375,-8.841303855874823e-05,0.5017,62,0.3215359273348701,0.3171258932877071,0.25941410801682646,3,92f767740d0108e64499e79933a5b49a000b0db14e83faa4d9d329586fb7b1a1,ae9bae7b7f7a637e643715b9ebf457a447973061f4f0d32756b5d7e87775b615,8a7439e4d04734b888eb2450e24e1f798b53aa30aaa90f49c1aabb4ce4531f77,completed
present80_projected_geometry_full,present80_rkmp_controls_v1,present80_rkmp_controls_v1,analysis,PRESENT-80,6,1,203,D1_vs_D0,10000,16,0.1794435679912567,9438c6304c9de8943edcbf5919a2ce86824f48f8767373bb806f703dc440500c,e17494764a0b70d71507941c0870a216154a356e6eed2a4bcdcd75a1fdd00e85,False,0.15064480900764465,0.08475521765649319,0.08475521765649319,0.06588959135115147,73781.4453125,0.8255365759884477,0.9543,20,0.9992001498756294,0.9988002248134442,0.9988002248134442,3,92f767740d0108e64499e79933a5b49a000b0db14e83faa4d9d329586fb7b1a1,ae9bae7b7f7a637e643715b9ebf457a447973061f4f0d32756b5d7e87775b615,8a7439e4d04734b888eb2450e24e1f798b53aa30aaa90f49c1aabb4ce4531f77,completed
present80_projected_geometry_full,present80_rkmp_controls_v1,present80_rkmp_controls_v1,analysis,PRESENT-80,6,1,203,D1_vs_D1,10000,16,0.1794435679912567,9438c6304c9de8943edcbf5919a2ce86824f48f8767373bb806f703dc440500c,e17494764a0b70d71507941c0870a216154a356e6eed2a4bcdcd75a1fdd00e85,False,0.12621702253818512,0.08475521765649319,0.08475521765649319,0.04146180488169193,87269.78125,5.501893427725434e-05,0.5062,6,0.9949417127075569,0.9924125690613355,0.9924125690613355,3,92f767740d0108e64499e79933a5b49a000b0db14e83faa4d9d329586fb7b1a1,ae9bae7b7f7a637e643715b9ebf457a447973061f4f0d32756b5d7e87775b615,8a7439e4d04734b888eb2450e24e1f798b53aa30aaa90f49c1aabb4ce4531f77,completed
present80_projected_geometry_full,present80_rkmp_controls_v1,present80_rkmp_controls_v1,analysis,PRESENT-80,6,1,203,pair_shuffled,10000,16,0.1794435679912567,9438c6304c9de8943edcbf5919a2ce86824f48f8767373bb806f703dc440500c,e17494764a0b70d71507941c0870a216154a356e6eed2a4bcdcd75a1fdd00e85,False,0.15095293521881104,0.08475521765649319,0.08475521765649319,0.06619771756231785,72300.828125,0.8277188701410895,0.9549,6,0.9981341110201926,0.9984004612456793,0.9972016465913338,3,92f767740d0108e64499e79933a5b49a000b0db14e83faa4d9d329586fb7b1a1,ae9bae7b7f7a637e643715b9ebf457a447973061f4f0d32756b5d7e87775b615,8a7439e4d04734b888eb2450e24e1f798b53aa30aaa90f49c1aabb4ce4531f77,completed
present80_projected_geometry_full,present80_rkmp_controls_v1,present80_rkmp_controls_v1,analysis,PRESENT-80,6,2,201,D0_vs_D0,10000,16,0.11924552917480469,d8505c6ba416eef684ddfcd7145bc8d208280eeee16f240efa5325244ef66633,e17494764a0b70d71507941c0870a216154a356e6eed2a4bcdcd75a1fdd00e85,,0.04273616522550583,0.06993566825985909,0.06993566825985909,-0.027199503034353256,38450.96875,0.00045699763864298117,0.5118,64,0.3449625177117153,0.2904500394669688,0.20895272850282232,3,7cc1b49000737fa030df88a4c6798ab32b7908c7362aacccdfea70851971e9a3,ae9bae7b7f7a637e643715b9ebf457a447973061f4f0d32756b5d7e87775b615,7665f312a974d2c5b5964cf42ec20694d4e61787a62662bfd91479319892e772,completed
present80_projected_geometry_full,present80_rkmp_controls_v1,present80_rkmp_controls_v1,analysis,PRESENT-80,6,2,201,D1_vs_D0,10000,16,0.11924552917480469,d8505c6ba416eef684ddfcd7145bc8d208280eeee16f240efa5325244ef66633,e17494764a0b70d71507941c0870a216154a356e6eed2a4bcdcd75a1fdd00e85,,0.20617739856243134,0.06993566825985909,0.06993566825985909,0.13624173030257225,91983.1328125,0.9596121220594668,0.9898,6,1.0,1.0,1.0,3,7cc1b49000737fa030df88a4c6798ab32b7908c7362aacccdfea70851971e9a3,ae9bae7b7f7a637e643715b9ebf457a447973061f4f0d32756b5d7e87775b615,7665f312a974d2c5b5964cf42ec20694d4e61787a62662bfd91479319892e772,completed
present80_projected_geometry_full,present80_rkmp_controls_v1,present80_rkmp_controls_v1,analysis,PRESENT-80,6,2,201,D1_vs_D1,10000,16,0.11924552917480469,d8505c6ba416eef684ddfcd7145bc8d208280eeee16f240efa5325244ef66633,e17494764a0b70d71507941c0870a216154a356e6eed2a4bcdcd75a1fdd00e85,,0.09713517129421234,0.06993566825985909,0.06993566825985909,0.027199503034353256,120917.984375,-7.181920869118208e-05,0.5025999999999999,7,0.9968018868524076,0.9964023973195305,0.9964023863910497,3,7cc1b49000737fa030df88a4c6798ab32b7908c7362aacccdfea70851971e9a3,ae9bae7b7f7a637e643715b9ebf457a447973061f4f0d32756b5d7e87775b615,7665f312a974d2c5b5964cf42ec20694d4e61787a62662bfd91479319892e772,completed
present80_projected_geometry_full,present80_rkmp_controls_v1,present80_rkmp_controls_v1,analysis,PRESENT-80,6,2,201,pair_shuffled,10000,16,0.11924552917480469,d8505c6ba416eef684ddfcd7145bc8d208280eeee16f240efa5325244ef66633,e17494764a0b70d71507941c0870a216154a356e6eed2a4bcdcd75a1fdd00e85,,0.207931786775589,0.06993566825985909,0.06993566825985909,0.1379961185157299,88628.640625,0.9596121220594668,0.9898,6,1.0,1.0,1.0,3,7cc1b49000737fa030df88a4c6798ab32b7908c7362aacccdfea70851971e9a3,ae9bae7b7f7a637e643715b9ebf457a447973061f4f0d32756b5d7e87775b615,7665f312a974d2c5b5964cf42ec20694d4e61787a62662bfd91479319892e772,completed
present80_projected_geometry_full,present80_rkmp_controls_v1,present80_rkmp_controls_v1,analysis,PRESENT-80,6,2,202,D0_vs_D0,10000,16,0.11912563443183899,ac8f5cae774d64428997c9daa62418ba9e091dbbc61d3f7b736d3cf07f191864,e17494764a0b70d71507941c0870a216154a356e6eed2a4bcdcd75a1fdd00e85,,0.04265064001083374,0.07020467147231102,0.07020467147231102,-0.02755403146147728,38184.578125,-9.74597319448296e-05,0.5008,36,0.21158310883451228,0.24713256220490992,0.1245214610638017,3,f3a452a03025a16037990388abcfba0c602613165502ba37500c3ab7a9c1af4b,ae9bae7b7f7a637e643715b9ebf457a447973061f4f0d32756b5d7e87775b615,0593fcf02c9ec2a404c96edee1af4faf28dcdb2bd5d6148192ee685c3bc1747e,completed
present80_projected_geometry_full,present80_rkmp_controls_v1,present80_rkmp_controls_v1,analysis,PRESENT-80,6,2,202,D1_vs_D0,10000,16,0.11912563443183899,ac8f5cae774d64428997c9daa62418ba9e091dbbc61d3f7b736d3cf07f191864,e17494764a0b70d71507941c0870a216154a356e6eed2a4bcdcd75a1fdd00e85,,0.20536375045776367,0.07020467147231102,0.07020467147231102,0.13515907898545265,92006.40625,0.9643204323857967,0.991,6,1.0,1.0,1.0,3,f3a452a03025a16037990388abcfba0c602613165502ba37500c3ab7a9c1af4b,ae9bae7b7f7a637e643715b9ebf457a447973061f4f0d32756b5d7e87775b615,0593fcf02c9ec2a404c96edee1af4faf28dcdb2bd5d6148192ee685c3bc1747e,completed
present80_projected_geometry_full,present80_rkmp_controls_v1,present80_rkmp_controls_v1,analysis,PRESENT-80,6,2,202,D1_vs_D1,10000,16,0.11912563443183899,ac8f5cae774d64428997c9daa62418ba9e091dbbc61d3f7b736d3cf07f191864,e17494764a0b70d71507941c0870a216154a356e6eed2a4bcdcd75a1fdd00e85,,0.0977587029337883,0.07020467147231102,0.07020467147231102,0.02755403146147728,120954.421875,-8.602615643026992e-05,0.5018,15,0.9925464827589164,0.9924127791691792,0.9904209998215406,3,f3a452a03025a16037990388abcfba0c602613165502ba37500c3ab7a9c1af4b,ae9bae7b7f7a637e643715b9ebf457a447973061f4f0d32756b5d7e87775b615,0593fcf02c9ec2a404c96edee1af4faf28dcdb2bd5d6148192ee685c3bc1747e,completed
present80_projected_geometry_full,present80_rkmp_controls_v1,present80_rkmp_controls_v1,analysis,PRESENT-80,6,2,202,pair_shuffled,10000,16,0.11912563443183899,ac8f5cae774d64428997c9daa62418ba9e091dbbc61d3f7b736d3cf07f191864,e17494764a0b70d71507941c0870a216154a356e6eed2a4bcdcd75a1fdd00e85,,0.20742346346378326,0.07020467147231102,0.07020467147231102,0.13721879199147224,88532.7265625,0.9596121218422982,0.9898,6,1.0,1.0,1.0,3,f3a452a03025a16037990388abcfba0c602613165502ba37500c3ab7a9c1af4b,ae9bae7b7f7a637e643715b9ebf457a447973061f4f0d32756b5d7e87775b615,0593fcf02c9ec2a404c96edee1af4faf28dcdb2bd5d6148192ee685c3bc1747e,completed
present80_projected_geometry_full,present80_rkmp_controls_v1,present80_rkmp_controls_v1,analysis,PRESENT-80,6,2,203,D0_vs_D0,10000,16,0.11887293308973312,a98998b6d7273243d3e054be157da351901a4e1527bd5cca6fb858fa094dd2d2,e17494764a0b70d71507941c0870a216154a356e6eed2a4bcdcd75a1fdd00e85,,0.04256657138466835,0.06950272060930729,0.06950272060930729,-0.02693614922463894,38407.06640625,-2.2558799456340063e-05,0.5044,39,0.09834282584074562,0.09712897651586037,0.0022621750318617363,3,01a70c40a70e877a23d777d4f03b07dbe0fd9d4fb3959569e50857933a94a736,ae9bae7b7f7a637e643715b9ebf457a447973061f4f0d32756b5d7e87775b615,e1fadcc775d369c9cca2534e2ae56afa1632de6d1d7ca200ca3fb7e5e635af9c,completed
present80_projected_geometry_full,present80_rkmp_controls_v1,present80_rkmp_controls_v1,analysis,PRESENT-80,6,2,203,D1_vs_D0,10000,16,0.11887293308973312,a98998b6d7273243d3e054be157da351901a4e1527bd5cca6fb858fa094dd2d2,e17494764a0b70d71507941c0870a216154a356e6eed2a4bcdcd75a1fdd00e85,,0.20489613711833954,0.06950272060930729,0.06950272060930729,0.13539341650903225,91804.3046875,0.966285628695178,0.9915,6,0.9997333333329715,0.9995999999994575,0.9995999999994575,3,01a70c40a70e877a23d777d4f03b07dbe0fd9d4fb3959569e50857933a94a736,ae9bae7b7f7a637e643715b9ebf457a447973061f4f0d32756b5d7e87775b615,e1fadcc775d369c9cca2534e2ae56afa1632de6d1d7ca200ca3fb7e5e635af9c,completed
present80_projected_geometry_full,present80_rkmp_controls_v1,present80_rkmp_controls_v1,analysis,PRESENT-80,6,2,203,D1_vs_D1,10000,16,0.11887293308973312,a98998b6d7273243d3e054be157da351901a4e1527bd5cca6fb858fa094dd2d2,e17494764a0b70d71507941c0870a216154a356e6eed2a4bcdcd75a1fdd00e85,,0.09643886983394623,0.06950272060930729,0.06950272060930729,0.02693614922463894,121406.734375,-9.054034372744632e-05,0.5014,18,0.9991999458180686,0.9987999187271027,0.9987999187271027,3,01a70c40a70e877a23d777d4f03b07dbe0fd9d4fb3959569e50857933a94a736,ae9bae7b7f7a637e643715b9ebf457a447973061f4f0d32756b5d7e87775b615,e1fadcc775d369c9cca2534e2ae56afa1632de6d1d7ca200ca3fb7e5e635af9c,completed
present80_projected_geometry_full,present80_rkmp_controls_v1,present80_rkmp_controls_v1,analysis,PRESENT-80,6,2,203,pair_shuffled,10000,16,0.11887293308973312,a98998b6d7273243d3e054be157da351901a4e1527bd5cca6fb858fa094dd2d2,e17494764a0b70d71507941c0870a216154a356e6eed2a4bcdcd75a1fdd00e85,,0.2072312980890274,0.06950272060930729,0.06950272060930729,0.13772857747972012,88703.84375,0.9631422745608307,0.9907,6,1.0,1.0,1.0,3,01a70c40a70e877a23d777d4f03b07dbe0fd9d4fb3959569e50857933a94a736,ae9bae7b7f7a637e643715b9ebf457a447973061f4f0d32756b5d7e87775b615,e1fadcc775d369c9cca2534e2ae56afa1632de6d1d7ca200ca3fb7e5e635af9c,completed
present80_projected_geometry_full,present80_rkmp_controls_v1,present80_rkmp_controls_v1,analysis,PRESENT-80,6,4,201,D0_vs_D0,10000,16,0.08042141795158386,c6666b7d525487e737290fb21cc45bfd20e6d92874695aa1c384dea9295d1abf,e17494764a0b70d71507941c0870a216154a356e6eed2a4bcdcd75a1fdd00e85,,0.04265996068716049,0.05953066051006317,0.05953066051006317,-0.01687069982290268,38418.2734375,-8.704332732708722e-05,0.5018,40,0.5753385740340683,0.5642578711441681,0.4491129522655335,3,d21ee05d9faf61be93e003a6023061db962d47b8adb788936f88bbf27e01e119,ae9bae7b7f7a637e643715b9ebf457a447973061f4f0d32756b5d7e87775b615,d66c35ab9d6bb9eee50f895e9853d51abfebf45e8b551691607755c44e0bc245,completed
present80_projected_geometry_full,present80_rkmp_controls_v1,present80_rkmp_controls_v1,analysis,PRESENT-80,6,4,201,D1_vs_D0,10000,16,0.08042141795158386,c6666b7d525487e737290fb21cc45bfd20e6d92874695aa1c384dea9295d1abf,e17494764a0b70d71507941c0870a216154a356e6eed2a4bcdcd75a1fdd00e85,,0.2838963270187378,0.05953066051006317,0.05953066051006317,0.22436566650867462,110819.0,0.9992000800000128,0.9998,4,1.0,1.0,1.0,3,d21ee05d9faf61be93e003a6023061db962d47b8adb788936f88bbf27e01e119,ae9bae7b7f7a637e643715b9ebf457a447973061f4f0d32756b5d7e87775b615,d66c35ab9d6bb9eee50f895e9853d51abfebf45e8b551691607755c44e0bc245,completed
present80_projected_geometry_full,present80_rkmp_controls_v1,present80_rkmp_controls_v1,analysis,PRESENT-80,6,4,201,D1_vs_D1,10000,16,0.08042141795158386,c6666b7d525487e737290fb21cc45bfd20e6d92874695aa1c384dea9295d1abf,e17494764a0b70d71507941c0870a216154a356e6eed2a4bcdcd75a1fdd00e85,,0.07640136033296585,0.05953066051006317,0.05953066051006317,0.01687069982290268,150678.765625,-8.90998074648621e-05,0.5016,22,0.9078418766107769,0.8817081429454007,0.8715954929010679,3,d21ee05d9faf61be93e003a6023061db962d47b8adb788936f88bbf27e01e119,ae9bae7b7f7a637e643715b9ebf457a447973061f4f0d32756b5d7e87775b615,d66c35ab9d6bb9eee50f895e9853d51abfebf45e8b551691607755c44e0bc245,completed
present80_projected_geometry_full,present80_rkmp_controls_v1,present80_rkmp_controls_v1,analysis,PRESENT-80,6,4,201,pair_shuffled,10000,16,0.08042141795158386,c6666b7d525487e737290fb21cc45bfd20e6d92874695aa1c384dea9295d1abf,e17494764a0b70d71507941c0870a216154a356e6eed2a4bcdcd75a1fdd00e85,,0.288882851600647,0.05953066051006317,0.05953066051006317,0.2293521910905838,103458.1875,0.998000800060212,0.9995,4,1.0,1.0,1.0,3,d21ee05d9faf61be93e003a6023061db962d47b8adb788936f88bbf27e01e119,ae9bae7b7f7a637e643715b9ebf457a447973061f4f0d32756b5d7e87775b615,d66c35ab9d6bb9eee50f895e9853d51abfebf45e8b551691607755c44e0bc245,completed
present80_projected_geometry_full,present80_rkmp_controls_v1,present80_rkmp_controls_v1,analysis,PRESENT-80,6,4,202,D0_vs_D0,10000,16,0.08048777282238007,a1b5655af322d87e2458bc310ca9e8f1c20ea928c387e3b908d7aa8ff5b9814b,e17494764a0b70d71507941c0870a216154a356e6eed2a4bcdcd75a1fdd00e85,,0.04224811866879463,0.059177784249186516,0.059177784249186516,-0.016929665580391884,38330.31640625,-2.6049689862011507e-05,0.5043,52,0.46956522021760433,0.4843644343816129,0.4279204280157239,3,176936495d8cb6d936225d0477ab8cc64cde3c2031b11df715706548fae91b42,ae9bae7b7f7a637e643715b9ebf457a447973061f4f0d32756b5d7e87775b615,7d95493e55af9209cd490d6d98ffc39a56fb9ce6bc7e79e5c1adb126918f3159,completed
present80_projected_geometry_full,present80_rkmp_controls_v1,present80_rkmp_controls_v1,analysis,PRESENT-80,6,4,202,D1_vs_D0,10000,16,0.08048777282238007,a1b5655af322d87e2458bc310ca9e8f1c20ea928c387e3b908d7aa8ff5b9814b,e17494764a0b70d71507941c0870a216154a356e6eed2a4bcdcd75a1fdd00e85,,0.2826780080795288,0.059177784249186516,0.059177784249186516,0.2235002238303423,111028.0546875,0.9972016801405766,0.9993,4,1.0,1.0,1.0,3,176936495d8cb6d936225d0477ab8cc64cde3c2031b11df715706548fae91b42,ae9bae7b7f7a637e643715b9ebf457a447973061f4f0d32756b5d7e87775b615,7d95493e55af9209cd490d6d98ffc39a56fb9ce6bc7e79e5c1adb126918f3159,completed
present80_projected_geometry_full,present80_rkmp_controls_v1,present80_rkmp_controls_v1,analysis,PRESENT-80,6,4,202,D1_vs_D1,10000,16,0.08048777282238007,a1b5655af322d87e2458bc310ca9e8f1c20ea928c387e3b908d7aa8ff5b9814b,e17494764a0b70d71507941c0870a216154a356e6eed2a4bcdcd75a1fdd00e85,,0.0761074498295784,0.059177784249186516,0.059177784249186516,0.016929665580391884,151175.0,0.00012500253650280047,0.5075,17,0.9735326330211086,0.969828022502669,0.9639276324503702,3,176936495d8cb6d936225d0477ab8cc64cde3c2031b11df715706548fae91b42,ae9bae7b7f7a637e643715b9ebf457a447973061f4f0d32756b5d7e87775b615,7d95493e55af9209cd490d6d98ffc39a56fb9ce6bc7e79e5c1adb126918f3159,completed
present80_projected_geometry_full,present80_rkmp_controls_v1,present80_rkmp_controls_v1,analysis,PRESENT-80,6,4,202,pair_shuffled,10000,16,0.08048777282238007,a1b5655af322d87e2458bc310ca9e8f1c20ea928c387e3b908d7aa8ff5b9814b,e17494764a0b70d71507941c0870a216154a356e6eed2a4bcdcd75a1fdd00e85,,0.2875135540962219,0.059177784249186516,0.059177784249186516,0.2283357698470354,103878.7265625,0.9972016801405766,0.9993,4,1.0,1.0,1.0,3,176936495d8cb6d936225d0477ab8cc64cde3c2031b11df715706548fae91b42,ae9bae7b7f7a637e643715b9ebf457a447973061f4f0d32756b5d7e87775b615,7d95493e55af9209cd490d6d98ffc39a56fb9ce6bc7e79e5c1adb126918f3159,completed
present80_projected_geometry_full,present80_rkmp_controls_v1,present80_rkmp_controls_v1,analysis,PRESENT-80,6,4,203,D0_vs_D0,10000,16,0.08057629317045212,fb787a137e86e8f83e39c35918a8b1bcf51f415fa0bbc366870a97a12460acd7,e17494764a0b70d71507941c0870a216154a356e6eed2a4bcdcd75a1fdd00e85,,0.04341196268796921,0.059820570051670074,0.059820570051670074,-0.016408607363700867,38209.6484375,-9.67785235928426e-05,0.5009,65,0.733244043587525,0.7062427837847113,0.6842282623128488,3,75d5125dca8eb8bbe6e8c3281ea16521393aaaa162012a7d65d643564c37f918,ae9bae7b7f7a637e643715b9ebf457a447973061f4f0d32756b5d7e87775b615,47c54eb717afd695cefc3584ebbcbb2e17ab80bb69c822099a7474ed1c37d450,completed
present80_projected_geometry_full,present80_rkmp_controls_v1,present80_rkmp_controls_v1,analysis,PRESENT-80,6,4,203,D1_vs_D0,10000,16,0.08057629317045212,fb787a137e86e8f83e39c35918a8b1bcf51f415fa0bbc366870a97a12460acd7,e17494764a0b70d71507941c0870a216154a356e6eed2a4bcdcd75a1fdd00e85,,0.28333738446235657,0.059820570051670074,0.059820570051670074,0.2235168144106865,111148.3828125,0.9976012000963647,0.9994,4,1.0,1.0,1.0,3,75d5125dca8eb8bbe6e8c3281ea16521393aaaa162012a7d65d643564c37f918,ae9bae7b7f7a637e643715b9ebf457a447973061f4f0d32756b5d7e87775b615,47c54eb717afd695cefc3584ebbcbb2e17ab80bb69c822099a7474ed1c37d450,completed
present80_projected_geometry_full,present80_rkmp_controls_v1,present80_rkmp_controls_v1,analysis,PRESENT-80,6,4,203,D1_vs_D1,10000,16,0.08057629317045212,fb787a137e86e8f83e39c35918a8b1bcf51f415fa0bbc366870a97a12460acd7,e17494764a0b70d71507941c0870a216154a356e6eed2a4bcdcd75a1fdd00e85,,0.07622917741537094,0.059820570051670074,0.059820570051670074,0.016408607363700867,151005.0,4.116855015158551e-06,0.5051,20,0.9788091985238654,0.9741663952451699,0.9682528025176378,3,75d5125dca8eb8bbe6e8c3281ea16521393aaaa162012a7d65d643564c37f918,ae9bae7b7f7a637e643715b9ebf457a447973061f4f0d32756b5d7e87775b615,47c54eb717afd695cefc3584ebbcbb2e17ab80bb69c822099a7474ed1c37d450,completed
present80_projected_geometry_full,present80_rkmp_controls_v1,present80_rkmp_controls_v1,analysis,PRESENT-80,6,4,203,pair_shuffled,10000,16,0.08057629317045212,fb787a137e86e8f83e39c35918a8b1bcf51f415fa0bbc366870a97a12460acd7,e17494764a0b70d71507941c0870a216154a356e6eed2a4bcdcd75a1fdd00e85,,0.2877909243106842,0.059820570051670074,0.059820570051670074,0.22797035425901413,104506.265625,0.998000800060212,0.9995,4,1.0,1.0,1.0,3,75d5125dca8eb8bbe6e8c3281ea16521393aaaa162012a7d65d643564c37f918,ae9bae7b7f7a637e643715b9ebf457a447973061f4f0d32756b5d7e87775b615,47c54eb717afd695cefc3584ebbcbb2e17ab80bb69c822099a7474ed1c37d450,completed
present80_projected_geometry_full,present80_rkmp_controls_v1,present80_rkmp_controls_v1,analysis,PRESENT-80,6,8,201,D0_vs_D0,10000,16,0.056445978581905365,78127201e5f134f59a50540aeac63d8a3391a580279305ddf7a1f4e1d4316e85,e17494764a0b70d71507941c0870a216154a356e6eed2a4bcdcd75a1fdd00e85,,0.04252439737319946,0.05382503196597099,0.05382503196597099,-0.01130063459277153,38235.8046875,0.0002763925223906518,0.5097,76,0.41465071911446083,0.3752162843676865,0.32620206267463614,3,ce39e565e3d1100b348c02972a3ce2c74573803add08b37e391b4222f931db88,ae9bae7b7f7a637e643715b9ebf457a447973061f4f0d32756b5d7e87775b615,aab169802faf5c268a53c8a313f870d8918ad80a381942db16c880d70e6d15e6,completed
present80_projected_geometry_full,present80_rkmp_controls_v1,present80_rkmp_controls_v1,analysis,PRESENT-80,6,8,201,D1_vs_D0,10000,16,0.056445978581905365,78127201e5f134f59a50540aeac63d8a3391a580279305ddf7a1f4e1d4316e85,e17494764a0b70d71507941c0870a216154a356e6eed2a4bcdcd75a1fdd00e85,,0.3753295838832855,0.05382503196597099,0.05382503196597099,0.32150455191731453,131730.25,1.0,1.0,3,1.0,1.0,1.0,3,ce39e565e3d1100b348c02972a3ce2c74573803add08b37e391b4222f931db88,ae9bae7b7f7a637e643715b9ebf457a447973061f4f0d32756b5d7e87775b615,aab169802faf5c268a53c8a313f870d8918ad80a381942db16c880d70e6d15e6,completed
present80_projected_geometry_full,present80_rkmp_controls_v1,present80_rkmp_controls_v1,analysis,PRESENT-80,6,8,201,D1_vs_D1,10000,16,0.056445978581905365,78127201e5f134f59a50540aeac63d8a3391a580279305ddf7a1f4e1d4316e85,e17494764a0b70d71507941c0870a216154a356e6eed2a4bcdcd75a1fdd00e85,,0.06512566655874252,0.05382503196597099,0.05382503196597099,0.01130063459277153,175354.25,-6.384330161185597e-05,0.503,18,0.9310526337335115,0.9265911148145612,0.8983141936614086,3,ce39e565e3d1100b348c02972a3ce2c74573803add08b37e391b4222f931db88,ae9bae7b7f7a637e643715b9ebf457a447973061f4f0d32756b5d7e87775b615,aab169802faf5c268a53c8a313f870d8918ad80a381942db16c880d70e6d15e6,completed
present80_projected_geometry_full,present80_rkmp_controls_v1,present80_rkmp_controls_v1,analysis,PRESENT-80,6,8,201,pair_shuffled,10000,16,0.056445978581905365,78127201e5f134f59a50540aeac63d8a3391a580279305ddf7a1f4e1d4316e85,e17494764a0b70d71507941c0870a216154a356e6eed2a4bcdcd75a1fdd00e85,,0.38811713457107544,0.05382503196597099,0.05382503196597099,0.33429210260510445,117463.7734375,1.0,1.0,3,1.0,1.0,1.0,3,ce39e565e3d1100b348c02972a3ce2c74573803add08b37e391b4222f931db88,ae9bae7b7f7a637e643715b9ebf457a447973061f4f0d32756b5d7e87775b615,aab169802faf5c268a53c8a313f870d8918ad80a381942db16c880d70e6d15e6,completed
present80_projected_geometry_full,present80_rkmp_controls_v1,present80_rkmp_controls_v1,analysis,PRESENT-80,6,8,202,D0_vs_D0,10000,16,0.05641348659992218,7d60bc19c2e07a903c402738455bfa958c227edb580a77ffdb0f8defd7356bbe,e17494764a0b70d71507941c0870a216154a356e6eed2a4bcdcd75a1fdd00e85,,0.04307803511619568,0.054224733263254166,0.054224733263254166,-0.011146698147058487,38439.66015625,5.882244857425738e-05,0.5063,92,0.6707544177914362,0.6550937944563389,0.5736120880069859,3,551bd1506501a570fa3f0808dc0707abec7d807353fbeb822707152ec9b8a6fd,ae9bae7b7f7a637e643715b9ebf457a447973061f4f0d32756b5d7e87775b615,639dfaf8f49ac3d4b90228977e51b63627c5bd4f74fd4311bbb3e498fe72fd9e,completed
present80_projected_geometry_full,present80_rkmp_controls_v1,present80_rkmp_controls_v1,analysis,PRESENT-80,6,8,202,D1_vs_D0,10000,16,0.05641348659992218,7d60bc19c2e07a903c402738455bfa958c227edb580a77ffdb0f8defd7356bbe,e17494764a0b70d71507941c0870a216154a356e6eed2a4bcdcd75a1fdd00e85,,0.3746415674686432,0.054224733263254166,0.054224733263254166,0.320416834205389,131894.5625,1.0,1.0,3,1.0,1.0,1.0,3,551bd1506501a570fa3f0808dc0707abec7d807353fbeb822707152ec9b8a6fd,ae9bae7b7f7a637e643715b9ebf457a447973061f4f0d32756b5d7e87775b615,639dfaf8f49ac3d4b90228977e51b63627c5bd4f74fd4311bbb3e498fe72fd9e,completed
present80_projected_geometry_full,present80_rkmp_controls_v1,present80_rkmp_controls_v1,analysis,PRESENT-80,6,8,202,D1_vs_D1,10000,16,0.05641348659992218,7d60bc19c2e07a903c402738455bfa958c227edb580a77ffdb0f8defd7356bbe,e17494764a0b70d71507941c0870a216154a356e6eed2a4bcdcd75a1fdd00e85,,0.06537143141031265,0.054224733263254166,0.054224733263254166,0.011146698147058487,175705.0625,-5.884791734686883e-05,0.5032,17,0.32935098550205105,0.009387126029289936,0.007261334411986366,3,551bd1506501a570fa3f0808dc0707abec7d807353fbeb822707152ec9b8a6fd,ae9bae7b7f7a637e643715b9ebf457a447973061f4f0d32756b5d7e87775b615,639dfaf8f49ac3d4b90228977e51b63627c5bd4f74fd4311bbb3e498fe72fd9e,completed
present80_projected_geometry_full,present80_rkmp_controls_v1,present80_rkmp_controls_v1,analysis,PRESENT-80,6,8,202,pair_shuffled,10000,16,0.05641348659992218,7d60bc19c2e07a903c402738455bfa958c227edb580a77ffdb0f8defd7356bbe,e17494764a0b70d71507941c0870a216154a356e6eed2a4bcdcd75a1fdd00e85,,0.3884766399860382,0.054224733263254166,0.054224733263254166,0.33425190672278404,117586.34375,1.0,1.0,3,1.0,1.0,1.0,3,551bd1506501a570fa3f0808dc0707abec7d807353fbeb822707152ec9b8a6fd,ae9bae7b7f7a637e643715b9ebf457a447973061f4f0d32756b5d7e87775b615,639dfaf8f49ac3d4b90228977e51b63627c5bd4f74fd4311bbb3e498fe72fd9e,completed
present80_projected_geometry_full,present80_rkmp_controls_v1,present80_rkmp_controls_v1,analysis,PRESENT-80,6,8,203,D0_vs_D0,10000,16,0.056546565145254135,a2fe781e3d3a462d5febb3e805c3cd489a188fc7eb491bccb1f7d4cc62c09e8a,e17494764a0b70d71507941c0870a216154a356e6eed2a4bcdcd75a1fdd00e85,,0.042458221316337585,0.053893037140369415,0.053893037140369415,-0.01143481582403183,38266.71484375,-7.839119732511009e-06,0.5048,72,0.28456106902197625,0.30265030188011066,0.11469691116205061,3,d6fbef02411b37d5f2ea2a7d319b62140069ee5b238c440475a4ddd99af4d888,ae9bae7b7f7a637e643715b9ebf457a447973061f4f0d32756b5d7e87775b615,f9ec5b62bc84f26988b670058d2114e0f4d2f7fad2976e65adbc875ea64e2c4e,completed
present80_projected_geometry_full,present80_rkmp_controls_v1,present80_rkmp_controls_v1,analysis,PRESENT-80,6,8,203,D1_vs_D0,10000,16,0.056546565145254135,a2fe781e3d3a462d5febb3e805c3cd489a188fc7eb491bccb1f7d4cc62c09e8a,e17494764a0b70d71507941c0870a216154a356e6eed2a4bcdcd75a1fdd00e85,,0.37404969334602356,0.053893037140369415,0.053893037140369415,0.32015665620565414,132403.203125,1.0,1.0,3,1.0,1.0,1.0,3,d6fbef02411b37d5f2ea2a7d319b62140069ee5b238c440475a4ddd99af4d888,ae9bae7b7f7a637e643715b9ebf457a447973061f4f0d32756b5d7e87775b615,f9ec5b62bc84f26988b670058d2114e0f4d2f7fad2976e65adbc875ea64e2c4e,completed
present80_projected_geometry_full,present80_rkmp_controls_v1,present80_rkmp_controls_v1,analysis,PRESENT-80,6,8,203,D1_vs_D1,10000,16,0.056546565145254135,a2fe781e3d3a462d5febb3e805c3cd489a188fc7eb491bccb1f7d4cc62c09e8a,e17494764a0b70d71507941c0870a216154a356e6eed2a4bcdcd75a1fdd00e85,,0.06532785296440125,0.053893037140369415,0.053893037140369415,0.01143481582403183,176452.828125,-8.83499163619665e-05,0.5017,24,0.9554415473952164,0.957262257783584,0.9494502857881808,3,d6fbef02411b37d5f2ea2a7d319b62140069ee5b238c440475a4ddd99af4d888,ae9bae7b7f7a637e643715b9ebf457a447973061f4f0d32756b5d7e87775b615,f9ec5b62bc84f26988b670058d2114e0f4d2f7fad2976e65adbc875ea64e2c4e,completed
present80_projected_geometry_full,present80_rkmp_controls_v1,present80_rkmp_controls_v1,analysis,PRESENT-80,6,8,203,pair_shuffled,10000,16,0.056546565145254135,a2fe781e3d3a462d5febb3e805c3cd489a188fc7eb491bccb1f7d4cc62c09e8a,e17494764a0b70d71507941c0870a216154a356e6eed2a4bcdcd75a1fdd00e85,,0.3885471820831299,0.053893037140369415,0.053893037140369415,0.33465414494276047,117746.3125,1.0,1.0,3,1.0,1.0,1.0,3,d6fbef02411b37d5f2ea2a7d319b62140069ee5b238c440475a4ddd99af4d888,ae9bae7b7f7a637e643715b9ebf457a447973061f4f0d32756b5d7e87775b615,f9ec5b62bc84f26988b670058d2114e0f4d2f7fad2976e65adbc875ea64e2c4e,completed
present80_projected_geometry_full,present80_rkmp_controls_v1,present80_rkmp_controls_v1,analysis,PRESENT-80,6,16,201,D0_vs_D0,10000,16,0.04287540912628174,a089f15db6a441238cfa4283d428ab77eb15dd9e199ddfd119b71e77682e7dee,e17494764a0b70d71507941c0870a216154a356e6eed2a4bcdcd75a1fdd00e85,,0.042991943657398224,0.047484252601861954,0.047484252601861954,-0.00449230894446373,38048.9765625,2.0992774540717026e-05,0.5055000000000001,48,0.5313275027780918,0.5561732548820266,0.4620742424402258,3,6d4c044615e80cf7c077db931f0d647c4f6a531fa2bac76ecdcb77ccbe5ab28e,ae9bae7b7f7a637e643715b9ebf457a447973061f4f0d32756b5d7e87775b615,5ca12d1e96bc9500616a23a5ee1d66f1823fb26bced1bfef7ae87872a62d5d9d,completed
present80_projected_geometry_full,present80_rkmp_controls_v1,present80_rkmp_controls_v1,analysis,PRESENT-80,6,16,201,D1_vs_D0,10000,16,0.04287540912628174,a089f15db6a441238cfa4283d428ab77eb15dd9e199ddfd119b71e77682e7dee,e17494764a0b70d71507941c0870a216154a356e6eed2a4bcdcd75a1fdd00e85,,0.4689643681049347,0.047484252601861954,0.047484252601861954,0.42148011550307274,161733.40625,1.0,1.0,3,1.0,1.0,1.0,3,6d4c044615e80cf7c077db931f0d647c4f6a531fa2bac76ecdcb77ccbe5ab28e,ae9bae7b7f7a637e643715b9ebf457a447973061f4f0d32756b5d7e87775b615,5ca12d1e96bc9500616a23a5ee1d66f1823fb26bced1bfef7ae87872a62d5d9d,completed
present80_projected_geometry_full,present80_rkmp_controls_v1,present80_rkmp_controls_v1,analysis,PRESENT-80,6,16,201,D1_vs_D1,10000,16,0.04287540912628174,a089f15db6a441238cfa4283d428ab77eb15dd9e199ddfd119b71e77682e7dee,e17494764a0b70d71507941c0870a216154a356e6eed2a4bcdcd75a1fdd00e85,,0.051976561546325684,0.047484252601861954,0.047484252601861954,0.00449230894446373,210628.71875,-1.5363072484463847e-05,0.5045999999999999,25,0.9827436343647408,0.9820792079290406,0.9785144914845827,3,6d4c044615e80cf7c077db931f0d647c4f6a531fa2bac76ecdcb77ccbe5ab28e,ae9bae7b7f7a637e643715b9ebf457a447973061f4f0d32756b5d7e87775b615,5ca12d1e96bc9500616a23a5ee1d66f1823fb26bced1bfef7ae87872a62d5d9d,completed
present80_projected_geometry_full,present80_rkmp_controls_v1,present80_rkmp_controls_v1,analysis,PRESENT-80,6,16,201,pair_shuffled,10000,16,0.04287540912628174,a089f15db6a441238cfa4283d428ab77eb15dd9e199ddfd119b71e77682e7dee,e17494764a0b70d71507941c0870a216154a356e6eed2a4bcdcd75a1fdd00e85,,0.49096348881721497,0.047484252601861954,0.047484252601861954,0.443479236215353,135877.859375,1.0,1.0,3,1.0,1.0,1.0,3,6d4c044615e80cf7c077db931f0d647c4f6a531fa2bac76ecdcb77ccbe5ab28e,ae9bae7b7f7a637e643715b9ebf457a447973061f4f0d32756b5d7e87775b615,5ca12d1e96bc9500616a23a5ee1d66f1823fb26bced1bfef7ae87872a62d5d9d,completed
present80_projected_geometry_full,present80_rkmp_controls_v1,present80_rkmp_controls_v1,analysis,PRESENT-80,6,16,202,D0_vs_D0,10000,16,0.0429529994726181,2ba2aba2dc8f3ba55db134a491e5113927156863a54ae1ae940cd06551b0203e,e17494764a0b70d71507941c0870a216154a356e6eed2a4bcdcd75a1fdd00e85,,0.042943693697452545,0.04673049785196781,0.04673049785196781,-0.0037868041545152664,38162.609375,-2.6023699987912653e-05,0.5043,26,0.42148630226737754,0.37742507356316995,0.2749228592704189,3,51701db906eeabeb14e16c80e78914b2d8054f3c9c31b92feb9f8a5b1adf5faf,ae9bae7b7f7a637e643715b9ebf457a447973061f4f0d32756b5d7e87775b615,54b80c0652476b6d5516dde96e399d2e0dc1bb5858dcd1abd99161f913f62f12,completed
present80_projected_geometry_full,present80_rkmp_controls_v1,present80_rkmp_controls_v1,analysis,PRESENT-80,6,16,202,D1_vs_D0,10000,16,0.0429529994726181,2ba2aba2dc8f3ba55db134a491e5113927156863a54ae1ae940cd06551b0203e,e17494764a0b70d71507941c0870a216154a356e6eed2a4bcdcd75a1fdd00e85,,0.4693177342414856,0.04673049785196781,0.04673049785196781,0.4225872363895178,161776.59375,1.0,1.0,3,1.0,1.0,1.0,3,51701db906eeabeb14e16c80e78914b2d8054f3c9c31b92feb9f8a5b1adf5faf,ae9bae7b7f7a637e643715b9ebf457a447973061f4f0d32756b5d7e87775b615,54b80c0652476b6d5516dde96e399d2e0dc1bb5858dcd1abd99161f913f62f12,completed
present80_projected_geometry_full,present80_rkmp_controls_v1,present80_rkmp_controls_v1,analysis,PRESENT-80,6,16,202,D1_vs_D1,10000,16,0.0429529994726181,2ba2aba2dc8f3ba55db134a491e5113927156863a54ae1ae940cd06551b0203e,e17494764a0b70d71507941c0870a216154a356e6eed2a4bcdcd75a1fdd00e85,,0.05051730200648308,0.04673049785196781,0.04673049785196781,0.0037868041545152664,211144.234375,-7.296729672967297e-05,0.5025999999999999,19,0.32088254149669054,-7.84078407840784e-06,-9.424942494249425e-05,3,51701db906eeabeb14e16c80e78914b2d8054f3c9c31b92feb9f8a5b1adf5faf,ae9bae7b7f7a637e643715b9ebf457a447973061f4f0d32756b5d7e87775b615,54b80c0652476b6d5516dde96e399d2e0dc1bb5858dcd1abd99161f913f62f12,completed
present80_projected_geometry_full,present80_rkmp_controls_v1,present80_rkmp_controls_v1,analysis,PRESENT-80,6,16,202,pair_shuffled,10000,16,0.0429529994726181,2ba2aba2dc8f3ba55db134a491e5113927156863a54ae1ae940cd06551b0203e,e17494764a0b70d71507941c0870a216154a356e6eed2a4bcdcd75a1fdd00e85,,0.49108368158340454,0.04673049785196781,0.04673049785196781,0.44435318373143673,136118.78125,1.0,1.0,2,1.0,1.0,1.0,3,51701db906eeabeb14e16c80e78914b2d8054f3c9c31b92feb9f8a5b1adf5faf,ae9bae7b7f7a637e643715b9ebf457a447973061f4f0d32756b5d7e87775b615,54b80c0652476b6d5516dde96e399d2e0dc1bb5858dcd1abd99161f913f62f12,completed
present80_projected_geometry_full,present80_rkmp_controls_v1,present80_rkmp_controls_v1,analysis,PRESENT-80,6,16,203,D0_vs_D0,10000,16,0.042834918946027756,37efe9bde25d6fe4040a7b7e8dee431cda38568e25734235bc2288c9e6b24dee,e17494764a0b70d71507941c0870a216154a356e6eed2a4bcdcd75a1fdd00e85,,0.0430096760392189,0.04723634384572506,0.04723634384572506,-0.004226667806506157,38428.6328125,-7.497828871829482e-05,0.5025,37,0.19523825459693622,0.10295136844969867,0.02448871406944941,3,bb82116cc1176b410fa7b04f1667cb2be7ff2a989d8c876611eca0ca392d810d,ae9bae7b7f7a637e643715b9ebf457a447973061f4f0d32756b5d7e87775b615,a15792b50962cd1ccce6785488d40d3522584c9b36862afe8f739a4693244279,completed
present80_projected_geometry_full,present80_rkmp_controls_v1,present80_rkmp_controls_v1,analysis,PRESENT-80,6,16,203,D1_vs_D0,10000,16,0.042834918946027756,37efe9bde25d6fe4040a7b7e8dee431cda38568e25734235bc2288c9e6b24dee,e17494764a0b70d71507941c0870a216154a356e6eed2a4bcdcd75a1fdd00e85,,0.46928003430366516,0.04723634384572506,0.04723634384572506,0.4220436904579401,161173.078125,1.0,1.0,3,1.0,1.0,1.0,3,bb82116cc1176b410fa7b04f1667cb2be7ff2a989d8c876611eca0ca392d810d,ae9bae7b7f7a637e643715b9ebf457a447973061f4f0d32756b5d7e87775b615,a15792b50962cd1ccce6785488d40d3522584c9b36862afe8f739a4693244279,completed
present80_projected_geometry_full,present80_rkmp_controls_v1,present80_rkmp_controls_v1,analysis,PRESENT-80,6,16,203,D1_vs_D1,10000,16,0.042834918946027756,37efe9bde25d6fe4040a7b7e8dee431cda38568e25734235bc2288c9e6b24dee,e17494764a0b70d71507941c0870a216154a356e6eed2a4bcdcd75a1fdd00e85,,0.051463011652231216,0.04723634384572506,0.04723634384572506,0.004226667806506157,211249.765625,-9.419180799423263e-05,0.5012,34,0.9499996816362298,0.9541336412904851,0.9354693740133251,3,bb82116cc1176b410fa7b04f1667cb2be7ff2a989d8c876611eca0ca392d810d,ae9bae7b7f7a637e643715b9ebf457a447973061f4f0d32756b5d7e87775b615,a15792b50962cd1ccce6785488d40d3522584c9b36862afe8f739a4693244279,completed
present80_projected_geometry_full,present80_rkmp_controls_v1,present80_rkmp_controls_v1,analysis,PRESENT-80,6,16,203,pair_shuffled,10000,16,0.042834918946027756,37efe9bde25d6fe4040a7b7e8dee431cda38568e25734235bc2288c9e6b24dee,e17494764a0b70d71507941c0870a216154a356e6eed2a4bcdcd75a1fdd00e85,,0.4907468259334564,0.04723634384572506,0.04723634384572506,0.44351048208773136,136143.578125,1.0,1.0,3,1.0,1.0,1.0,3,bb82116cc1176b410fa7b04f1667cb2be7ff2a989d8c876611eca0ca392d810d,ae9bae7b7f7a637e643715b9ebf457a447973061f4f0d32756b5d7e87775b615,a15792b50962cd1ccce6785488d40d3522584c9b36862afe8f739a4693244279,completed
present80_projected_geometry_full,present80_rkmp_controls_v1,present80_rkmp_controls_v1,analysis,PRESENT-80,6,32,201,D0_vs_D0,10000,16,0.033467020839452744,30b3c2c84f490ab1270e559b48d094bad193a894bd99b5e68ea6161c2997abc5,e17494764a0b70d71507941c0870a216154a356e6eed2a4bcdcd75a1fdd00e85,,0.042679548263549805,0.04389197938144207,0.04389197938144207,-0.0012124311178922653,38331.1171875,2.543831951697166e-05,0.5056,56,0.4757884871468529,0.48380774697113027,0.37448144669410593,3,225244e2039aec793e7217cdcbd3c688221ab4c89846195f5decadfd36c6b343,ae9bae7b7f7a637e643715b9ebf457a447973061f4f0d32756b5d7e87775b615,542facbd2d82ce823d384e45c6ff73e03d27617d3f850d0679784607e2ca1149,completed
present80_projected_geometry_full,present80_rkmp_controls_v1,present80_rkmp_controls_v1,analysis,PRESENT-80,6,32,201,D1_vs_D0,10000,16,0.033467020839452744,30b3c2c84f490ab1270e559b48d094bad193a894bd99b5e68ea6161c2997abc5,e17494764a0b70d71507941c0870a216154a356e6eed2a4bcdcd75a1fdd00e85,,0.5680387616157532,0.04389197938144207,0.04389197938144207,0.5241467822343111,182070.75,1.0,1.0,2,1.0,1.0,1.0,3,225244e2039aec793e7217cdcbd3c688221ab4c89846195f5decadfd36c6b343,ae9bae7b7f7a637e643715b9ebf457a447973061f4f0d32756b5d7e87775b615,542facbd2d82ce823d384e45c6ff73e03d27617d3f850d0679784607e2ca1149,completed
present80_projected_geometry_full,present80_rkmp_controls_v1,present80_rkmp_controls_v1,analysis,PRESENT-80,6,32,201,D1_vs_D1,10000,16,0.033467020839452744,30b3c2c84f490ab1270e559b48d094bad193a894bd99b5e68ea6161c2997abc5,e17494764a0b70d71507941c0870a216154a356e6eed2a4bcdcd75a1fdd00e85,,0.045104410499334335,0.04389197938144207,0.04389197938144207,0.0012124311178922653,191758.140625,0.00028419480230421323,0.5098,33,0.08406982081396865,0.022703268457435727,0.015030504297043506,3,225244e2039aec793e7217cdcbd3c688221ab4c89846195f5decadfd36c6b343,ae9bae7b7f7a637e643715b9ebf457a447973061f4f0d32756b5d7e87775b615,542facbd2d82ce823d384e45c6ff73e03d27617d3f850d0679784607e2ca1149,completed
present80_projected_geometry_full,present80_rkmp_controls_v1,present80_rkmp_controls_v1,analysis,PRESENT-80,6,32,201,pair_shuffled,10000,16,0.033467020839452744,30b3c2c84f490ab1270e559b48d094bad193a894bd99b5e68ea6161c2997abc5,e17494764a0b70d71507941c0870a216154a356e6eed2a4bcdcd75a1fdd00e85,,0.6110588908195496,0.04389197938144207,0.04389197938144207,0.5671669114381075,130366.7578125,1.0,1.0,2,1.0,1.0,1.0,3,225244e2039aec793e7217cdcbd3c688221ab4c89846195f5decadfd36c6b343,ae9bae7b7f7a637e643715b9ebf457a447973061f4f0d32756b5d7e87775b615,542facbd2d82ce823d384e45c6ff73e03d27617d3f850d0679784607e2ca1149,completed
present80_projected_geometry_full,present80_rkmp_controls_v1,present80_rkmp_controls_v1,analysis,PRESENT-80,6,32,202,D0_vs_D0,10000,16,0.03350067883729935,ac5e1bc2248163605129e26b43cca97cdab4173a47602bf85371e9749656ba82,e17494764a0b70d71507941c0870a216154a356e6eed2a4bcdcd75a1fdd00e85,,0.04299500584602356,0.044714393094182014,0.044714393094182014,-0.001719387248158455,38473.16015625,-4.8168417375197165e-05,0.5036,36,0.4746539420587554,0.510032658454392,0.3813678707702272,3,44a4ce17646f7263690ebdd008181c7dd8234e16c55149a5c54aa2f196715687,ae9bae7b7f7a637e643715b9ebf457a447973061f4f0d32756b5d7e87775b615,0060e95867ce3f1977e429338548dca8111b7fdae91210a1cc89eeab0e5bb7e9,completed
present80_projected_geometry_full,present80_rkmp_controls_v1,present80_rkmp_controls_v1,analysis,PRESENT-80,6,32,202,D1_vs_D0,10000,16,0.03350067883729935,ac5e1bc2248163605129e26b43cca97cdab4173a47602bf85371e9749656ba82,e17494764a0b70d71507941c0870a216154a356e6eed2a4bcdcd75a1fdd00e85,,0.5685105919837952,0.044714393094182014,0.044714393094182014,0.5237961988896132,181770.59375,1.0,1.0,2,1.0,1.0,1.0,3,44a4ce17646f7263690ebdd008181c7dd8234e16c55149a5c54aa2f196715687,ae9bae7b7f7a637e643715b9ebf457a447973061f4f0d32756b5d7e87775b615,0060e95867ce3f1977e429338548dca8111b7fdae91210a1cc89eeab0e5bb7e9,completed
present80_projected_geometry_full,present80_rkmp_controls_v1,present80_rkmp_controls_v1,analysis,PRESENT-80,6,32,202,D1_vs_D1,10000,16,0.03350067883729935,ac5e1bc2248163605129e26b43cca97cdab4173a47602bf85371e9749656ba82,e17494764a0b70d71507941c0870a216154a356e6eed2a4bcdcd75a1fdd00e85,,0.04643378034234047,0.044714393094182014,0.044714393094182014,0.001719387248158455,191123.59375,-9.899858160606744e-05,0.5005,40,0.7366652677475299,0.7251950817112975,0.707251727955775,3,44a4ce17646f7263690ebdd008181c7dd8234e16c55149a5c54aa2f196715687,ae9bae7b7f7a637e643715b9ebf457a447973061f4f0d32756b5d7e87775b615,0060e95867ce3f1977e429338548dca8111b7fdae91210a1cc89eeab0e5bb7e9,completed
present80_projected_geometry_full,present80_rkmp_controls_v1,present80_rkmp_controls_v1,analysis,PRESENT-80,6,32,202,pair_shuffled,10000,16,0.03350067883729935,ac5e1bc2248163605129e26b43cca97cdab4173a47602bf85371e9749656ba82,e17494764a0b70d71507941c0870a216154a356e6eed2a4bcdcd75a1fdd00e85,,0.6126648187637329,0.044714393094182014,0.044714393094182014,0.5679504256695509,129409.953125,1.0,1.0,2,1.0,1.0,1.0,3,44a4ce17646f7263690ebdd008181c7dd8234e16c55149a5c54aa2f196715687,ae9bae7b7f7a637e643715b9ebf457a447973061f4f0d32756b5d7e87775b615,0060e95867ce3f1977e429338548dca8111b7fdae91210a1cc89eeab0e5bb7e9,completed
present80_projected_geometry_full,present80_rkmp_controls_v1,present80_rkmp_controls_v1,analysis,PRESENT-80,6,32,203,D0_vs_D0,10000,16,0.03345212712883949,7fd5b62efedd359983ea24fac37e232d35321d12b2445cfcdc347a3e0159d1ff,e17494764a0b70d71507941c0870a216154a356e6eed2a4bcdcd75a1fdd00e85,,0.042984407395124435,0.044918492436409,0.044918492436409,-0.0019340850412845612,38114.578125,0.00010737419339385162,0.5072,47,0.33321797842216844,0.263300548141874,0.19264025797484624,3,5ca8b463904b38effbec6a40989d7559fe9be5649d915d618203f3c892590115,ae9bae7b7f7a637e643715b9ebf457a447973061f4f0d32756b5d7e87775b615,d97a1c7df03d5722861347ce52a10a811c238f88fe05b8cfa0a0c9901260ff56,completed
present80_projected_geometry_full,present80_rkmp_controls_v1,present80_rkmp_controls_v1,analysis,PRESENT-80,6,32,203,D1_vs_D0,10000,16,0.03345212712883949,7fd5b62efedd359983ea24fac37e232d35321d12b2445cfcdc347a3e0159d1ff,e17494764a0b70d71507941c0870a216154a356e6eed2a4bcdcd75a1fdd00e85,,0.5680993795394897,0.044918492436409,0.044918492436409,0.5231808871030807,181967.8125,1.0,1.0,2,1.0,1.0,1.0,3,5ca8b463904b38effbec6a40989d7559fe9be5649d915d618203f3c892590115,ae9bae7b7f7a637e643715b9ebf457a447973061f4f0d32756b5d7e87775b615,d97a1c7df03d5722861347ce52a10a811c238f88fe05b8cfa0a0c9901260ff56,completed
present80_projected_geometry_full,present80_rkmp_controls_v1,present80_rkmp_controls_v1,analysis,PRESENT-80,6,32,203,D1_vs_D1,10000,16,0.03345212712883949,7fd5b62efedd359983ea24fac37e232d35321d12b2445cfcdc347a3e0159d1ff,e17494764a0b70d71507941c0870a216154a356e6eed2a4bcdcd75a1fdd00e85,,0.04685257747769356,0.044918492436409,0.044918492436409,0.0019340850412845612,192133.59375,8.192438146692832e-06,0.5052,57,0.7544881151167862,0.7673527282109538,0.6596348057955121,3,5ca8b463904b38effbec6a40989d7559fe9be5649d915d618203f3c892590115,ae9bae7b7f7a637e643715b9ebf457a447973061f4f0d32756b5d7e87775b615,d97a1c7df03d5722861347ce52a10a811c238f88fe05b8cfa0a0c9901260ff56,completed
present80_projected_geometry_full,present80_rkmp_controls_v1,present80_rkmp_controls_v1,analysis,PRESENT-80,6,32,203,pair_shuffled,10000,16,0.03345212712883949,7fd5b62efedd359983ea24fac37e232d35321d12b2445cfcdc347a3e0159d1ff,e17494764a0b70d71507941c0870a216154a356e6eed2a4bcdcd75a1fdd00e85,,0.6113726496696472,0.044918492436409,0.044918492436409,0.5664541572332382,129957.234375,1.0,1.0,2,1.0,1.0,1.0,3,5ca8b463904b38effbec6a40989d7559fe9be5649d915d618203f3c892590115,ae9bae7b7f7a637e643715b9ebf457a447973061f4f0d32756b5d7e87775b615,d97a1c7df03d5722861347ce52a10a811c238f88fe05b8cfa0a0c9901260ff56,completed
present80_projected_geometry_full,present80_rkmp_controls_v1,present80_rkmp_controls_v1,analysis,PRESENT-80,7,1,201,D0_vs_D0,10000,16,0.12352678179740906,e9ed492fed77011f30f3e15b53fe7d3bc1e264c83b7fbad840be4fafcbe1ec02,e17494764a0b70d71507941c0870a216154a356e6eed2a4bcdcd75a1fdd00e85,False,0.04294372722506523,0.08568885736167431,0.08568885736167431,-0.04274513013660908,38304.1796875,5.387649677469568e-05,0.5062,48,0.2462248160731587,0.22955545090175933,0.07119597804297505,3,8278c55475734ba1d252af08a97f3cfa67eceb20b1209694b2eb0ca225fc4b41,ae9bae7b7f7a637e643715b9ebf457a447973061f4f0d32756b5d7e87775b615,8de47ddd8ce6dfc9f6234a0e9fb18293e4538d1e382321561d68519d718dd447,completed
present80_projected_geometry_full,present80_rkmp_controls_v1,present80_rkmp_controls_v1,analysis,PRESENT-80,7,1,201,D1_vs_D0,10000,16,0.12352678179740906,e9ed492fed77011f30f3e15b53fe7d3bc1e264c83b7fbad840be4fafcbe1ec02,e17494764a0b70d71507941c0870a216154a356e6eed2a4bcdcd75a1fdd00e85,False,0.11723683774471283,0.08568885736167431,0.08568885736167431,0.03154798038303852,54912.953125,0.11377181021180598,0.6687000000000001,9,0.9867096932729913,0.986860908594769,0.9859944239338406,3,8278c55475734ba1d252af08a97f3cfa67eceb20b1209694b2eb0ca225fc4b41,ae9bae7b7f7a637e643715b9ebf457a447973061f4f0d32756b5d7e87775b615,8de47ddd8ce6dfc9f6234a0e9fb18293e4538d1e382321561d68519d718dd447,completed
present80_projected_geometry_full,present80_rkmp_controls_v1,present80_rkmp_controls_v1,analysis,PRESENT-80,7,1,201,D1_vs_D1,10000,16,0.12352678179740906,e9ed492fed77011f30f3e15b53fe7d3bc1e264c83b7fbad840be4fafcbe1ec02,e17494764a0b70d71507941c0870a216154a356e6eed2a4bcdcd75a1fdd00e85,False,0.1284339874982834,0.08568885736167431,0.08568885736167431,0.04274513013660908,55321.10546875,6.650293990367263e-05,0.506,18,0.9910236237206084,0.9882187421660981,0.9877997696459881,3,8278c55475734ba1d252af08a97f3cfa67eceb20b1209694b2eb0ca225fc4b41,ae9bae7b7f7a637e643715b9ebf457a447973061f4f0d32756b5d7e87775b615,8de47ddd8ce6dfc9f6234a0e9fb18293e4538d1e382321561d68519d718dd447,completed
present80_projected_geometry_full,present80_rkmp_controls_v1,present80_rkmp_controls_v1,analysis,PRESENT-80,7,1,201,pair_shuffled,10000,16,0.12352678179740906,e9ed492fed77011f30f3e15b53fe7d3bc1e264c83b7fbad840be4fafcbe1ec02,e17494764a0b70d71507941c0870a216154a356e6eed2a4bcdcd75a1fdd00e85,False,0.12095490843057632,0.08568885736167431,0.08568885736167431,0.035266051068902016,53001.03125,0.09953844883097761,0.6578,12,0.9841084641719288,0.9835079539526621,0.9774847373831113,3,8278c55475734ba1d252af08a97f3cfa67eceb20b1209694b2eb0ca225fc4b41,ae9bae7b7f7a637e643715b9ebf457a447973061f4f0d32756b5d7e87775b615,8de47ddd8ce6dfc9f6234a0e9fb18293e4538d1e382321561d68519d718dd447,completed
present80_projected_geometry_full,present80_rkmp_controls_v1,present80_rkmp_controls_v1,analysis,PRESENT-80,7,1,202,D0_vs_D0,10000,16,0.1239161342382431,c548802bbf78e2ec2a9baec08fc8eeb8931fe39e1b83b35287d05a6bb062e698,e17494764a0b70d71507941c0870a216154a356e6eed2a4bcdcd75a1fdd00e85,False,0.04323725029826164,0.08704630099236965,0.08704630099236965,-0.04380905069410801,38238.3046875,-5.9037406389322e-05,0.5032,49,0.5152278853695392,0.41906801414682193,0.35610576497390817,3,5bb8ec5327e0c37037196d62771de2bcccd285e7ff279838bff95ab432372c6a,ae9bae7b7f7a637e643715b9ebf457a447973061f4f0d32756b5d7e87775b615,65cfb35fa2b592834328cb64e6176082225d668bd79da852d4da152c4d80cf0e,completed
present80_projected_geometry_full,present80_rkmp_controls_v1,present80_rkmp_controls_v1,analysis,PRESENT-80,7,1,202,D1_vs_D0,10000,16,0.1239161342382431,c548802bbf78e2ec2a9baec08fc8eeb8931fe39e1b83b35287d05a6bb062e698,e17494764a0b70d71507941c0870a216154a356e6eed2a4bcdcd75a1fdd00e85,False,0.12470235675573349,0.08704630099236965,0.08704630099236965,0.03765605576336384,54943.56640625,0.1211771988228511,0.6740999999999999,23,0.9881133275315238,0.9881160496475748,0.9830292884247052,3,5bb8ec5327e0c37037196d62771de2bcccd285e7ff279838bff95ab432372c6a,ae9bae7b7f7a637e643715b9ebf457a447973061f4f0d32756b5d7e87775b615,65cfb35fa2b592834328cb64e6176082225d668bd79da852d4da152c4d80cf0e,completed
present80_projected_geometry_full,present80_rkmp_controls_v1,present80_rkmp_controls_v1,analysis,PRESENT-80,7,1,202,D1_vs_D1,10000,16,0.1239161342382431,c548802bbf78e2ec2a9baec08fc8eeb8931fe39e1b83b35287d05a6bb062e698,e17494764a0b70d71507941c0870a216154a356e6eed2a4bcdcd75a1fdd00e85,False,0.13085535168647766,0.08704630099236965,0.08704630099236965,0.04380905069410801,55075.9296875,-6.439511598441696e-05,0.5018,12,1.0,1.0,1.0,3,5bb8ec5327e0c37037196d62771de2bcccd285e7ff279838bff95ab432372c6a,ae9bae7b7f7a637e643715b9ebf457a447973061f4f0d32756b5d7e87775b615,65cfb35fa2b592834328cb64e6176082225d668bd79da852d4da152c4d80cf0e,completed
present80_projected_geometry_full,present80_rkmp_controls_v1,present80_rkmp_controls_v1,analysis,PRESENT-80,7,1,202,pair_shuffled,10000,16,0.1239161342382431,c548802bbf78e2ec2a9baec08fc8eeb8931fe39e1b83b35287d05a6bb062e698,e17494764a0b70d71507941c0870a216154a356e6eed2a4bcdcd75a1fdd00e85,False,0.11710155010223389,0.08704630099236965,0.08704630099236965,0.030055249109864235,52939.20703125,0.12838142005169004,0.6792,17,0.9656387980981852,0.9696418134466843,0.9506891662535808,3,5bb8ec5327e0c37037196d62771de2bcccd285e7ff279838bff95ab432372c6a,ae9bae7b7f7a637e643715b9ebf457a447973061f4f0d32756b5d7e87775b615,65cfb35fa2b592834328cb64e6176082225d668bd79da852d4da152c4d80cf0e,completed
present80_projected_geometry_full,present80_rkmp_controls_v1,present80_rkmp_controls_v1,analysis,PRESENT-80,7,1,203,D0_vs_D0,10000,16,0.1241784542798996,c5d232e5a083a84021765be9304b7a2453777d14bb451450c77dcfc8c3caf268,e17494764a0b70d71507941c0870a216154a356e6eed2a4bcdcd75a1fdd00e85,False,0.04324564337730408,0.08868955075740814,0.08868955075740814,-0.045443907380104065,38205.05859375,-7.07584647164417e-05,0.5027,65,0.5219691769609637,0.5046186618089877,0.4846429128387381,3,dea6aa649e58b5792c06bf6d885740b11653a3b40a37bb0a01140ea8ce0fc232,ae9bae7b7f7a637e643715b9ebf457a447973061f4f0d32756b5d7e87775b615,4beed36c49b897c626561abd82a87f7876ba6b2526f0076276e1faa1c5d59cbf,completed
present80_projected_geometry_full,present80_rkmp_controls_v1,present80_rkmp_controls_v1,analysis,PRESENT-80,7,1,203,D1_vs_D0,10000,16,0.1241784542798996,c5d232e5a083a84021765be9304b7a2453777d14bb451450c77dcfc8c3caf268,e17494764a0b70d71507941c0870a216154a356e6eed2a4bcdcd75a1fdd00e85,False,0.12284007668495178,0.08868955075740814,0.08868955075740814,0.03415052592754364,55025.22265625,0.12131578210849327,0.6742,27,0.999434175199244,0.9991512627988662,0.9991512627988662,3,dea6aa649e58b5792c06bf6d885740b11653a3b40a37bb0a01140ea8ce0fc232,ae9bae7b7f7a637e643715b9ebf457a447973061f4f0d32756b5d7e87775b615,4beed36c49b897c626561abd82a87f7876ba6b2526f0076276e1faa1c5d59cbf,completed
present80_projected_geometry_full,present80_rkmp_controls_v1,present80_rkmp_controls_v1,analysis,PRESENT-80,7,1,203,D1_vs_D1,10000,16,0.1241784542798996,c5d232e5a083a84021765be9304b7a2453777d14bb451450c77dcfc8c3caf268,e17494764a0b70d71507941c0870a216154a356e6eed2a4bcdcd75a1fdd00e85,False,0.1341334581375122,0.08868955075740814,0.08868955075740814,0.045443907380104065,55219.90625,-4.407391205387672e-05,0.5029,13,1.0,1.0,1.0,3,dea6aa649e58b5792c06bf6d885740b11653a3b40a37bb0a01140ea8ce0fc232,ae9bae7b7f7a637e643715b9ebf457a447973061f4f0d32756b5d7e87775b615,4beed36c49b897c626561abd82a87f7876ba6b2526f0076276e1faa1c5d59cbf,completed
present80_projected_geometry_full,present80_rkmp_controls_v1,present80_rkmp_controls_v1,analysis,PRESENT-80,7,1,203,pair_shuffled,10000,16,0.1241784542798996,c5d232e5a083a84021765be9304b7a2453777d14bb451450c77dcfc8c3caf268,e17494764a0b70d71507941c0870a216154a356e6eed2a4bcdcd75a1fdd00e85,False,0.13419805467128754,0.08868955075740814,0.08868955075740814,0.045508503913879395,53046.87890625,0.08093928959551981,0.6423,14,0.9953667178112914,0.9953654907622308,0.9949030850880056,3,dea6aa649e58b5792c06bf6d885740b11653a3b40a37bb0a01140ea8ce0fc232,ae9bae7b7f7a637e643715b9ebf457a447973061f4f0d32756b5d7e87775b615,4beed36c49b897c626561abd82a87f7876ba6b2526f0076276e1faa1c5d59cbf,completed
present80_projected_geometry_full,present80_rkmp_controls_v1,present80_rkmp_controls_v1,analysis,PRESENT-80,7,2,201,D0_vs_D0,10000,16,0.07318639755249023,56aae3db4d984252d49a2f27fd5e1eefb39137ff5d0eb7bf2f4773d92bbaed08,e17494764a0b70d71507941c0870a216154a356e6eed2a4bcdcd75a1fdd00e85,,0.04292232170701027,0.07406128384172916,0.07406128384172916,-0.031138962134718895,38234.671875,0.0005452048487931123,0.5126999999999999,36,0.36610863020994394,0.4397782700206053,0.2131803060244385,3,11fea500de79b2be7228fa55ca45c19f06c76f43b2bcc9f8b963cab6060c9d6a,ae9bae7b7f7a637e643715b9ebf457a447973061f4f0d32756b5d7e87775b615,514933feacbba458dc318c6ad300b69ac2ef6287f87deb546271b1834eba304c,completed
present80_projected_geometry_full,present80_rkmp_controls_v1,present80_rkmp_controls_v1,analysis,PRESENT-80,7,2,201,D1_vs_D0,10000,16,0.07318639755249023,56aae3db4d984252d49a2f27fd5e1eefb39137ff5d0eb7bf2f4773d92bbaed08,e17494764a0b70d71507941c0870a216154a356e6eed2a4bcdcd75a1fdd00e85,,0.11457839608192444,0.07406128384172916,0.07406128384172916,0.040517112240195274,64676.0546875,0.31984184065972865,0.7828,13,0.9876650464263969,0.9843107274845779,0.981508394718322,3,11fea500de79b2be7228fa55ca45c19f06c76f43b2bcc9f8b963cab6060c9d6a,ae9bae7b7f7a637e643715b9ebf457a447973061f4f0d32756b5d7e87775b615,514933feacbba458dc318c6ad300b69ac2ef6287f87deb546271b1834eba304c,completed
present80_projected_geometry_full,present80_rkmp_controls_v1,present80_rkmp_controls_v1,analysis,PRESENT-80,7,2,201,D1_vs_D1,10000,16,0.07318639755249023,56aae3db4d984252d49a2f27fd5e1eefb39137ff5d0eb7bf2f4773d92bbaed08,e17494764a0b70d71507941c0870a216154a356e6eed2a4bcdcd75a1fdd00e85,,0.10520024597644806,0.07406128384172916,0.07406128384172916,0.031138962134718895,66973.7734375,-7.881727678004248e-05,0.5,11,0.9994416238711578,0.9995811798429276,0.999162477703085,3,11fea500de79b2be7228fa55ca45c19f06c76f43b2bcc9f8b963cab6060c9d6a,ae9bae7b7f7a637e643715b9ebf457a447973061f4f0d32756b5d7e87775b615,514933feacbba458dc318c6ad300b69ac2ef6287f87deb546271b1834eba304c,completed
present80_projected_geometry_full,present80_rkmp_controls_v1,present80_rkmp_controls_v1,analysis,PRESENT-80,7,2,201,pair_shuffled,10000,16,0.07318639755249023,56aae3db4d984252d49a2f27fd5e1eefb39137ff5d0eb7bf2f4773d92bbaed08,e17494764a0b70d71507941c0870a216154a356e6eed2a4bcdcd75a1fdd00e85,,0.10705263912677765,0.07406128384172916,0.07406128384172916,0.032991355285048485,59846.765625,0.33750015533844885,0.7905,12,0.9978537524270134,0.9967806286405201,0.9967806286405201,3,11fea500de79b2be7228fa55ca45c19f06c76f43b2bcc9f8b963cab6060c9d6a,ae9bae7b7f7a637e643715b9ebf457a447973061f4f0d32756b5d7e87775b615,514933feacbba458dc318c6ad300b69ac2ef6287f87deb546271b1834eba304c,completed
present80_projected_geometry_full,present80_rkmp_controls_v1,present80_rkmp_controls_v1,analysis,PRESENT-80,7,2,202,D0_vs_D0,10000,16,0.07283879816532135,a85980c8fc5ff46a8565cb09e70609232d6645663be2ccf24634220bc65419d0,e17494764a0b70d71507941c0870a216154a356e6eed2a4bcdcd75a1fdd00e85,,0.04246505722403526,0.07521730102598667,0.07521730102598667,-0.03275224380195141,38305.19921875,-5.905181012014781e-05,0.5032,77,0.23789101734766138,0.1988358872574949,0.13814905841716674,3,fcbc90940d1d44b27dd62d91ea8267129baa031540a572d6e452f0e552d3c59c,ae9bae7b7f7a637e643715b9ebf457a447973061f4f0d32756b5d7e87775b615,0215025e095035f877d1bce5fb7f0112a3053e6080220ee5e992332ffc08aee3,completed
present80_projected_geometry_full,present80_rkmp_controls_v1,present80_rkmp_controls_v1,analysis,PRESENT-80,7,2,202,D1_vs_D0,10000,16,0.07283879816532135,a85980c8fc5ff46a8565cb09e70609232d6645663be2ccf24634220bc65419d0,e17494764a0b70d71507941c0870a216154a356e6eed2a4bcdcd75a1fdd00e85,,0.11013650894165039,0.07521730102598667,0.07521730102598667,0.03491920791566372,64418.3125,0.32620733705788907,0.7856,11,0.9967826600719966,0.9967824533688807,0.9959790845123432,3,fcbc90940d1d44b27dd62d91ea8267129baa031540a572d6e452f0e552d3c59c,ae9bae7b7f7a637e643715b9ebf457a447973061f4f0d32756b5d7e87775b615,0215025e095035f877d1bce5fb7f0112a3053e6080220ee5e992332ffc08aee3,completed
present80_projected_geometry_full,present80_rkmp_controls_v1,present80_rkmp_controls_v1,analysis,PRESENT-80,7,2,202,D1_vs_D1,10000,16,0.07283879816532135,a85980c8fc5ff46a8565cb09e70609232d6645663be2ccf24634220bc65419d0,e17494764a0b70d71507941c0870a216154a356e6eed2a4bcdcd75a1fdd00e85,,0.10796954482793808,0.07521730102598667,0.07521730102598667,0.03275224380195141,67403.609375,-7.72035036752284e-05,0.5,16,0.9994374559992732,0.9995780805931641,0.9991562068114915,3,fcbc90940d1d44b27dd62d91ea8267129baa031540a572d6e452f0e552d3c59c,ae9bae7b7f7a637e643715b9ebf457a447973061f4f0d32756b5d7e87775b615,0215025e095035f877d1bce5fb7f0112a3053e6080220ee5e992332ffc08aee3,completed
present80_projected_geometry_full,present80_rkmp_controls_v1,present80_rkmp_controls_v1,analysis,PRESENT-80,7,2,202,pair_shuffled,10000,16,0.07283879816532135,a85980c8fc5ff46a8565cb09e70609232d6645663be2ccf24634220bc65419d0,e17494764a0b70d71507941c0870a216154a356e6eed2a4bcdcd75a1fdd00e85,,0.10762369632720947,0.07521730102598667,0.07521730102598667,0.0324063953012228,59867.125,0.32872554726727965,0.7867,10,0.9938408085576237,0.9923697040269506,0.9923693183169728,3,fcbc90940d1d44b27dd62d91ea8267129baa031540a572d6e452f0e552d3c59c,ae9bae7b7f7a637e643715b9ebf457a447973061f4f0d32756b5d7e87775b615,0215025e095035f877d1bce5fb7f0112a3053e6080220ee5e992332ffc08aee3,completed
present80_projected_geometry_full,present80_rkmp_controls_v1,present80_rkmp_controls_v1,analysis,PRESENT-80,7,2,203,D0_vs_D0,10000,16,0.0732724517583847,76f4bf8a937beee5da3cf4af8b3c924996c18e08c44f1d9480b89ac4a3fb4f5d,e17494764a0b70d71507941c0870a216154a356e6eed2a4bcdcd75a1fdd00e85,,0.04304863512516022,0.0740683488547802,0.0740683488547802,-0.03101971372961998,38164.85546875,-7.290968100750706e-05,0.5026,54,0.3742959542998918,0.25515259754938807,0.2392405769595184,3,8e03aa76654e54598c4eeaa463cc4a69dcb90d613fdd3ed507a7da4e412ec181,ae9bae7b7f7a637e643715b9ebf457a447973061f4f0d32756b5d7e87775b615,f8f7a73d58a9165741b54648b98fc3903fd694a2c9ac9fa1a59995c7f734a137,completed
present80_projected_geometry_full,present80_rkmp_controls_v1,present80_rkmp_controls_v1,analysis,PRESENT-80,7,2,203,D1_vs_D0,10000,16,0.0732724517583847,76f4bf8a937beee5da3cf4af8b3c924996c18e08c44f1d9480b89ac4a3fb4f5d,e17494764a0b70d71507941c0870a216154a356e6eed2a4bcdcd75a1fdd00e85,,0.11347611993551254,0.0740683488547802,0.0740683488547802,0.039407771080732346,64753.40234375,0.32666494573882093,0.7858,15,0.9938331174700609,0.9923598361262771,0.9919579752776544,3,8e03aa76654e54598c4eeaa463cc4a69dcb90d613fdd3ed507a7da4e412ec181,ae9bae7b7f7a637e643715b9ebf457a447973061f4f0d32756b5d7e87775b615,f8f7a73d58a9165741b54648b98fc3903fd694a2c9ac9fa1a59995c7f734a137,completed
present80_projected_geometry_full,present80_rkmp_controls_v1,present80_rkmp_controls_v1,analysis,PRESENT-80,7,2,203,D1_vs_D1,10000,16,0.0732724517583847,76f4bf8a937beee5da3cf4af8b3c924996c18e08c44f1d9480b89ac4a3fb4f5d,e17494764a0b70d71507941c0870a216154a356e6eed2a4bcdcd75a1fdd00e85,,0.10508806258440018,0.0740683488547802,0.0740683488547802,0.03101971372961998,67212.4140625,-7.705926601518141e-05,0.5007,8,0.9983273822858871,0.9979091092078214,0.9974912827722219,3,8e03aa76654e54598c4eeaa463cc4a69dcb90d613fdd3ed507a7da4e412ec181,ae9bae7b7f7a637e643715b9ebf457a447973061f4f0d32756b5d7e87775b615,f8f7a73d58a9165741b54648b98fc3903fd694a2c9ac9fa1a59995c7f734a137,completed
present80_projected_geometry_full,present80_rkmp_controls_v1,present80_rkmp_controls_v1,analysis,PRESENT-80,7,2,203,pair_shuffled,10000,16,0.0732724517583847,76f4bf8a937beee5da3cf4af8b3c924996c18e08c44f1d9480b89ac4a3fb4f5d,e17494764a0b70d71507941c0870a216154a356e6eed2a4bcdcd75a1fdd00e85,,0.10963759571313858,0.0740683488547802,0.0740683488547802,0.03556924685835838,59795.09375,0.3314842428309073,0.7879,14,0.9943700997754984,0.9939679643757547,0.9935670188658704,3,8e03aa76654e54598c4eeaa463cc4a69dcb90d613fdd3ed507a7da4e412ec181,ae9bae7b7f7a637e643715b9ebf457a447973061f4f0d32756b5d7e87775b615,f8f7a73d58a9165741b54648b98fc3903fd694a2c9ac9fa1a59995c7f734a137,completed
present80_projected_geometry_full,present80_rkmp_controls_v1,present80_rkmp_controls_v1,analysis,PRESENT-80,7,4,201,D0_vs_D0,10000,16,0.04520489275455475,02ef7485be6b7dc71ac2d05875a91dddab2faee63f2de34f5027d4ca0a7f93f3,e17494764a0b70d71507941c0870a216154a356e6eed2a4bcdcd75a1fdd00e85,,0.04280494526028633,0.0608681570738554,0.0608681570738554,-0.01806321181356907,38365.29296875,-9.10032231998728e-05,0.5015000000000001,48,0.3202568244124484,0.3243765949199435,0.26825082455095184,3,d04318d0fbaccaafd2fe9e74f66fb302e967cd55dfa354404d45e9e0776f6e13,ae9bae7b7f7a637e643715b9ebf457a447973061f4f0d32756b5d7e87775b615,3a4a828a256b8faf6ecf981e273bd62c3564920dfd731311623ad4fa9846a756,completed
present80_projected_geometry_full,present80_rkmp_controls_v1,present80_rkmp_controls_v1,analysis,PRESENT-80,7,4,201,D1_vs_D0,10000,16,0.04520489275455475,02ef7485be6b7dc71ac2d05875a91dddab2faee63f2de34f5027d4ca0a7f93f3,e17494764a0b70d71507941c0870a216154a356e6eed2a4bcdcd75a1fdd00e85,,0.12968558073043823,0.0608681570738554,0.0608681570738554,0.06881742365658283,78382.6484375,0.6080498927939423,0.8899,7,0.9978661540563981,0.9975994421209454,0.9971996443827102,3,d04318d0fbaccaafd2fe9e74f66fb302e967cd55dfa354404d45e9e0776f6e13,ae9bae7b7f7a637e643715b9ebf457a447973061f4f0d32756b5d7e87775b615,3a4a828a256b8faf6ecf981e273bd62c3564920dfd731311623ad4fa9846a756,completed
present80_projected_geometry_full,present80_rkmp_controls_v1,present80_rkmp_controls_v1,analysis,PRESENT-80,7,4,201,D1_vs_D1,10000,16,0.04520489275455475,02ef7485be6b7dc71ac2d05875a91dddab2faee63f2de34f5027d4ca0a7f93f3,e17494764a0b70d71507941c0870a216154a356e6eed2a4bcdcd75a1fdd00e85,,0.07893136888742447,0.0608681570738554,0.0608681570738554,0.01806321181356907,87562.84375,-7.618210955879315e-05,0.5011,22,0.9964058695233206,0.995853617540751,0.9958533321072774,3,d04318d0fbaccaafd2fe9e74f66fb302e967cd55dfa354404d45e9e0776f6e13,ae9bae7b7f7a637e643715b9ebf457a447973061f4f0d32756b5d7e87775b615,3a4a828a256b8faf6ecf981e273bd62c3564920dfd731311623ad4fa9846a756,completed
present80_projected_geometry_full,present80_rkmp_controls_v1,present80_rkmp_controls_v1,analysis,PRESENT-80,7,4,201,pair_shuffled,10000,16,0.04520489275455475,02ef7485be6b7dc71ac2d05875a91dddab2faee63f2de34f5027d4ca0a7f93f3,e17494764a0b70d71507941c0870a216154a356e6eed2a4bcdcd75a1fdd00e85,,0.12960919737815857,0.0608681570738554,0.0608681570738554,0.06874104030430317,69857.84375,0.5861033192998192,0.8828,9,0.9959996850440297,0.9967987943741922,0.9944013607443235,3,d04318d0fbaccaafd2fe9e74f66fb302e967cd55dfa354404d45e9e0776f6e13,ae9bae7b7f7a637e643715b9ebf457a447973061f4f0d32756b5d7e87775b615,3a4a828a256b8faf6ecf981e273bd62c3564920dfd731311623ad4fa9846a756,completed
present80_projected_geometry_full,present80_rkmp_controls_v1,present80_rkmp_controls_v1,analysis,PRESENT-80,7,4,202,D0_vs_D0,10000,16,0.04509586840867996,b45a7fd6170b09c4c9cb7a52a964b54b8de9863496b20267f997601a8f098a2c,e17494764a0b70d71507941c0870a216154a356e6eed2a4bcdcd75a1fdd00e85,,0.04283749312162399,0.061099711805582047,0.061099711805582047,-0.018262218683958054,38111.42578125,-9.857825949417362e-05,0.5006,58,0.517279406260075,0.5195045872036342,0.3749712559884088,3,d9b784ed270ff9f16f532d52b7e79f301818b21ce175b78cac4c6115de8abd64,ae9bae7b7f7a637e643715b9ebf457a447973061f4f0d32756b5d7e87775b615,789ee6d0eeb90e6ab680a126836f0ef4f6d4a3b00e72775203fc3bc1d77e8311,completed
present80_projected_geometry_full,present80_rkmp_controls_v1,present80_rkmp_controls_v1,analysis,PRESENT-80,7,4,202,D1_vs_D0,10000,16,0.04509586840867996,b45a7fd6170b09c4c9cb7a52a964b54b8de9863496b20267f997601a8f098a2c,e17494764a0b70d71507941c0870a216154a356e6eed2a4bcdcd75a1fdd00e85,,0.13086551427841187,0.061099711805582047,0.061099711805582047,0.06976580247282982,78266.015625,0.5739166152918327,0.8788,10,0.9975984470751017,0.9975983292790767,0.9967984297120511,3,d9b784ed270ff9f16f532d52b7e79f301818b21ce175b78cac4c6115de8abd64,ae9bae7b7f7a637e643715b9ebf457a447973061f4f0d32756b5d7e87775b615,789ee6d0eeb90e6ab680a126836f0ef4f6d4a3b00e72775203fc3bc1d77e8311,completed
present80_projected_geometry_full,present80_rkmp_controls_v1,present80_rkmp_controls_v1,analysis,PRESENT-80,7,4,202,D1_vs_D1,10000,16,0.04509586840867996,b45a7fd6170b09c4c9cb7a52a964b54b8de9863496b20267f997601a8f098a2c,e17494764a0b70d71507941c0870a216154a356e6eed2a4bcdcd75a1fdd00e85,,0.0793619304895401,0.061099711805582047,0.061099711805582047,0.018262218683958054,87269.109375,3.2599832701551123e-06,0.5045999999999999,22,0.9994475122670384,0.9995856203870142,0.9991712960270869,3,d9b784ed270ff9f16f532d52b7e79f301818b21ce175b78cac4c6115de8abd64,ae9bae7b7f7a637e643715b9ebf457a447973061f4f0d32756b5d7e87775b615,789ee6d0eeb90e6ab680a126836f0ef4f6d4a3b00e72775203fc3bc1d77e8311,completed
present80_projected_geometry_full,present80_rkmp_controls_v1,present80_rkmp_controls_v1,analysis,PRESENT-80,7,4,202,pair_shuffled,10000,16,0.04509586840867996,b45a7fd6170b09c4c9cb7a52a964b54b8de9863496b20267f997601a8f098a2c,e17494764a0b70d71507941c0870a216154a356e6eed2a4bcdcd75a1fdd00e85,,0.1257699877023697,0.061099711805582047,0.061099711805582047,0.06467027589678764,69499.4921875,0.5766474198807492,0.8797,9,0.9936063205585773,0.9912093519262574,0.9908106769663331,3,d9b784ed270ff9f16f532d52b7e79f301818b21ce175b78cac4c6115de8abd64,ae9bae7b7f7a637e643715b9ebf457a447973061f4f0d32756b5d7e87775b615,789ee6d0eeb90e6ab680a126836f0ef4f6d4a3b00e72775203fc3bc1d77e8311,completed
present80_projected_geometry_full,present80_rkmp_controls_v1,present80_rkmp_controls_v1,analysis,PRESENT-80,7,4,203,D0_vs_D0,10000,16,0.04517046734690666,6d51fb5820536f46c9ee0f619b8c0d40e028d1875d56bee22aa73fcbe0ef6c54,e17494764a0b70d71507941c0870a216154a356e6eed2a4bcdcd75a1fdd00e85,,0.0428258441388607,0.060906222090125084,0.060906222090125084,-0.01808037795126438,38401.46875,-5.9055763144124794e-05,0.5032,30,0.36664186406568317,0.29913892511448,0.19211375496972619,3,7de63602cc2f119ff2f7cbec19532b990e1042c500e79b0351edf04db106955b,ae9bae7b7f7a637e643715b9ebf457a447973061f4f0d32756b5d7e87775b615,daffe2652879223a52c4f2f54b957d77043d50c8050b858a380da4bbf40eb5d7,completed
present80_projected_geometry_full,present80_rkmp_controls_v1,present80_rkmp_controls_v1,analysis,PRESENT-80,7,4,203,D1_vs_D0,10000,16,0.04517046734690666,6d51fb5820536f46c9ee0f619b8c0d40e028d1875d56bee22aa73fcbe0ef6c54,e17494764a0b70d71507941c0870a216154a356e6eed2a4bcdcd75a1fdd00e85,,0.12989360094070435,0.060906222090125084,0.060906222090125084,0.06898737885057926,78406.3515625,0.5827391312050791,0.8817,7,0.9965326008813961,0.99639932823027,0.99639932823027,3,7de63602cc2f119ff2f7cbec19532b990e1042c500e79b0351edf04db106955b,ae9bae7b7f7a637e643715b9ebf457a447973061f4f0d32756b5d7e87775b615,daffe2652879223a52c4f2f54b957d77043d50c8050b858a380da4bbf40eb5d7,completed
present80_projected_geometry_full,present80_rkmp_controls_v1,present80_rkmp_controls_v1,analysis,PRESENT-80,7,4,203,D1_vs_D1,10000,16,0.04517046734690666,6d51fb5820536f46c9ee0f619b8c0d40e028d1875d56bee22aa73fcbe0ef6c54,e17494764a0b70d71507941c0870a216154a356e6eed2a4bcdcd75a1fdd00e85,,0.07898660004138947,0.060906222090125084,0.060906222090125084,0.01808037795126438,87488.703125,-2.6743125684654288e-05,0.5037,14,0.9975159565930515,0.9971022374320326,0.9966882745304878,3,7de63602cc2f119ff2f7cbec19532b990e1042c500e79b0351edf04db106955b,ae9bae7b7f7a637e643715b9ebf457a447973061f4f0d32756b5d7e87775b615,daffe2652879223a52c4f2f54b957d77043d50c8050b858a380da4bbf40eb5d7,completed
present80_projected_geometry_full,present80_rkmp_controls_v1,present80_rkmp_controls_v1,analysis,PRESENT-80,7,4,203,pair_shuffled,10000,16,0.04517046734690666,6d51fb5820536f46c9ee0f619b8c0d40e028d1875d56bee22aa73fcbe0ef6c54,e17494764a0b70d71507941c0870a216154a356e6eed2a4bcdcd75a1fdd00e85,,0.12487626820802689,0.060906222090125084,0.060906222090125084,0.0639700461179018,70169.953125,0.597799087225009,0.8866,9,0.9922773749422517,0.9932065408729495,0.9888229049377039,3,7de63602cc2f119ff2f7cbec19532b990e1042c500e79b0351edf04db106955b,ae9bae7b7f7a637e643715b9ebf457a447973061f4f0d32756b5d7e87775b615,daffe2652879223a52c4f2f54b957d77043d50c8050b858a380da4bbf40eb5d7,completed
present80_projected_geometry_full,present80_rkmp_controls_v1,present80_rkmp_controls_v1,analysis,PRESENT-80,7,8,201,D0_vs_D0,10000,16,0.027886342257261276,9e74e36e516e95a37620963440ad5c4341534736cade8fb329edc55085bff0b8,e17494764a0b70d71507941c0870a216154a356e6eed2a4bcdcd75a1fdd00e85,,0.04231460392475128,0.05384766682982445,0.05384766682982445,-0.011533062905073166,38413.8125,-3.970394078799879e-06,0.5049,20,0.24016136934164492,0.16345570178678775,0.1449231806701208,3,ded20fc7245eb8b037e8b0cfd12eb1546ca9d73e2a8ad3991272b95622a757ab,ae9bae7b7f7a637e643715b9ebf457a447973061f4f0d32756b5d7e87775b615,a77d4edfc0532d47b55326be93d17b891ffc4395962f2d7bdcffbbe304743b7e,completed
present80_projected_geometry_full,present80_rkmp_controls_v1,present80_rkmp_controls_v1,analysis,PRESENT-80,7,8,201,D1_vs_D0,10000,16,0.027886342257261276,9e74e36e516e95a37620963440ad5c4341534736cade8fb329edc55085bff0b8,e17494764a0b70d71507941c0870a216154a356e6eed2a4bcdcd75a1fdd00e85,,0.15857775509357452,0.05384766682982445,0.05384766682982445,0.10473008826375008,92923.203125,0.8171978556986625,0.952,8,1.0,1.0,1.0,3,ded20fc7245eb8b037e8b0cfd12eb1546ca9d73e2a8ad3991272b95622a757ab,ae9bae7b7f7a637e643715b9ebf457a447973061f4f0d32756b5d7e87775b615,a77d4edfc0532d47b55326be93d17b891ffc4395962f2d7bdcffbbe304743b7e,completed
present80_projected_geometry_full,present80_rkmp_controls_v1,present80_rkmp_controls_v1,analysis,PRESENT-80,7,8,201,D1_vs_D1,10000,16,0.027886342257261276,9e74e36e516e95a37620963440ad5c4341534736cade8fb329edc55085bff0b8,e17494764a0b70d71507941c0870a216154a356e6eed2a4bcdcd75a1fdd00e85,,0.06538072973489761,0.05384766682982445,0.05384766682982445,0.011533062905073166,96998.1875,8.406857080718858e-05,0.5065,33,0.3340153323508605,0.0041604906710339725,0.003963585535344972,3,ded20fc7245eb8b037e8b0cfd12eb1546ca9d73e2a8ad3991272b95622a757ab,ae9bae7b7f7a637e643715b9ebf457a447973061f4f0d32756b5d7e87775b615,a77d4edfc0532d47b55326be93d17b891ffc4395962f2d7bdcffbbe304743b7e,completed
present80_projected_geometry_full,present80_rkmp_controls_v1,present80_rkmp_controls_v1,analysis,PRESENT-80,7,8,201,pair_shuffled,10000,16,0.027886342257261276,9e74e36e516e95a37620963440ad5c4341534736cade8fb329edc55085bff0b8,e17494764a0b70d71507941c0870a216154a356e6eed2a4bcdcd75a1fdd00e85,,0.1586301326751709,0.05384766682982445,0.05384766682982445,0.10478246584534645,77993.6875,0.8427083490078603,0.959,6,0.9997333267841286,0.9995999901761929,0.9995999901761929,3,ded20fc7245eb8b037e8b0cfd12eb1546ca9d73e2a8ad3991272b95622a757ab,ae9bae7b7f7a637e643715b9ebf457a447973061f4f0d32756b5d7e87775b615,a77d4edfc0532d47b55326be93d17b891ffc4395962f2d7bdcffbbe304743b7e,completed
present80_projected_geometry_full,present80_rkmp_controls_v1,present80_rkmp_controls_v1,analysis,PRESENT-80,7,8,202,D0_vs_D0,10000,16,0.027721010148525238,bf8d8cbbeecf534d1a8be98e2dabe7a819644c8efc09d6d23992058c15f4bd45,e17494764a0b70d71507941c0870a216154a356e6eed2a4bcdcd75a1fdd00e85,,0.04263966903090477,0.05302758328616619,0.05302758328616619,-0.010387914255261421,38096.84765625,-9.742132052156686e-05,0.5008,32,0.19276312042357094,0.09976590389200178,0.03208757195900491,3,20ae5ac04bcca2151293342c975ff0f1896162e772f75659b07f80ceceb38b32,ae9bae7b7f7a637e643715b9ebf457a447973061f4f0d32756b5d7e87775b615,54909d9ef48a3396bde659ef4f3c21961a764c014d5bf5d0641f410631a30bda,completed
present80_projected_geometry_full,present80_rkmp_controls_v1,present80_rkmp_controls_v1,analysis,PRESENT-80,7,8,202,D1_vs_D0,10000,16,0.027721010148525238,bf8d8cbbeecf534d1a8be98e2dabe7a819644c8efc09d6d23992058c15f4bd45,e17494764a0b70d71507941c0870a216154a356e6eed2a4bcdcd75a1fdd00e85,,0.15649157762527466,0.05302758328616619,0.05302758328616619,0.10346399433910847,92258.546875,0.8438104104392699,0.9593,7,0.9994666829344792,0.9995999921508694,0.9992000644067177,3,20ae5ac04bcca2151293342c975ff0f1896162e772f75659b07f80ceceb38b32,ae9bae7b7f7a637e643715b9ebf457a447973061f4f0d32756b5d7e87775b615,54909d9ef48a3396bde659ef4f3c21961a764c014d5bf5d0641f410631a30bda,completed
present80_projected_geometry_full,present80_rkmp_controls_v1,present80_rkmp_controls_v1,analysis,PRESENT-80,7,8,202,D1_vs_D1,10000,16,0.027721010148525238,bf8d8cbbeecf534d1a8be98e2dabe7a819644c8efc09d6d23992058c15f4bd45,e17494764a0b70d71507941c0870a216154a356e6eed2a4bcdcd75a1fdd00e85,,0.06341549754142761,0.05302758328616619,0.05302758328616619,0.010387914255261421,96268.296875,0.00010758788693330178,0.507,84,0.97373374405101,0.9638145787516779,0.9610322439157957,3,20ae5ac04bcca2151293342c975ff0f1896162e772f75659b07f80ceceb38b32,ae9bae7b7f7a637e643715b9ebf457a447973061f4f0d32756b5d7e87775b615,54909d9ef48a3396bde659ef4f3c21961a764c014d5bf5d0641f410631a30bda,completed
present80_projected_geometry_full,present80_rkmp_controls_v1,present80_rkmp_controls_v1,analysis,PRESENT-80,7,8,202,pair_shuffled,10000,16,0.027721010148525238,bf8d8cbbeecf534d1a8be98e2dabe7a819644c8efc09d6d23992058c15f4bd45,e17494764a0b70d71507941c0870a216154a356e6eed2a4bcdcd75a1fdd00e85,,0.16016355156898499,0.05302758328616619,0.05302758328616619,0.1071359682828188,77239.296875,0.8408731614925863,0.9585,6,1.0,1.0,1.0,3,20ae5ac04bcca2151293342c975ff0f1896162e772f75659b07f80ceceb38b32,ae9bae7b7f7a637e643715b9ebf457a447973061f4f0d32756b5d7e87775b615,54909d9ef48a3396bde659ef4f3c21961a764c014d5bf5d0641f410631a30bda,completed
present80_projected_geometry_full,present80_rkmp_controls_v1,present80_rkmp_controls_v1,analysis,PRESENT-80,7,8,203,D0_vs_D0,10000,16,0.027748899534344673,75e3b4a227dae98fbd442707fe29953d425d8819191b3bad9b30aac1951e80f6,e17494764a0b70d71507941c0870a216154a356e6eed2a4bcdcd75a1fdd00e85,,0.04256362095475197,0.0541048739105463,0.0541048739105463,-0.011541252955794334,38401.71875,2.0995463021975658e-05,0.5055000000000001,42,0.4171484103949578,0.33309315233988324,0.32826183096931344,3,3c42aa08fecd6fd79ce6a008b5baa7653dccc4e9d3438fbd7db24040f4a45dcd,ae9bae7b7f7a637e643715b9ebf457a447973061f4f0d32756b5d7e87775b615,9baefac22cb412d5f7da508589703b8673849884b00c9a9fd9d0f3c75e4fa893,completed
present80_projected_geometry_full,present80_rkmp_controls_v1,present80_rkmp_controls_v1,analysis,PRESENT-80,7,8,203,D1_vs_D0,10000,16,0.027748899534344673,75e3b4a227dae98fbd442707fe29953d425d8819191b3bad9b30aac1951e80f6,e17494764a0b70d71507941c0870a216154a356e6eed2a4bcdcd75a1fdd00e85,,0.1569392830133438,0.0541048739105463,0.0541048739105463,0.10283440910279751,92379.390625,0.8346485187147585,0.9568,7,0.9992000815849146,0.9992000550498871,0.9988002023887158,3,3c42aa08fecd6fd79ce6a008b5baa7653dccc4e9d3438fbd7db24040f4a45dcd,ae9bae7b7f7a637e643715b9ebf457a447973061f4f0d32756b5d7e87775b615,9baefac22cb412d5f7da508589703b8673849884b00c9a9fd9d0f3c75e4fa893,completed
present80_projected_geometry_full,present80_rkmp_controls_v1,present80_rkmp_controls_v1,analysis,PRESENT-80,7,8,203,D1_vs_D1,10000,16,0.027748899534344673,75e3b4a227dae98fbd442707fe29953d425d8819191b3bad9b30aac1951e80f6,e17494764a0b70d71507941c0870a216154a356e6eed2a4bcdcd75a1fdd00e85,,0.06564612686634064,0.0541048739105463,0.0541048739105463,0.011541252955794334,97062.3828125,6.412506066179246e-05,0.5061,29,0.9934584447680369,0.9926418568227119,0.9914170369046933,3,3c42aa08fecd6fd79ce6a008b5baa7653dccc4e9d3438fbd7db24040f4a45dcd,ae9bae7b7f7a637e643715b9ebf457a447973061f4f0d32756b5d7e87775b615,9baefac22cb412d5f7da508589703b8673849884b00c9a9fd9d0f3c75e4fa893,completed
present80_projected_geometry_full,present80_rkmp_controls_v1,present80_rkmp_controls_v1,analysis,PRESENT-80,7,8,203,pair_shuffled,10000,16,0.027748899534344673,75e3b4a227dae98fbd442707fe29953d425d8819191b3bad9b30aac1951e80f6,e17494764a0b70d71507941c0870a216154a356e6eed2a4bcdcd75a1fdd00e85,,0.15700489282608032,0.0541048739105463,0.0541048739105463,0.10290001891553402,77679.5703125,0.8508069003135563,0.9612,7,1.0,1.0,1.0,3,3c42aa08fecd6fd79ce6a008b5baa7653dccc4e9d3438fbd7db24040f4a45dcd,ae9bae7b7f7a637e643715b9ebf457a447973061f4f0d32756b5d7e87775b615,9baefac22cb412d5f7da508589703b8673849884b00c9a9fd9d0f3c75e4fa893,completed
present80_projected_geometry_full,present80_rkmp_controls_v1,present80_rkmp_controls_v1,analysis,PRESENT-80,7,16,201,D0_vs_D0,10000,16,0.017838921397924423,f64d67dbb42c0176c139c3142eb0e21bfff5202e0737ec170d44c6e3a657198b,e17494764a0b70d71507941c0870a216154a356e6eed2a4bcdcd75a1fdd00e85,,0.0423368364572525,0.04460700787603855,0.04460700787603855,-0.002270171418786049,38320.8203125,-3.932754402867429e-06,0.5049,59,0.20481790337159633,0.06813225811938971,0.05216303081518804,3,978ec81861d5e6c88aa6a72d803d04312d707751fac7a6ddf2fee1826f4ba8a4,ae9bae7b7f7a637e643715b9ebf457a447973061f4f0d32756b5d7e87775b615,f463c6c0d534f978c7ed8e93b71359d70c788699ee2c33c34be8979f85e2a2a0,completed
present80_projected_geometry_full,present80_rkmp_controls_v1,present80_rkmp_controls_v1,analysis,PRESENT-80,7,16,201,D1_vs_D0,10000,16,0.017838921397924423,f64d67dbb42c0176c139c3142eb0e21bfff5202e0737ec170d44c6e3a657198b,e17494764a0b70d71507941c0870a216154a356e6eed2a4bcdcd75a1fdd00e85,,0.20626868307590485,0.04460700787603855,0.04460700787603855,0.1616616751998663,109711.7421875,0.9654993104915344,0.9913,4,1.0,1.0,1.0,3,978ec81861d5e6c88aa6a72d803d04312d707751fac7a6ddf2fee1826f4ba8a4,ae9bae7b7f7a637e643715b9ebf457a447973061f4f0d32756b5d7e87775b615,f463c6c0d534f978c7ed8e93b71359d70c788699ee2c33c34be8979f85e2a2a0,completed
present80_projected_geometry_full,present80_rkmp_controls_v1,present80_rkmp_controls_v1,analysis,PRESENT-80,7,16,201,D1_vs_D1,10000,16,0.017838921397924423,f64d67dbb42c0176c139c3142eb0e21bfff5202e0737ec170d44c6e3a657198b,e17494764a0b70d71507941c0870a216154a356e6eed2a4bcdcd75a1fdd00e85,,0.0468771792948246,0.04460700787603855,0.04460700787603855,0.002270171418786049,97814.140625,-7.697712338033724e-05,0.5024,61,0.5394377410809331,0.40596448123812867,0.3596961070104009,3,978ec81861d5e6c88aa6a72d803d04312d707751fac7a6ddf2fee1826f4ba8a4,ae9bae7b7f7a637e643715b9ebf457a447973061f4f0d32756b5d7e87775b615,f463c6c0d534f978c7ed8e93b71359d70c788699ee2c33c34be8979f85e2a2a0,completed
present80_projected_geometry_full,present80_rkmp_controls_v1,present80_rkmp_controls_v1,analysis,PRESENT-80,7,16,201,pair_shuffled,10000,16,0.017838921397924423,f64d67dbb42c0176c139c3142eb0e21bfff5202e0737ec170d44c6e3a657198b,e17494764a0b70d71507941c0870a216154a356e6eed2a4bcdcd75a1fdd00e85,,0.22627709805965424,0.04460700787603855,0.04460700787603855,0.18167009018361568,82657.1015625,0.9674657069580228,0.9918,5,0.9997333333297403,0.9995999999946107,0.9995999999946107,3,978ec81861d5e6c88aa6a72d803d04312d707751fac7a6ddf2fee1826f4ba8a4,ae9bae7b7f7a637e643715b9ebf457a447973061f4f0d32756b5d7e87775b615,f463c6c0d534f978c7ed8e93b71359d70c788699ee2c33c34be8979f85e2a2a0,completed
present80_projected_geometry_full,present80_rkmp_controls_v1,present80_rkmp_controls_v1,analysis,PRESENT-80,7,16,202,D0_vs_D0,10000,16,0.01775388792157173,6a9511e019a8c35d6ce499afab9e23d91f12cca73ce3a3864853b1d56376585e,e17494764a0b70d71507941c0870a216154a356e6eed2a4bcdcd75a1fdd00e85,,0.04272374510765076,0.04510115459561348,0.04510115459561348,-0.0023774094879627228,38015.05078125,-9.992708413068338e-05,0.5001,39,0.3809815525637627,0.3611371081074576,0.2952131091786102,3,16fbc4097f168387790f33ab964e50a3438369b828d472fd17fa1177ec7b77be,ae9bae7b7f7a637e643715b9ebf457a447973061f4f0d32756b5d7e87775b615,08990c351b10c42d3829fe700c224a22ff5e94e2148c274c47d87397ebb19a7a,completed
present80_projected_geometry_full,present80_rkmp_controls_v1,present80_rkmp_controls_v1,analysis,PRESENT-80,7,16,202,D1_vs_D0,10000,16,0.01775388792157173,6a9511e019a8c35d6ce499afab9e23d91f12cca73ce3a3864853b1d56376585e,e17494764a0b70d71507941c0870a216154a356e6eed2a4bcdcd75a1fdd00e85,,0.20655964314937592,0.04510115459561348,0.04510115459561348,0.16145848855376244,108943.3203125,0.9714045006623805,0.9928,5,0.999733333331967,0.9995999999979506,0.9995999999979506,3,16fbc4097f168387790f33ab964e50a3438369b828d472fd17fa1177ec7b77be,ae9bae7b7f7a637e643715b9ebf457a447973061f4f0d32756b5d7e87775b615,08990c351b10c42d3829fe700c224a22ff5e94e2148c274c47d87397ebb19a7a,completed
present80_projected_geometry_full,present80_rkmp_controls_v1,present80_rkmp_controls_v1,analysis,PRESENT-80,7,16,202,D1_vs_D1,10000,16,0.01775388792157173,6a9511e019a8c35d6ce499afab9e23d91f12cca73ce3a3864853b1d56376585e,e17494764a0b70d71507941c0870a216154a356e6eed2a4bcdcd75a1fdd00e85,,0.0474785640835762,0.04510115459561348,0.04510115459561348,0.0023774094879627228,96647.21875,0.00010806640102855314,0.5072,27,0.7546193642537823,0.7579132043082575,0.7163586052044847,3,16fbc4097f168387790f33ab964e50a3438369b828d472fd17fa1177ec7b77be,ae9bae7b7f7a637e643715b9ebf457a447973061f4f0d32756b5d7e87775b615,08990c351b10c42d3829fe700c224a22ff5e94e2148c274c47d87397ebb19a7a,completed
present80_projected_geometry_full,present80_rkmp_controls_v1,present80_rkmp_controls_v1,analysis,PRESENT-80,7,16,202,pair_shuffled,10000,16,0.01775388792157173,6a9511e019a8c35d6ce499afab9e23d91f12cca73ce3a3864853b1d56376585e,e17494764a0b70d71507941c0870a216154a356e6eed2a4bcdcd75a1fdd00e85,,0.22761547565460205,0.04510115459561348,0.04510115459561348,0.18251432105898857,82142.2421875,0.9769322532441496,0.9942,5,0.9997333333333245,0.9995999999999868,0.9995999999999868,3,16fbc4097f168387790f33ab964e50a3438369b828d472fd17fa1177ec7b77be,ae9bae7b7f7a637e643715b9ebf457a447973061f4f0d32756b5d7e87775b615,08990c351b10c42d3829fe700c224a22ff5e94e2148c274c47d87397ebb19a7a,completed
present80_projected_geometry_full,present80_rkmp_controls_v1,present80_rkmp_controls_v1,analysis,PRESENT-80,7,16,203,D0_vs_D0,10000,16,0.017736995592713356,d106dc81bbde1cabe02c62dd0bbe4c6d5a62dd2aca6fb6edb6a4381fe9533f75,e17494764a0b70d71507941c0870a216154a356e6eed2a4bcdcd75a1fdd00e85,,0.04311303049325943,0.04557088017463684,0.04557088017463684,-0.002457849681377411,38395.9296875,-9.965948384853451e-05,0.5003,54,0.6169869634719656,0.5993455879401407,0.5769498777612773,3,cf7223573a7130958c377c262df44b8f050a0ed4ef9b45430210a59269d055aa,ae9bae7b7f7a637e643715b9ebf457a447973061f4f0d32756b5d7e87775b615,ff97aa2887facd38113c4fac2301ca08c90cd98ace2fc6deb5c107f525995536,completed
present80_projected_geometry_full,present80_rkmp_controls_v1,present80_rkmp_controls_v1,analysis,PRESENT-80,7,16,203,D1_vs_D0,10000,16,0.017736995592713356,d106dc81bbde1cabe02c62dd0bbe4c6d5a62dd2aca6fb6edb6a4381fe9533f75,e17494764a0b70d71507941c0870a216154a356e6eed2a4bcdcd75a1fdd00e85,,0.2060117870569229,0.04557088017463684,0.04557088017463684,0.16044090688228607,108980.71875,0.9714045007246167,0.9928,4,1.0,1.0,1.0,3,cf7223573a7130958c377c262df44b8f050a0ed4ef9b45430210a59269d055aa,ae9bae7b7f7a637e643715b9ebf457a447973061f4f0d32756b5d7e87775b615,ff97aa2887facd38113c4fac2301ca08c90cd98ace2fc6deb5c107f525995536,completed
present80_projected_geometry_full,present80_rkmp_controls_v1,present80_rkmp_controls_v1,analysis,PRESENT-80,7,16,203,D1_vs_D1,10000,16,0.017736995592713356,d106dc81bbde1cabe02c62dd0bbe4c6d5a62dd2aca6fb6edb6a4381fe9533f75,e17494764a0b70d71507941c0870a216154a356e6eed2a4bcdcd75a1fdd00e85,,0.04802872985601425,0.04557088017463684,0.04557088017463684,0.002457849681377411,96280.9765625,-7.063235060072614e-05,0.5026999999999999,87,0.9380497784988595,0.9196725464221832,0.9123977129662058,3,cf7223573a7130958c377c262df44b8f050a0ed4ef9b45430210a59269d055aa,ae9bae7b7f7a637e643715b9ebf457a447973061f4f0d32756b5d7e87775b615,ff97aa2887facd38113c4fac2301ca08c90cd98ace2fc6deb5c107f525995536,completed
present80_projected_geometry_full,present80_rkmp_controls_v1,present80_rkmp_controls_v1,analysis,PRESENT-80,7,16,203,pair_shuffled,10000,16,0.017736995592713356,d106dc81bbde1cabe02c62dd0bbe4c6d5a62dd2aca6fb6edb6a4381fe9533f75,e17494764a0b70d71507941c0870a216154a356e6eed2a4bcdcd75a1fdd00e85,,0.22664526104927063,0.04557088017463684,0.04557088017463684,0.1810743808746338,82463.28125,0.967859226403643,0.9919,4,1.0,1.0,1.0,3,cf7223573a7130958c377c262df44b8f050a0ed4ef9b45430210a59269d055aa,ae9bae7b7f7a637e643715b9ebf457a447973061f4f0d32756b5d7e87775b615,ff97aa2887facd38113c4fac2301ca08c90cd98ace2fc6deb5c107f525995536,completed
present80_projected_geometry_full,present80_rkmp_controls_v1,present80_rkmp_controls_v1,analysis,PRESENT-80,7,32,201,D0_vs_D0,10000,16,0.011913269758224487,f4799ec942dbe32349f1699ed04ba3062116c7f912e4e0fe13e9c0b8d4d4402a,e17494764a0b70d71507941c0870a216154a356e6eed2a4bcdcd75a1fdd00e85,,0.043006353080272675,0.04545803740620613,0.04545803740620613,-0.0024516843259334564,38360.5078125,-2.9451010145011848e-05,0.5042,40,0.6020055595264838,0.6557416147286471,0.4857575716513721,3,1b8e2a780cbada711f05819f076ef2fad0bad3dec769691243e388004503033a,ae9bae7b7f7a637e643715b9ebf457a447973061f4f0d32756b5d7e87775b615,3bd28e423c297be745de05d070bb9db880e38917426a116aec5e12e6429dc5bc,completed
present80_projected_geometry_full,present80_rkmp_controls_v1,present80_rkmp_controls_v1,analysis,PRESENT-80,7,32,201,D1_vs_D0,10000,16,0.011913269758224487,f4799ec942dbe32349f1699ed04ba3062116c7f912e4e0fe13e9c0b8d4d4402a,e17494764a0b70d71507941c0870a216154a356e6eed2a4bcdcd75a1fdd00e85,,0.2767452299594879,0.04545803740620613,0.04545803740620613,0.23128719255328178,128785.8125,0.998000800060212,0.9995,4,1.0,1.0,1.0,3,1b8e2a780cbada711f05819f076ef2fad0bad3dec769691243e388004503033a,ae9bae7b7f7a637e643715b9ebf457a447973061f4f0d32756b5d7e87775b615,3bd28e423c297be745de05d070bb9db880e38917426a116aec5e12e6429dc5bc,completed
present80_projected_geometry_full,present80_rkmp_controls_v1,present80_rkmp_controls_v1,analysis,PRESENT-80,7,32,201,D1_vs_D1,10000,16,0.011913269758224487,f4799ec942dbe32349f1699ed04ba3062116c7f912e4e0fe13e9c0b8d4d4402a,e17494764a0b70d71507941c0870a216154a356e6eed2a4bcdcd75a1fdd00e85,,0.04790972173213959,0.04545803740620613,0.04545803740620613,0.0024516843259334564,76804.7421875,-5.090880034968627e-05,0.5035000000000001,51,0.736334611616487,0.7388859115295655,0.6651696600467638,3,1b8e2a780cbada711f05819f076ef2fad0bad3dec769691243e388004503033a,ae9bae7b7f7a637e643715b9ebf457a447973061f4f0d32756b5d7e87775b615,3bd28e423c297be745de05d070bb9db880e38917426a116aec5e12e6429dc5bc,completed
present80_projected_geometry_full,present80_rkmp_controls_v1,present80_rkmp_controls_v1,analysis,PRESENT-80,7,32,201,pair_shuffled,10000,16,0.011913269758224487,f4799ec942dbe32349f1699ed04ba3062116c7f912e4e0fe13e9c0b8d4d4402a,e17494764a0b70d71507941c0870a216154a356e6eed2a4bcdcd75a1fdd00e85,,0.33807215094566345,0.04545803740620613,0.04545803740620613,0.2926141135394573,83488.1640625,0.9992000800000128,0.9998,3,1.0,1.0,1.0,3,1b8e2a780cbada711f05819f076ef2fad0bad3dec769691243e388004503033a,ae9bae7b7f7a637e643715b9ebf457a447973061f4f0d32756b5d7e87775b615,3bd28e423c297be745de05d070bb9db880e38917426a116aec5e12e6429dc5bc,completed
present80_projected_geometry_full,present80_rkmp_controls_v1,present80_rkmp_controls_v1,analysis,PRESENT-80,7,32,202,D0_vs_D0,10000,16,0.011937575414776802,45323d21fd427df1551a28bfabe171e027a557ba6f020068e76a25a5edbb1b2c,e17494764a0b70d71507941c0870a216154a356e6eed2a4bcdcd75a1fdd00e85,,0.042507629841566086,0.04502358287572861,0.04502358287572861,-0.0025159530341625214,38305.5,-9.985896369048252e-05,0.5002,43,0.3486229381531188,0.30397235118939064,0.1901894547325652,3,6d2f653f1d6d2b1189739e88eb101f2bea31c4530dcfed6fb43bf752ac23f68d,ae9bae7b7f7a637e643715b9ebf457a447973061f4f0d32756b5d7e87775b615,0b4b9b42f3b1379c6bf9f1a72114fdc2979a7353c817a0806a085e6677873c22,completed
present80_projected_geometry_full,present80_rkmp_controls_v1,present80_rkmp_controls_v1,analysis,PRESENT-80,7,32,202,D1_vs_D0,10000,16,0.011937575414776802,45323d21fd427df1551a28bfabe171e027a557ba6f020068e76a25a5edbb1b2c,e17494764a0b70d71507941c0870a216154a356e6eed2a4bcdcd75a1fdd00e85,,0.27712544798851013,0.04502358287572861,0.04502358287572861,0.23210186511278152,129034.3515625,0.9964028802532161,0.9991,4,1.0,1.0,1.0,3,6d2f653f1d6d2b1189739e88eb101f2bea31c4530dcfed6fb43bf752ac23f68d,ae9bae7b7f7a637e643715b9ebf457a447973061f4f0d32756b5d7e87775b615,0b4b9b42f3b1379c6bf9f1a72114fdc2979a7353c817a0806a085e6677873c22,completed
present80_projected_geometry_full,present80_rkmp_controls_v1,present80_rkmp_controls_v1,analysis,PRESENT-80,7,32,202,D1_vs_D1,10000,16,0.011937575414776802,45323d21fd427df1551a28bfabe171e027a557ba6f020068e76a25a5edbb1b2c,e17494764a0b70d71507941c0870a216154a356e6eed2a4bcdcd75a1fdd00e85,,0.04753953590989113,0.04502358287572861,0.04502358287572861,0.0025159530341625214,76921.84375,-7.500357567078437e-05,0.5025,54,0.8535955193774868,0.8712226822182718,0.8071032702964468,3,6d2f653f1d6d2b1189739e88eb101f2bea31c4530dcfed6fb43bf752ac23f68d,ae9bae7b7f7a637e643715b9ebf457a447973061f4f0d32756b5d7e87775b615,0b4b9b42f3b1379c6bf9f1a72114fdc2979a7353c817a0806a085e6677873c22,completed
present80_projected_geometry_full,present80_rkmp_controls_v1,present80_rkmp_controls_v1,analysis,PRESENT-80,7,32,202,pair_shuffled,10000,16,0.011937575414776802,45323d21fd427df1551a28bfabe171e027a557ba6f020068e76a25a5edbb1b2c,e17494764a0b70d71507941c0870a216154a356e6eed2a4bcdcd75a1fdd00e85,,0.3371051251888275,0.04502358287572861,0.04502358287572861,0.2920815423130989,83948.5,0.9960036003216629,0.999,3,1.0,1.0,1.0,3,6d2f653f1d6d2b1189739e88eb101f2bea31c4530dcfed6fb43bf752ac23f68d,ae9bae7b7f7a637e643715b9ebf457a447973061f4f0d32756b5d7e87775b615,0b4b9b42f3b1379c6bf9f1a72114fdc2979a7353c817a0806a085e6677873c22,completed
present80_projected_geometry_full,present80_rkmp_controls_v1,present80_rkmp_controls_v1,analysis,PRESENT-80,7,32,203,D0_vs_D0,10000,16,0.011959847062826157,11d1222d8aadc3c4a7b18772717b6e0f6cbd16169f4bee577dd0455017822535,e17494764a0b70d71507941c0870a216154a356e6eed2a4bcdcd75a1fdd00e85,,0.04278668016195297,0.0450882650911808,0.0450882650911808,-0.002301584929227829,38298.82421875,0.00013104336063858062,0.5076,78,0.5507896371884557,0.5971795540550535,0.43554355351045676,3,a5717c6c34557e90f249972fee6786bb590a97e55966ce4b4b713871f59477d2,ae9bae7b7f7a637e643715b9ebf457a447973061f4f0d32756b5d7e87775b615,0b7053658d0e3addfaed5b27ae677527b25827128c0eff8f75cd8b276d364df7,completed
present80_projected_geometry_full,present80_rkmp_controls_v1,present80_rkmp_controls_v1,analysis,PRESENT-80,7,32,203,D1_vs_D0,10000,16,0.011959847062826157,11d1222d8aadc3c4a7b18772717b6e0f6cbd16169f4bee577dd0455017822535,e17494764a0b70d71507941c0870a216154a356e6eed2a4bcdcd75a1fdd00e85,,0.2778439521789551,0.0450882650911808,0.0450882650911808,0.23275568708777428,129110.1171875,0.998000800060212,0.9995,4,1.0,1.0,1.0,3,a5717c6c34557e90f249972fee6786bb590a97e55966ce4b4b713871f59477d2,ae9bae7b7f7a637e643715b9ebf457a447973061f4f0d32756b5d7e87775b615,0b7053658d0e3addfaed5b27ae677527b25827128c0eff8f75cd8b276d364df7,completed
present80_projected_geometry_full,present80_rkmp_controls_v1,present80_rkmp_controls_v1,analysis,PRESENT-80,7,32,203,D1_vs_D1,10000,16,0.011959847062826157,11d1222d8aadc3c4a7b18772717b6e0f6cbd16169f4bee577dd0455017822535,e17494764a0b70d71507941c0870a216154a356e6eed2a4bcdcd75a1fdd00e85,,0.04738985002040863,0.0450882650911808,0.0450882650911808,0.002301584929227829,78424.015625,-9.929465046383369e-05,0.5004,64,0.9495815990938131,0.9416702979747896,0.9269764988131718,3,a5717c6c34557e90f249972fee6786bb590a97e55966ce4b4b713871f59477d2,ae9bae7b7f7a637e643715b9ebf457a447973061f4f0d32756b5d7e87775b615,0b7053658d0e3addfaed5b27ae677527b25827128c0eff8f75cd8b276d364df7,completed
present80_projected_geometry_full,present80_rkmp_controls_v1,present80_rkmp_controls_v1,analysis,PRESENT-80,7,32,203,pair_shuffled,10000,16,0.011959847062826157,11d1222d8aadc3c4a7b18772717b6e0f6cbd16169f4bee577dd0455017822535,e17494764a0b70d71507941c0870a216154a356e6eed2a4bcdcd75a1fdd00e85,,0.33873721957206726,0.0450882650911808,0.0450882650911808,0.29364895448088646,83989.546875,0.998000800060212,0.9995,3,1.0,1.0,1.0,3,a5717c6c34557e90f249972fee6786bb590a97e55966ce4b4b713871f59477d2,ae9bae7b7f7a637e643715b9ebf457a447973061f4f0d32756b5d7e87775b615,0b7053658d0e3addfaed5b27ae677527b25827128c0eff8f75cd8b276d364df7,completed
present80_projected_geometry_full,present80_rkmp_controls_v1,present80_rkmp_controls_v1,analysis,PRESENT-80,8,1,201,D0_vs_D0,10000,16,0.10547488927841187,9a84536d0ebc5cfe7c467fbf8e59051a9b81c99eedb1a41b9d091990b879136e,e17494764a0b70d71507941c0870a216154a356e6eed2a4bcdcd75a1fdd00e85,False,0.042849283665418625,0.048795437440276146,0.048795437440276146,-0.005946153774857521,38296.5390625,-4.21689421929459e-05,0.5038,38,0.14356002052568717,0.009661879488006066,0.009426555829966063,3,42f10a5d262c74591a42b8d36b620f73c8c0f21e36a9eab14a7997f396fc1e40,ae9bae7b7f7a637e643715b9ebf457a447973061f4f0d32756b5d7e87775b615,d8e903f263075d5dcc05192d6a774f6a47b0f5a92ad57ea7431dafc0a07b7c4a,completed
present80_projected_geometry_full,present80_rkmp_controls_v1,present80_rkmp_controls_v1,analysis,PRESENT-80,8,1,201,D1_vs_D0,10000,16,0.10547488927841187,9a84536d0ebc5cfe7c467fbf8e59051a9b81c99eedb1a41b9d091990b879136e,e17494764a0b70d71507941c0870a216154a356e6eed2a4bcdcd75a1fdd00e85,False,0.044862352311611176,0.048795437440276146,0.048795437440276146,-0.00393308512866497,48375.3671875,0.003920589250894261,0.5317000000000001,44,0.792455163984037,0.7803597982788715,0.7736569997801699,3,42f10a5d262c74591a42b8d36b620f73c8c0f21e36a9eab14a7997f396fc1e40,ae9bae7b7f7a637e643715b9ebf457a447973061f4f0d32756b5d7e87775b615,d8e903f263075d5dcc05192d6a774f6a47b0f5a92ad57ea7431dafc0a07b7c4a,completed
present80_projected_geometry_full,present80_rkmp_controls_v1,present80_rkmp_controls_v1,analysis,PRESENT-80,8,1,201,D1_vs_D1,10000,16,0.10547488927841187,9a84536d0ebc5cfe7c467fbf8e59051a9b81c99eedb1a41b9d091990b879136e,e17494764a0b70d71507941c0870a216154a356e6eed2a4bcdcd75a1fdd00e85,False,0.05474159121513367,0.048795437440276146,0.048795437440276146,0.005946153774857521,40061.78125,-3.170387487858767e-05,0.5041,28,0.9513400053423764,0.9553001406472751,0.9288948035702793,3,42f10a5d262c74591a42b8d36b620f73c8c0f21e36a9eab14a7997f396fc1e40,ae9bae7b7f7a637e643715b9ebf457a447973061f4f0d32756b5d7e87775b615,d8e903f263075d5dcc05192d6a774f6a47b0f5a92ad57ea7431dafc0a07b7c4a,completed
present80_projected_geometry_full,present80_rkmp_controls_v1,present80_rkmp_controls_v1,analysis,PRESENT-80,8,1,201,pair_shuffled,10000,16,0.10547488927841187,9a84536d0ebc5cfe7c467fbf8e59051a9b81c99eedb1a41b9d091990b879136e,e17494764a0b70d71507941c0870a216154a356e6eed2a4bcdcd75a1fdd00e85,False,0.04410693421959877,0.048795437440276146,0.048795437440276146,-0.004688503220677376,46263.8125,0.00771574351670991,0.5442,26,0.4683236703814966,0.42134659080848724,0.4151701814463961,3,42f10a5d262c74591a42b8d36b620f73c8c0f21e36a9eab14a7997f396fc1e40,ae9bae7b7f7a637e643715b9ebf457a447973061f4f0d32756b5d7e87775b615,d8e903f263075d5dcc05192d6a774f6a47b0f5a92ad57ea7431dafc0a07b7c4a,completed
present80_projected_geometry_full,present80_rkmp_controls_v1,present80_rkmp_controls_v1,analysis,PRESENT-80,8,1,202,D0_vs_D0,10000,16,0.10502352565526962,4d1880480b04d64be4a6e21ce0c4d71f5be40fd916609fa3779b11641be5cc91,e17494764a0b70d71507941c0870a216154a356e6eed2a4bcdcd75a1fdd00e85,False,0.042504534125328064,0.048850568011403084,0.048850568011403084,-0.00634603388607502,38399.953125,2.9975498425236332e-05,0.5057,77,0.19758010449996724,0.003769214849117642,0.002562816656139384,3,b5b516235b417515b144e491d55905572c819471b0af9df7ee5f05a2d3eb24f5,ae9bae7b7f7a637e643715b9ebf457a447973061f4f0d32756b5d7e87775b615,43f5b9266df6dc9ccc6728a00ab71311b93be22183459eab63bc8a7f98eb0f5e,completed
present80_projected_geometry_full,present80_rkmp_controls_v1,present80_rkmp_controls_v1,analysis,PRESENT-80,8,1,202,D1_vs_D0,10000,16,0.10502352565526962,4d1880480b04d64be4a6e21ce0c4d71f5be40fd916609fa3779b11641be5cc91,e17494764a0b70d71507941c0870a216154a356e6eed2a4bcdcd75a1fdd00e85,False,0.04487791657447815,0.048850568011403084,0.048850568011403084,-0.003972651436924934,48171.52734375,0.009310861115232567,0.5485,88,0.8156868407735193,0.8074413289345553,0.7895641798663054,3,b5b516235b417515b144e491d55905572c819471b0af9df7ee5f05a2d3eb24f5,ae9bae7b7f7a637e643715b9ebf457a447973061f4f0d32756b5d7e87775b615,43f5b9266df6dc9ccc6728a00ab71311b93be22183459eab63bc8a7f98eb0f5e,completed
present80_projected_geometry_full,present80_rkmp_controls_v1,present80_rkmp_controls_v1,analysis,PRESENT-80,8,1,202,D1_vs_D1,10000,16,0.10502352565526962,4d1880480b04d64be4a6e21ce0c4d71f5be40fd916609fa3779b11641be5cc91,e17494764a0b70d71507941c0870a216154a356e6eed2a4bcdcd75a1fdd00e85,False,0.055196601897478104,0.048850568011403084,0.048850568011403084,0.00634603388607502,40047.2109375,0.00017698369011141872,0.5083,34,0.9764145795199797,0.9753463867826258,0.9678526298239019,3,b5b516235b417515b144e491d55905572c819471b0af9df7ee5f05a2d3eb24f5,ae9bae7b7f7a637e643715b9ebf457a447973061f4f0d32756b5d7e87775b615,43f5b9266df6dc9ccc6728a00ab71311b93be22183459eab63bc8a7f98eb0f5e,completed
present80_projected_geometry_full,present80_rkmp_controls_v1,present80_rkmp_controls_v1,analysis,PRESENT-80,8,1,202,pair_shuffled,10000,16,0.10502352565526962,4d1880480b04d64be4a6e21ce0c4d71f5be40fd916609fa3779b11641be5cc91,e17494764a0b70d71507941c0870a216154a356e6eed2a4bcdcd75a1fdd00e85,False,0.04456932842731476,0.048850568011403084,0.048850568011403084,-0.0042812395840883255,45888.6640625,0.010387164371402437,0.5512,51,0.6934845317923908,0.6089730450913565,0.6021259864687801,3,b5b516235b417515b144e491d55905572c819471b0af9df7ee5f05a2d3eb24f5,ae9bae7b7f7a637e643715b9ebf457a447973061f4f0d32756b5d7e87775b615,43f5b9266df6dc9ccc6728a00ab71311b93be22183459eab63bc8a7f98eb0f5e,completed
present80_projected_geometry_full,present80_rkmp_controls_v1,present80_rkmp_controls_v1,analysis,PRESENT-80,8,1,203,D0_vs_D0,10000,16,0.1047484278678894,125a2348c0812a0b160950bea2fb53d1a3a1d1977f27eb73f16b3fb4bed5cf15,e17494764a0b70d71507941c0870a216154a356e6eed2a4bcdcd75a1fdd00e85,False,0.04264575242996216,0.048854244872927666,0.048854244872927666,-0.0062084924429655075,38172.3359375,-2.945280255627005e-05,0.5042,36,0.47239257584701483,0.49275328249614014,0.33586977327783163,3,3c44df424135d2c9fa3085601be3a390eb0e1b5c16b9229b29d6bfd65d689f76,ae9bae7b7f7a637e643715b9ebf457a447973061f4f0d32756b5d7e87775b615,8dd97514d7ab8ac111d45330c328c65f8cf992c2e60e6ced48ab02c446baa9bf,completed
present80_projected_geometry_full,present80_rkmp_controls_v1,present80_rkmp_controls_v1,analysis,PRESENT-80,8,1,203,D1_vs_D0,10000,16,0.1047484278678894,125a2348c0812a0b160950bea2fb53d1a3a1d1977f27eb73f16b3fb4bed5cf15,e17494764a0b70d71507941c0870a216154a356e6eed2a4bcdcd75a1fdd00e85,False,0.043457191437482834,0.048854244872927666,0.048854244872927666,-0.005397053435444832,48090.609375,0.0032646753597888284,0.529,65,0.7213596937516821,0.7409475173712003,0.6596312656405059,3,3c44df424135d2c9fa3085601be3a390eb0e1b5c16b9229b29d6bfd65d689f76,ae9bae7b7f7a637e643715b9ebf457a447973061f4f0d32756b5d7e87775b615,8dd97514d7ab8ac111d45330c328c65f8cf992c2e60e6ced48ab02c446baa9bf,completed
present80_projected_geometry_full,present80_rkmp_controls_v1,present80_rkmp_controls_v1,analysis,PRESENT-80,8,1,203,D1_vs_D1,10000,16,0.1047484278678894,125a2348c0812a0b160950bea2fb53d1a3a1d1977f27eb73f16b3fb4bed5cf15,e17494764a0b70d71507941c0870a216154a356e6eed2a4bcdcd75a1fdd00e85,False,0.05506273731589317,0.048854244872927666,0.048854244872927666,0.0062084924429655075,39796.1875,2.2719000573579203e-05,0.5055,23,0.9363407444845798,0.9435963525875232,0.908174788633497,3,3c44df424135d2c9fa3085601be3a390eb0e1b5c16b9229b29d6bfd65d689f76,ae9bae7b7f7a637e643715b9ebf457a447973061f4f0d32756b5d7e87775b615,8dd97514d7ab8ac111d45330c328c65f8cf992c2e60e6ced48ab02c446baa9bf,completed
present80_projected_geometry_full,present80_rkmp_controls_v1,present80_rkmp_controls_v1,analysis,PRESENT-80,8,1,203,pair_shuffled,10000,16,0.1047484278678894,125a2348c0812a0b160950bea2fb53d1a3a1d1977f27eb73f16b3fb4bed5cf15,e17494764a0b70d71507941c0870a216154a356e6eed2a4bcdcd75a1fdd00e85,False,0.04398825392127037,0.048854244872927666,0.048854244872927666,-0.004865990951657295,45815.25390625,0.007435590020919174,0.5434,41,0.6491245419137468,0.6208994667436419,0.620582100632451,3,3c44df424135d2c9fa3085601be3a390eb0e1b5c16b9229b29d6bfd65d689f76,ae9bae7b7f7a637e643715b9ebf457a447973061f4f0d32756b5d7e87775b615,8dd97514d7ab8ac111d45330c328c65f8cf992c2e60e6ced48ab02c446baa9bf,completed
present80_projected_geometry_full,present80_rkmp_controls_v1,present80_rkmp_controls_v1,analysis,PRESENT-80,8,2,201,D0_vs_D0,10000,16,0.05839405953884125,13c7bf4e9d38f3b7e388de8fec84f616099efa8c154cbd09a13b714a57e38003,e17494764a0b70d71507941c0870a216154a356e6eed2a4bcdcd75a1fdd00e85,,0.04232009872794151,0.04621349833905697,0.04621349833905697,-0.0038933996111154556,38503.0390625,-5.1002103757928245e-05,0.5035,27,0.1779140074714096,0.014301417471453947,-6.400375027802977e-05,3,421dedccfbb804b968e2c2c6b1efc0b1e502d8cfe328588cac4d754f80eb8408,ae9bae7b7f7a637e643715b9ebf457a447973061f4f0d32756b5d7e87775b615,b5ec4ef4f09db68b6a0f8c32fdac2aced4983aa2a6f8a4f24531fcc1ea569adb,completed
present80_projected_geometry_full,present80_rkmp_controls_v1,present80_rkmp_controls_v1,analysis,PRESENT-80,8,2,201,D1_vs_D0,10000,16,0.05839405953884125,13c7bf4e9d38f3b7e388de8fec84f616099efa8c154cbd09a13b714a57e38003,e17494764a0b70d71507941c0870a216154a356e6eed2a4bcdcd75a1fdd00e85,,0.04257268086075783,0.04621349833905697,0.04621349833905697,-0.003640817478299141,53667.06640625,0.015929356812207033,0.5633,47,0.1481768744380787,0.10697024487938225,0.07076943223665051,3,421dedccfbb804b968e2c2c6b1efc0b1e502d8cfe328588cac4d754f80eb8408,ae9bae7b7f7a637e643715b9ebf457a447973061f4f0d32756b5d7e87775b615,b5ec4ef4f09db68b6a0f8c32fdac2aced4983aa2a6f8a4f24531fcc1ea569adb,completed
present80_projected_geometry_full,present80_rkmp_controls_v1,present80_rkmp_controls_v1,analysis,PRESENT-80,8,2,201,D1_vs_D1,10000,16,0.05839405953884125,13c7bf4e9d38f3b7e388de8fec84f616099efa8c154cbd09a13b714a57e38003,e17494764a0b70d71507941c0870a216154a356e6eed2a4bcdcd75a1fdd00e85,,0.050106897950172424,0.04621349833905697,0.04621349833905697,0.0038933996111154556,40825.0078125,-3.2246080219909006e-05,0.5041,16,0.9165914127000591,0.9231258998058288,0.8888572929503739,3,421dedccfbb804b968e2c2c6b1efc0b1e502d8cfe328588cac4d754f80eb8408,ae9bae7b7f7a637e643715b9ebf457a447973061f4f0d32756b5d7e87775b615,b5ec4ef4f09db68b6a0f8c32fdac2aced4983aa2a6f8a4f24531fcc1ea569adb,completed
present80_projected_geometry_full,present80_rkmp_controls_v1,present80_rkmp_controls_v1,analysis,PRESENT-80,8,2,201,pair_shuffled,10000,16,0.05839405953884125,13c7bf4e9d38f3b7e388de8fec84f616099efa8c154cbd09a13b714a57e38003,e17494764a0b70d71507941c0870a216154a356e6eed2a4bcdcd75a1fdd00e85,,0.044497594237327576,0.04621349833905697,0.04621349833905697,-0.001715904101729393,47289.2890625,0.021747051416776485,0.5739000000000001,53,0.7942365697699222,0.796714422360852,0.7835574014942023,3,421dedccfbb804b968e2c2c6b1efc0b1e502d8cfe328588cac4d754f80eb8408,ae9bae7b7f7a637e643715b9ebf457a447973061f4f0d32756b5d7e87775b615,b5ec4ef4f09db68b6a0f8c32fdac2aced4983aa2a6f8a4f24531fcc1ea569adb,completed
present80_projected_geometry_full,present80_rkmp_controls_v1,present80_rkmp_controls_v1,analysis,PRESENT-80,8,2,202,D0_vs_D0,10000,16,0.058098312467336655,5fbeee283759cf10588fb5fbbe688c4d4438908f31cd57147bf637569092374c,e17494764a0b70d71507941c0870a216154a356e6eed2a4bcdcd75a1fdd00e85,,0.04299936071038246,0.047103116288781166,0.047103116288781166,-0.0041037555783987045,38252.4453125,0.0001958503699204374,0.5085999999999999,67,0.522617517190517,0.42687425533019885,0.41441987975854216,3,df79f6a8a4d84e6a3a7d3fa46305e3864db9e06edfc18af04577fd58f7d07f91,ae9bae7b7f7a637e643715b9ebf457a447973061f4f0d32756b5d7e87775b615,7f7adbb3a3330575cc62339171254ab51db70d002247ed00cbd6ea76911b60fe,completed
present80_projected_geometry_full,present80_rkmp_controls_v1,present80_rkmp_controls_v1,analysis,PRESENT-80,8,2,202,D1_vs_D0,10000,16,0.058098312467336655,5fbeee283759cf10588fb5fbbe688c4d4438908f31cd57147bf637569092374c,e17494764a0b70d71507941c0870a216154a356e6eed2a4bcdcd75a1fdd00e85,,0.04283018037676811,0.047103116288781166,0.047103116288781166,-0.004272935912013054,53392.234375,0.015576951792120116,0.5626,68,0.3956932982233015,0.34238620274775305,0.29891593531971256,3,df79f6a8a4d84e6a3a7d3fa46305e3864db9e06edfc18af04577fd58f7d07f91,ae9bae7b7f7a637e643715b9ebf457a447973061f4f0d32756b5d7e87775b615,7f7adbb3a3330575cc62339171254ab51db70d002247ed00cbd6ea76911b60fe,completed
present80_projected_geometry_full,present80_rkmp_controls_v1,present80_rkmp_controls_v1,analysis,PRESENT-80,8,2,202,D1_vs_D1,10000,16,0.058098312467336655,5fbeee283759cf10588fb5fbbe688c4d4438908f31cd57147bf637569092374c,e17494764a0b70d71507941c0870a216154a356e6eed2a4bcdcd75a1fdd00e85,,0.05120687186717987,0.047103116288781166,0.047103116288781166,0.0041037555783987045,40436.75390625,5.436386369776488e-05,0.5062,30,0.9108984270654469,0.9162203988444292,0.8960373427507353,3,df79f6a8a4d84e6a3a7d3fa46305e3864db9e06edfc18af04577fd58f7d07f91,ae9bae7b7f7a637e643715b9ebf457a447973061f4f0d32756b5d7e87775b615,7f7adbb3a3330575cc62339171254ab51db70d002247ed00cbd6ea76911b60fe,completed
present80_projected_geometry_full,present80_rkmp_controls_v1,present80_rkmp_controls_v1,analysis,PRESENT-80,8,2,202,pair_shuffled,10000,16,0.058098312467336655,5fbeee283759cf10588fb5fbbe688c4d4438908f31cd57147bf637569092374c,e17494764a0b70d71507941c0870a216154a356e6eed2a4bcdcd75a1fdd00e85,,0.044092997908592224,0.047103116288781166,0.047103116288781166,-0.003010118380188942,47188.046875,0.023311689645515353,0.5765,73,0.654981437613677,0.6136752460047603,0.5891659871771847,3,df79f6a8a4d84e6a3a7d3fa46305e3864db9e06edfc18af04577fd58f7d07f91,ae9bae7b7f7a637e643715b9ebf457a447973061f4f0d32756b5d7e87775b615,7f7adbb3a3330575cc62339171254ab51db70d002247ed00cbd6ea76911b60fe,completed
present80_projected_geometry_full,present80_rkmp_controls_v1,present80_rkmp_controls_v1,analysis,PRESENT-80,8,2,203,D0_vs_D0,10000,16,0.05816368758678436,c088e0530b361e4516b30b2898573f828b6040cf4b7f92894a99779c7fd498ea,e17494764a0b70d71507941c0870a216154a356e6eed2a4bcdcd75a1fdd00e85,,0.04265974834561348,0.046667080372571945,0.046667080372571945,-0.004007332026958466,38319.61328125,-9.213594320247105e-05,0.5014,62,0.10554488598414058,0.003719608174413907,0.000949882906301031,3,7787daaa1c2ffc2fa80f5ecf37f79804d771cdd34c0e62ef30e88a6f50186ddf,ae9bae7b7f7a637e643715b9ebf457a447973061f4f0d32756b5d7e87775b615,f7e38775d890830fce3b766febe6e424b49abcc80fe56c8cbd9638f82aba9d8d,completed
present80_projected_geometry_full,present80_rkmp_controls_v1,present80_rkmp_controls_v1,analysis,PRESENT-80,8,2,203,D1_vs_D0,10000,16,0.05816368758678436,c088e0530b361e4516b30b2898573f828b6040cf4b7f92894a99779c7fd498ea,e17494764a0b70d71507941c0870a216154a356e6eed2a4bcdcd75a1fdd00e85,,0.04281695932149887,0.046667080372571945,0.046667080372571945,-0.0038501210510730743,53422.65625,0.016388322213070468,0.5642,71,0.5509975372840682,0.4790887630918565,0.43845272119577994,3,7787daaa1c2ffc2fa80f5ecf37f79804d771cdd34c0e62ef30e88a6f50186ddf,ae9bae7b7f7a637e643715b9ebf457a447973061f4f0d32756b5d7e87775b615,f7e38775d890830fce3b766febe6e424b49abcc80fe56c8cbd9638f82aba9d8d,completed
present80_projected_geometry_full,present80_rkmp_controls_v1,present80_rkmp_controls_v1,analysis,PRESENT-80,8,2,203,D1_vs_D1,10000,16,0.05816368758678436,c088e0530b361e4516b30b2898573f828b6040cf4b7f92894a99779c7fd498ea,e17494764a0b70d71507941c0870a216154a356e6eed2a4bcdcd75a1fdd00e85,,0.05067441239953041,0.046667080372571945,0.046667080372571945,0.004007332026958466,40266.1171875,-3.689440851806426e-06,0.5049,25,0.9399545151911921,0.9498397844259721,0.9135444129333462,3,7787daaa1c2ffc2fa80f5ecf37f79804d771cdd34c0e62ef30e88a6f50186ddf,ae9bae7b7f7a637e643715b9ebf457a447973061f4f0d32756b5d7e87775b615,f7e38775d890830fce3b766febe6e424b49abcc80fe56c8cbd9638f82aba9d8d,completed
present80_projected_geometry_full,present80_rkmp_controls_v1,present80_rkmp_controls_v1,analysis,PRESENT-80,8,2,203,pair_shuffled,10000,16,0.05816368758678436,c088e0530b361e4516b30b2898573f828b6040cf4b7f92894a99779c7fd498ea,e17494764a0b70d71507941c0870a216154a356e6eed2a4bcdcd75a1fdd00e85,,0.04394301772117615,0.046667080372571945,0.046667080372571945,-0.0027240626513957977,47324.453125,0.02246255945023699,0.5751,52,0.6401215180884005,0.5885539721250665,0.5247073552538177,3,7787daaa1c2ffc2fa80f5ecf37f79804d771cdd34c0e62ef30e88a6f50186ddf,ae9bae7b7f7a637e643715b9ebf457a447973061f4f0d32756b5d7e87775b615,f7e38775d890830fce3b766febe6e424b49abcc80fe56c8cbd9638f82aba9d8d,completed
present80_projected_geometry_full,present80_rkmp_controls_v1,present80_rkmp_controls_v1,analysis,PRESENT-80,8,4,201,D0_vs_D0,10000,16,0.03326902166008949,9503d9f2acf89776edb1d702faf3237ffaa89514887f44e2bad741d47682f94d,e17494764a0b70d71507941c0870a216154a356e6eed2a4bcdcd75a1fdd00e85,,0.043477363884449005,0.047033026814460754,0.047033026814460754,-0.0035556629300117493,38324.40234375,0.0003410241088204,0.5105,52,0.4867778905217259,0.4310666613061115,0.36017608573632176,3,043d77f92f9b43bf687e48c4e3927cf0a385e0c889f8ceb76bc94f2f94cd1b58,ae9bae7b7f7a637e643715b9ebf457a447973061f4f0d32756b5d7e87775b615,363e4d85515debf248096958c8eef8388d049ff9510d7bba6d0bac20c60c2dea,completed
present80_projected_geometry_full,present80_rkmp_controls_v1,present80_rkmp_controls_v1,analysis,PRESENT-80,8,4,201,D1_vs_D0,10000,16,0.03326902166008949,9503d9f2acf89776edb1d702faf3237ffaa89514887f44e2bad741d47682f94d,e17494764a0b70d71507941c0870a216154a356e6eed2a4bcdcd75a1fdd00e85,,0.04181459918618202,0.047033026814460754,0.047033026814460754,-0.005218427628278732,61173.44921875,0.03158717508144763,0.589,57,0.20410378147664324,0.2590053730557464,0.06907538309055225,3,043d77f92f9b43bf687e48c4e3927cf0a385e0c889f8ceb76bc94f2f94cd1b58,ae9bae7b7f7a637e643715b9ebf457a447973061f4f0d32756b5d7e87775b615,363e4d85515debf248096958c8eef8388d049ff9510d7bba6d0bac20c60c2dea,completed
present80_projected_geometry_full,present80_rkmp_controls_v1,present80_rkmp_controls_v1,analysis,PRESENT-80,8,4,201,D1_vs_D1,10000,16,0.03326902166008949,9503d9f2acf89776edb1d702faf3237ffaa89514887f44e2bad741d47682f94d,e17494764a0b70d71507941c0870a216154a356e6eed2a4bcdcd75a1fdd00e85,,0.050588689744472504,0.047033026814460754,0.047033026814460754,0.0035556629300117493,40455.99609375,-4.800172003702174e-05,0.5036,22,0.9322594667605979,0.9177555657103453,0.9143096217323556,3,043d77f92f9b43bf687e48c4e3927cf0a385e0c889f8ceb76bc94f2f94cd1b58,ae9bae7b7f7a637e643715b9ebf457a447973061f4f0d32756b5d7e87775b615,363e4d85515debf248096958c8eef8388d049ff9510d7bba6d0bac20c60c2dea,completed
present80_projected_geometry_full,present80_rkmp_controls_v1,present80_rkmp_controls_v1,analysis,PRESENT-80,8,4,201,pair_shuffled,10000,16,0.03326902166008949,9503d9f2acf89776edb1d702faf3237ffaa89514887f44e2bad741d47682f94d,e17494764a0b70d71507941c0870a216154a356e6eed2a4bcdcd75a1fdd00e85,,0.04453684762120247,0.047033026814460754,0.047033026814460754,-0.0024961791932582855,50491.16015625,0.04708071639688776,0.6086,31,0.9601617281028677,0.9635348147909013,0.9463343474412598,3,043d77f92f9b43bf687e48c4e3927cf0a385e0c889f8ceb76bc94f2f94cd1b58,ae9bae7b7f7a637e643715b9ebf457a447973061f4f0d32756b5d7e87775b615,363e4d85515debf248096958c8eef8388d049ff9510d7bba6d0bac20c60c2dea,completed
present80_projected_geometry_full,present80_rkmp_controls_v1,present80_rkmp_controls_v1,analysis,PRESENT-80,8,4,202,D0_vs_D0,10000,16,0.03342122212052345,912833222b4a9e84a3f419cd6e58f30fac1c298263b3a3e9ab7ed21007bdc8e8,e17494764a0b70d71507941c0870a216154a356e6eed2a4bcdcd75a1fdd00e85,,0.04297672584652901,0.04569323547184467,0.04569323547184467,-0.002716509625315666,38308.3984375,-9.803848560733311e-05,0.5007,46,0.16682065336346844,0.12087692769276928,0.014590899089908991,3,9db2b268819e0bf09b59656969fd8024bfa020767a58b995885b4da0c4127c61,ae9bae7b7f7a637e643715b9ebf457a447973061f4f0d32756b5d7e87775b615,bcf667e343e555839cbefce0ae14455e7d037ead13be3cfd284d80f6cc2cdcfe,completed
present80_projected_geometry_full,present80_rkmp_controls_v1,present80_rkmp_controls_v1,analysis,PRESENT-80,8,4,202,D1_vs_D0,10000,16,0.03342122212052345,912833222b4a9e84a3f419cd6e58f30fac1c298263b3a3e9ab7ed21007bdc8e8,e17494764a0b70d71507941c0870a216154a356e6eed2a4bcdcd75a1fdd00e85,,0.041688453406095505,0.04569323547184467,0.04569323547184467,-0.004004782065749168,61466.4921875,0.027458754138950672,0.583,77,0.32765664655442245,0.3257446409249425,0.1910628879582294,3,9db2b268819e0bf09b59656969fd8024bfa020767a58b995885b4da0c4127c61,ae9bae7b7f7a637e643715b9ebf457a447973061f4f0d32756b5d7e87775b615,bcf667e343e555839cbefce0ae14455e7d037ead13be3cfd284d80f6cc2cdcfe,completed
present80_projected_geometry_full,present80_rkmp_controls_v1,present80_rkmp_controls_v1,analysis,PRESENT-80,8,4,202,D1_vs_D1,10000,16,0.03342122212052345,912833222b4a9e84a3f419cd6e58f30fac1c298263b3a3e9ab7ed21007bdc8e8,e17494764a0b70d71507941c0870a216154a356e6eed2a4bcdcd75a1fdd00e85,,0.04840974509716034,0.04569323547184467,0.04569323547184467,0.002716509625315666,40424.5390625,-5.096580664953109e-05,0.5035000000000001,23,0.8933525928430761,0.8652585473563863,0.8633989450720289,3,9db2b268819e0bf09b59656969fd8024bfa020767a58b995885b4da0c4127c61,ae9bae7b7f7a637e643715b9ebf457a447973061f4f0d32756b5d7e87775b615,bcf667e343e555839cbefce0ae14455e7d037ead13be3cfd284d80f6cc2cdcfe,completed
present80_projected_geometry_full,present80_rkmp_controls_v1,present80_rkmp_controls_v1,analysis,PRESENT-80,8,4,202,pair_shuffled,10000,16,0.03342122212052345,912833222b4a9e84a3f419cd6e58f30fac1c298263b3a3e9ab7ed21007bdc8e8,e17494764a0b70d71507941c0870a216154a356e6eed2a4bcdcd75a1fdd00e85,,0.04297992214560509,0.04569323547184467,0.04569323547184467,-0.002713313326239586,50678.91796875,0.030179024094365743,0.587,88,0.4604602332361405,0.4950024644820639,0.3657196141385062,3,9db2b268819e0bf09b59656969fd8024bfa020767a58b995885b4da0c4127c61,ae9bae7b7f7a637e643715b9ebf457a447973061f4f0d32756b5d7e87775b615,bcf667e343e555839cbefce0ae14455e7d037ead13be3cfd284d80f6cc2cdcfe,completed
present80_projected_geometry_full,present80_rkmp_controls_v1,present80_rkmp_controls_v1,analysis,PRESENT-80,8,4,203,D0_vs_D0,10000,16,0.03334477171301842,3c17fcddc6d9801b71707f45e978c837d6c923e8f498fd9c928c02a2be760f2a,e17494764a0b70d71507941c0870a216154a356e6eed2a4bcdcd75a1fdd00e85,,0.04323814436793327,0.04615271836519241,0.04615271836519241,-0.00291457399725914,38368.51171875,-1.535807940922353e-05,0.5046,88,0.4774786017050005,0.4491129528634669,0.286796042006174,3,d13e0b835a0751cf938cda531693cc2f8d6428dc10f7bc996ae7f5297288d2b9,ae9bae7b7f7a637e643715b9ebf457a447973061f4f0d32756b5d7e87775b615,bad323264724fa2a877062a2b9a8e9ae26571ccb481bf5f543ba0732c4c529ee,completed
present80_projected_geometry_full,present80_rkmp_controls_v1,present80_rkmp_controls_v1,analysis,PRESENT-80,8,4,203,D1_vs_D0,10000,16,0.03334477171301842,3c17fcddc6d9801b71707f45e978c837d6c923e8f498fd9c928c02a2be760f2a,e17494764a0b70d71507941c0870a216154a356e6eed2a4bcdcd75a1fdd00e85,,0.04257930442690849,0.04615271836519241,0.04615271836519241,-0.0035734139382839203,61277.3046875,0.0386342211973597,0.5984,55,0.3350512638685301,0.364269265430217,0.2063994598393141,3,d13e0b835a0751cf938cda531693cc2f8d6428dc10f7bc996ae7f5297288d2b9,ae9bae7b7f7a637e643715b9ebf457a447973061f4f0d32756b5d7e87775b615,bad323264724fa2a877062a2b9a8e9ae26571ccb481bf5f543ba0732c4c529ee,completed
present80_projected_geometry_full,present80_rkmp_controls_v1,present80_rkmp_controls_v1,analysis,PRESENT-80,8,4,203,D1_vs_D1,10000,16,0.03334477171301842,3c17fcddc6d9801b71707f45e978c837d6c923e8f498fd9c928c02a2be760f2a,e17494764a0b70d71507941c0870a216154a356e6eed2a4bcdcd75a1fdd00e85,,0.04906729236245155,0.04615271836519241,0.04615271836519241,0.00291457399725914,40335.1640625,-3.8974955238305465e-05,0.5039,61,0.8926577581555621,0.8764573560237838,0.8648856524002009,3,d13e0b835a0751cf938cda531693cc2f8d6428dc10f7bc996ae7f5297288d2b9,ae9bae7b7f7a637e643715b9ebf457a447973061f4f0d32756b5d7e87775b615,bad323264724fa2a877062a2b9a8e9ae26571ccb481bf5f543ba0732c4c529ee,completed
present80_projected_geometry_full,present80_rkmp_controls_v1,present80_rkmp_controls_v1,analysis,PRESENT-80,8,4,203,pair_shuffled,10000,16,0.03334477171301842,3c17fcddc6d9801b71707f45e978c837d6c923e8f498fd9c928c02a2be760f2a,e17494764a0b70d71507941c0870a216154a356e6eed2a4bcdcd75a1fdd00e85,,0.044277746230363846,0.04615271836519241,0.04615271836519241,-0.0018749721348285675,50528.890625,0.037152815662646256,0.5965,46,0.6522177356964268,0.5739151908052137,0.5226812752607283,3,d13e0b835a0751cf938cda531693cc2f8d6428dc10f7bc996ae7f5297288d2b9,ae9bae7b7f7a637e643715b9ebf457a447973061f4f0d32756b5d7e87775b615,bad323264724fa2a877062a2b9a8e9ae26571ccb481bf5f543ba0732c4c529ee,completed
present80_projected_geometry_full,present80_rkmp_controls_v1,present80_rkmp_controls_v1,analysis,PRESENT-80,8,8,201,D0_vs_D0,10000,16,0.01874380372464657,9dc4e4ea3100682e38e3a71493da20e138c9d5fa04a437fa3337555bbb86908e,e17494764a0b70d71507941c0870a216154a356e6eed2a4bcdcd75a1fdd00e85,,0.042537227272987366,0.0440346896648407,0.0440346896648407,-0.0014974623918533325,38494.4453125,-5.645449083290519e-05,0.5033,61,0.4086532977448924,0.4483090021839052,0.32665922065491393,3,ef39b9ed0d82681797ff84b00a0b239f2269413979cf68efc85905c34ae5393c,ae9bae7b7f7a637e643715b9ebf457a447973061f4f0d32756b5d7e87775b615,d8457cd5a4db2b23b1cab56afb9acb4d5f1bcd5c8b9c822a7bb4e4584659eaf3,completed
present80_projected_geometry_full,present80_rkmp_controls_v1,present80_rkmp_controls_v1,analysis,PRESENT-80,8,8,201,D1_vs_D0,10000,16,0.01874380372464657,9dc4e4ea3100682e38e3a71493da20e138c9d5fa04a437fa3337555bbb86908e,e17494764a0b70d71507941c0870a216154a356e6eed2a4bcdcd75a1fdd00e85,,0.04275264963507652,0.0440346896648407,0.0440346896648407,-0.0012820400297641754,69188.65625,0.05234627704513628,0.6145,78,0.5253301397791339,0.5451885445006192,0.4224420020104702,3,ef39b9ed0d82681797ff84b00a0b239f2269413979cf68efc85905c34ae5393c,ae9bae7b7f7a637e643715b9ebf457a447973061f4f0d32756b5d7e87775b615,d8457cd5a4db2b23b1cab56afb9acb4d5f1bcd5c8b9c822a7bb4e4584659eaf3,completed
present80_projected_geometry_full,present80_rkmp_controls_v1,present80_rkmp_controls_v1,analysis,PRESENT-80,8,8,201,D1_vs_D1,10000,16,0.01874380372464657,9dc4e4ea3100682e38e3a71493da20e138c9d5fa04a437fa3337555bbb86908e,e17494764a0b70d71507941c0870a216154a356e6eed2a4bcdcd75a1fdd00e85,,0.04553215205669403,0.0440346896648407,0.0440346896648407,0.0014974623918533325,39371.30078125,-9.669785966243436e-05,0.5009,63,0.8824776616332578,0.9024902079611222,0.8306329508372222,3,ef39b9ed0d82681797ff84b00a0b239f2269413979cf68efc85905c34ae5393c,ae9bae7b7f7a637e643715b9ebf457a447973061f4f0d32756b5d7e87775b615,d8457cd5a4db2b23b1cab56afb9acb4d5f1bcd5c8b9c822a7bb4e4584659eaf3,completed
present80_projected_geometry_full,present80_rkmp_controls_v1,present80_rkmp_controls_v1,analysis,PRESENT-80,8,8,201,pair_shuffled,10000,16,0.01874380372464657,9dc4e4ea3100682e38e3a71493da20e138c9d5fa04a437fa3337555bbb86908e,e17494764a0b70d71507941c0870a216154a356e6eed2a4bcdcd75a1fdd00e85,,0.04574697092175484,0.0440346896648407,0.0440346896648407,0.0017122812569141388,54057.0234375,0.05400826202338232,0.6163,31,0.8633264486338486,0.8460161848461969,0.8456485372636756,3,ef39b9ed0d82681797ff84b00a0b239f2269413979cf68efc85905c34ae5393c,ae9bae7b7f7a637e643715b9ebf457a447973061f4f0d32756b5d7e87775b615,d8457cd5a4db2b23b1cab56afb9acb4d5f1bcd5c8b9c822a7bb4e4584659eaf3,completed
present80_projected_geometry_full,present80_rkmp_controls_v1,present80_rkmp_controls_v1,analysis,PRESENT-80,8,8,202,D0_vs_D0,10000,16,0.01876961626112461,7c2c85532e4fcfc6b89e3e70c28d485ce9450b9afebf937d61abdf3b4a48cafd,e17494764a0b70d71507941c0870a216154a356e6eed2a4bcdcd75a1fdd00e85,,0.04291882365942001,0.04445693641901016,0.04445693641901016,-0.001538112759590149,38365.08984375,0.00027638148323423645,0.5097,42,0.5745786579165744,0.5790788995106039,0.4517980264123761,3,7f8448c89a6dba77d8e91125cdcb20b3f201829811067b0f2786a3d08bbe8196,ae9bae7b7f7a637e643715b9ebf457a447973061f4f0d32756b5d7e87775b615,a410870529f3e73ba6e9fd2b11932e64207487a7478f28bd6db52ecc8a6d8373,completed
present80_projected_geometry_full,present80_rkmp_controls_v1,present80_rkmp_controls_v1,analysis,PRESENT-80,8,8,202,D1_vs_D0,10000,16,0.01876961626112461,7c2c85532e4fcfc6b89e3e70c28d485ce9450b9afebf937d61abdf3b4a48cafd,e17494764a0b70d71507941c0870a216154a356e6eed2a4bcdcd75a1fdd00e85,,0.04314931109547615,0.04445693641901016,0.04445693641901016,-0.0013076253235340118,69242.0703125,0.06544269050824962,0.628,40,0.6600915079579451,0.6812526523201028,0.5618551092528171,3,7f8448c89a6dba77d8e91125cdcb20b3f201829811067b0f2786a3d08bbe8196,ae9bae7b7f7a637e643715b9ebf457a447973061f4f0d32756b5d7e87775b615,a410870529f3e73ba6e9fd2b11932e64207487a7478f28bd6db52ecc8a6d8373,completed
present80_projected_geometry_full,present80_rkmp_controls_v1,present80_rkmp_controls_v1,analysis,PRESENT-80,8,8,202,D1_vs_D1,10000,16,0.01876961626112461,7c2c85532e4fcfc6b89e3e70c28d485ce9450b9afebf937d61abdf3b4a48cafd,e17494764a0b70d71507941c0870a216154a356e6eed2a4bcdcd75a1fdd00e85,,0.04599504917860031,0.04445693641901016,0.04445693641901016,0.001538112759590149,39123.4921875,-9.51478265506464e-05,0.5011,29,0.8099031673153417,0.811421739542954,0.7354513176091207,3,7f8448c89a6dba77d8e91125cdcb20b3f201829811067b0f2786a3d08bbe8196,ae9bae7b7f7a637e643715b9ebf457a447973061f4f0d32756b5d7e87775b615,a410870529f3e73ba6e9fd2b11932e64207487a7478f28bd6db52ecc8a6d8373,completed
present80_projected_geometry_full,present80_rkmp_controls_v1,present80_rkmp_controls_v1,analysis,PRESENT-80,8,8,202,pair_shuffled,10000,16,0.01876961626112461,7c2c85532e4fcfc6b89e3e70c28d485ce9450b9afebf937d61abdf3b4a48cafd,e17494764a0b70d71507941c0870a216154a356e6eed2a4bcdcd75a1fdd00e85,,0.04680117219686508,0.04445693641901016,0.04445693641901016,0.0023442357778549194,54356.375,0.0740003864538258,0.6361,47,0.8544564997673524,0.8641422485603827,0.8186447432213139,3,7f8448c89a6dba77d8e91125cdcb20b3f201829811067b0f2786a3d08bbe8196,ae9bae7b7f7a637e643715b9ebf457a447973061f4f0d32756b5d7e87775b615,a410870529f3e73ba6e9fd2b11932e64207487a7478f28bd6db52ecc8a6d8373,completed
present80_projected_geometry_full,present80_rkmp_controls_v1,present80_rkmp_controls_v1,analysis,PRESENT-80,8,8,203,D0_vs_D0,10000,16,0.01869707740843296,9b16adade89370a14f902d93f29d61155f9a3552b4b920201d40f5c09b1c3d11,e17494764a0b70d71507941c0870a216154a356e6eed2a4bcdcd75a1fdd00e85,,0.04255208000540733,0.04406506009399891,0.04406506009399891,-0.0015129800885915756,38221.35546875,-8.84574033529381e-05,0.5017,51,0.15861924467556682,0.03615577287541442,0.00018901145466601387,3,a064eef058ebbdd0c3829fd9bd20525f730f22d3b1c939bf1071854dddeeb981,ae9bae7b7f7a637e643715b9ebf457a447973061f4f0d32756b5d7e87775b615,83b66fc6b8c0ea37d4514dfd0d2b5b153e795ade826463f0b5feabda613f9c25,completed
present80_projected_geometry_full,present80_rkmp_controls_v1,present80_rkmp_controls_v1,analysis,PRESENT-80,8,8,203,D1_vs_D0,10000,16,0.01869707740843296,9b16adade89370a14f902d93f29d61155f9a3552b4b920201d40f5c09b1c3d11,e17494764a0b70d71507941c0870a216154a356e6eed2a4bcdcd75a1fdd00e85,,0.04256759211421013,0.04406506009399891,0.04406506009399891,-0.0014974679797887802,69044.1796875,0.03244741742181923,0.5902000000000001,46,0.44433036731376063,0.38409048700277043,0.37619710100321196,3,a064eef058ebbdd0c3829fd9bd20525f730f22d3b1c939bf1071854dddeeb981,ae9bae7b7f7a637e643715b9ebf457a447973061f4f0d32756b5d7e87775b615,83b66fc6b8c0ea37d4514dfd0d2b5b153e795ade826463f0b5feabda613f9c25,completed
present80_projected_geometry_full,present80_rkmp_controls_v1,present80_rkmp_controls_v1,analysis,PRESENT-80,8,8,203,D1_vs_D1,10000,16,0.01869707740843296,9b16adade89370a14f902d93f29d61155f9a3552b4b920201d40f5c09b1c3d11,e17494764a0b70d71507941c0870a216154a356e6eed2a4bcdcd75a1fdd00e85,,0.045578040182590485,0.04406506009399891,0.04406506009399891,0.0015129800885915756,39487.05859375,-9.676479151805646e-05,0.5009,23,0.8691083197596284,0.8405062804749635,0.8255365112296112,3,a064eef058ebbdd0c3829fd9bd20525f730f22d3b1c939bf1071854dddeeb981,ae9bae7b7f7a637e643715b9ebf457a447973061f4f0d32756b5d7e87775b615,83b66fc6b8c0ea37d4514dfd0d2b5b153e795ade826463f0b5feabda613f9c25,completed
present80_projected_geometry_full,present80_rkmp_controls_v1,present80_rkmp_controls_v1,analysis,PRESENT-80,8,8,203,pair_shuffled,10000,16,0.01869707740843296,9b16adade89370a14f902d93f29d61155f9a3552b4b920201d40f5c09b1c3d11,e17494764a0b70d71507941c0870a216154a356e6eed2a4bcdcd75a1fdd00e85,,0.045747797936201096,0.04406506009399891,0.04406506009399891,0.0016827378422021866,53892.91796875,0.059833423517264166,0.6224,64,0.6502153674605791,0.6667979856292782,0.5681653843397503,3,a064eef058ebbdd0c3829fd9bd20525f730f22d3b1c939bf1071854dddeeb981,ae9bae7b7f7a637e643715b9ebf457a447973061f4f0d32756b5d7e87775b615,83b66fc6b8c0ea37d4514dfd0d2b5b153e795ade826463f0b5feabda613f9c25,completed
present80_projected_geometry_full,present80_rkmp_controls_v1,present80_rkmp_controls_v1,analysis,PRESENT-80,8,16,201,D0_vs_D0,10000,16,0.011678142473101616,00f7e1acd6c6c66a7babc3f67cf07c915892544f9fad604cd4ee723a48cdb8ce,e17494764a0b70d71507941c0870a216154a356e6eed2a4bcdcd75a1fdd00e85,,0.04273165762424469,0.04459824413061142,0.04459824413061142,-0.0018665865063667297,38241.359375,-9.997996398919856e-05,0.5001,66,0.6496041856315337,0.5163375920241124,0.5120345609761849,3,51231667276b9bf24aa174d7bc5e4fc55bbf50581c51840b67609ee1241d3520,ae9bae7b7f7a637e643715b9ebf457a447973061f4f0d32756b5d7e87775b615,aac44642c8eb34c045028b922f8dd76fd833529441de722c9b0e24370a9e6a44,completed
present80_projected_geometry_full,present80_rkmp_controls_v1,present80_rkmp_controls_v1,analysis,PRESENT-80,8,16,201,D1_vs_D0,10000,16,0.011678142473101616,00f7e1acd6c6c66a7babc3f67cf07c915892544f9fad604cd4ee723a48cdb8ce,e17494764a0b70d71507941c0870a216154a356e6eed2a4bcdcd75a1fdd00e85,,0.04408394172787666,0.04459824413061142,0.04459824413061142,-0.0005143024027347565,86116.6171875,0.12607975503794436,0.6776,28,0.8423859043479097,0.8248092354545848,0.8078218063474331,3,51231667276b9bf24aa174d7bc5e4fc55bbf50581c51840b67609ee1241d3520,ae9bae7b7f7a637e643715b9ebf457a447973061f4f0d32756b5d7e87775b615,aac44642c8eb34c045028b922f8dd76fd833529441de722c9b0e24370a9e6a44,completed
present80_projected_geometry_full,present80_rkmp_controls_v1,present80_rkmp_controls_v1,analysis,PRESENT-80,8,16,201,D1_vs_D1,10000,16,0.011678142473101616,00f7e1acd6c6c66a7babc3f67cf07c915892544f9fad604cd4ee723a48cdb8ce,e17494764a0b70d71507941c0870a216154a356e6eed2a4bcdcd75a1fdd00e85,,0.04646483063697815,0.04459824413061142,0.04459824413061142,0.0018665865063667297,39204.5703125,-5.904424015933985e-05,0.5032,55,0.9173823243985298,0.9112522850949378,0.8933923788657454,3,51231667276b9bf24aa174d7bc5e4fc55bbf50581c51840b67609ee1241d3520,ae9bae7b7f7a637e643715b9ebf457a447973061f4f0d32756b5d7e87775b615,aac44642c8eb34c045028b922f8dd76fd833529441de722c9b0e24370a9e6a44,completed
present80_projected_geometry_full,present80_rkmp_controls_v1,present80_rkmp_controls_v1,analysis,PRESENT-80,8,16,201,pair_shuffled,10000,16,0.011678142473101616,00f7e1acd6c6c66a7babc3f67cf07c915892544f9fad604cd4ee723a48cdb8ce,e17494764a0b70d71507941c0870a216154a356e6eed2a4bcdcd75a1fdd00e85,,0.05407896637916565,0.04459824413061142,0.04459824413061142,0.00948072224855423,62354.875,0.13725887575774853,0.6853,30,0.8730427864226477,0.8708348715109208,0.8247910304349779,3,51231667276b9bf24aa174d7bc5e4fc55bbf50581c51840b67609ee1241d3520,ae9bae7b7f7a637e643715b9ebf457a447973061f4f0d32756b5d7e87775b615,aac44642c8eb34c045028b922f8dd76fd833529441de722c9b0e24370a9e6a44,completed
present80_projected_geometry_full,present80_rkmp_controls_v1,present80_rkmp_controls_v1,analysis,PRESENT-80,8,16,202,D0_vs_D0,10000,16,0.011678910814225674,01b3833d1e53ba0aa68e37813254cd505427f9b7253f49fd2b41caccda6e41e8,e17494764a0b70d71507941c0870a216154a356e6eed2a4bcdcd75a1fdd00e85,,0.04252386465668678,0.04421241208910942,0.04421241208910942,-0.001688547432422638,38510.22265625,0.00013716372074360007,0.5077,66,0.12068944769309438,0.034797869190117243,0.007435137152378299,3,4a773b1bfd6ffffb861e0d81d7130c039757b0aeb807e2157262117838c09426,ae9bae7b7f7a637e643715b9ebf457a447973061f4f0d32756b5d7e87775b615,fd86907a487ab9f112a817240b388efb740d8efce953e769e397bf7b7e556841,completed
present80_projected_geometry_full,present80_rkmp_controls_v1,present80_rkmp_controls_v1,analysis,PRESENT-80,8,16,202,D1_vs_D0,10000,16,0.011678910814225674,01b3833d1e53ba0aa68e37813254cd505427f9b7253f49fd2b41caccda6e41e8,e17494764a0b70d71507941c0870a216154a356e6eed2a4bcdcd75a1fdd00e85,,0.04444153234362602,0.04421241208910942,0.04421241208910942,0.00022912025451660156,86080.8125,0.12908139464084878,0.6797,41,0.9104160919055615,0.9005908863954972,0.9002113114260503,3,4a773b1bfd6ffffb861e0d81d7130c039757b0aeb807e2157262117838c09426,ae9bae7b7f7a637e643715b9ebf457a447973061f4f0d32756b5d7e87775b615,fd86907a487ab9f112a817240b388efb740d8efce953e769e397bf7b7e556841,completed
present80_projected_geometry_full,present80_rkmp_controls_v1,present80_rkmp_controls_v1,analysis,PRESENT-80,8,16,202,D1_vs_D1,10000,16,0.011678910814225674,01b3833d1e53ba0aa68e37813254cd505427f9b7253f49fd2b41caccda6e41e8,e17494764a0b70d71507941c0870a216154a356e6eed2a4bcdcd75a1fdd00e85,,0.04590095952153206,0.04421241208910942,0.04421241208910942,0.001688547432422638,39037.9609375,-8.704616014012099e-05,0.5018,35,0.8449387604942854,0.8656307248808087,0.8024378817234942,3,4a773b1bfd6ffffb861e0d81d7130c039757b0aeb807e2157262117838c09426,ae9bae7b7f7a637e643715b9ebf457a447973061f4f0d32756b5d7e87775b615,fd86907a487ab9f112a817240b388efb740d8efce953e769e397bf7b7e556841,completed
present80_projected_geometry_full,present80_rkmp_controls_v1,present80_rkmp_controls_v1,analysis,PRESENT-80,8,16,202,pair_shuffled,10000,16,0.011678910814225674,01b3833d1e53ba0aa68e37813254cd505427f9b7253f49fd2b41caccda6e41e8,e17494764a0b70d71507941c0870a216154a356e6eed2a4bcdcd75a1fdd00e85,,0.05755079165101051,0.04421241208910942,0.04421241208910942,0.013338379561901093,62129.078125,0.14583975683448336,0.6910000000000001,31,0.8554221813725379,0.8085115379787198,0.7938315587774244,3,4a773b1bfd6ffffb861e0d81d7130c039757b0aeb807e2157262117838c09426,ae9bae7b7f7a637e643715b9ebf457a447973061f4f0d32756b5d7e87775b615,fd86907a487ab9f112a817240b388efb740d8efce953e769e397bf7b7e556841,completed
present80_projected_geometry_full,present80_rkmp_controls_v1,present80_rkmp_controls_v1,analysis,PRESENT-80,8,16,203,D0_vs_D0,10000,16,0.011655203066766262,e1e4d1dd4600d6b768c48c061d3feed00be804bf288448f708d47c4fac150fae,e17494764a0b70d71507941c0870a216154a356e6eed2a4bcdcd75a1fdd00e85,,0.04227142781019211,0.04458182863891125,0.04458182863891125,-0.002310400828719139,38491.0234375,-9.096433188553416e-05,0.5015000000000001,24,0.2899719134521131,0.3075119421407154,0.2533368909619429,3,29ab8f3d0554d4164feb919b9ac4eb4d76e2ff64e8b845b66d35e01c1849d87e,ae9bae7b7f7a637e643715b9ebf457a447973061f4f0d32756b5d7e87775b615,de68e61c01d1fc3989157da032eaefb81e1413cb9d1b27995b626e6daadf69fd,completed
present80_projected_geometry_full,present80_rkmp_controls_v1,present80_rkmp_controls_v1,analysis,PRESENT-80,8,16,203,D1_vs_D0,10000,16,0.011655203066766262,e1e4d1dd4600d6b768c48c061d3feed00be804bf288448f708d47c4fac150fae,e17494764a0b70d71507941c0870a216154a356e6eed2a4bcdcd75a1fdd00e85,,0.043446134775877,0.04458182863891125,0.04458182863891125,-0.0011356938630342484,85991.265625,0.12004367089117543,0.6733,66,0.7833239444965859,0.7733197686476198,0.7416387298780874,3,29ab8f3d0554d4164feb919b9ac4eb4d76e2ff64e8b845b66d35e01c1849d87e,ae9bae7b7f7a637e643715b9ebf457a447973061f4f0d32756b5d7e87775b615,de68e61c01d1fc3989157da032eaefb81e1413cb9d1b27995b626e6daadf69fd,completed
present80_projected_geometry_full,present80_rkmp_controls_v1,present80_rkmp_controls_v1,analysis,PRESENT-80,8,16,203,D1_vs_D1,10000,16,0.011655203066766262,e1e4d1dd4600d6b768c48c061d3feed00be804bf288448f708d47c4fac150fae,e17494764a0b70d71507941c0870a216154a356e6eed2a4bcdcd75a1fdd00e85,,0.046892229467630386,0.04458182863891125,0.04458182863891125,0.002310400828719139,38892.75,-9.993755126930393e-05,0.5001,38,0.9211720902245878,0.9158405860504625,0.9017303350710684,3,29ab8f3d0554d4164feb919b9ac4eb4d76e2ff64e8b845b66d35e01c1849d87e,ae9bae7b7f7a637e643715b9ebf457a447973061f4f0d32756b5d7e87775b615,de68e61c01d1fc3989157da032eaefb81e1413cb9d1b27995b626e6daadf69fd,completed
present80_projected_geometry_full,present80_rkmp_controls_v1,present80_rkmp_controls_v1,analysis,PRESENT-80,8,16,203,pair_shuffled,10000,16,0.011655203066766262,e1e4d1dd4600d6b768c48c061d3feed00be804bf288448f708d47c4fac150fae,e17494764a0b70d71507941c0870a216154a356e6eed2a4bcdcd75a1fdd00e85,,0.05515141785144806,0.04458182863891125,0.04458182863891125,0.010569589212536812,62327.84765625,0.1350442131166525,0.6838,28,0.8352790927878798,0.8426906311533698,0.7870769356050209,3,29ab8f3d0554d4164feb919b9ac4eb4d76e2ff64e8b845b66d35e01c1849d87e,ae9bae7b7f7a637e643715b9ebf457a447973061f4f0d32756b5d7e87775b615,de68e61c01d1fc3989157da032eaefb81e1413cb9d1b27995b626e6daadf69fd,completed
present80_projected_geometry_full,present80_rkmp_controls_v1,present80_rkmp_controls_v1,analysis,PRESENT-80,8,32,201,D0_vs_D0,10000,16,0.007700651418417692,b21bfe905fbc2f0bb2ed71eceaf33728a14e5d3cfd696eebb685f0ae2df24ef3,e17494764a0b70d71507941c0870a216154a356e6eed2a4bcdcd75a1fdd00e85,,0.043144650757312775,0.0452218484133482,0.0452218484133482,-0.0020771976560354233,38378.10546875,-2.9450241968760296e-05,0.5042,33,0.5909485094197889,0.4826953093184921,0.47908875273855794,3,18865bee202c1628763d25e73f0b7a58319d7c01180100ec8370e284f6748cfd,ae9bae7b7f7a637e643715b9ebf457a447973061f4f0d32756b5d7e87775b615,34ebaae00da60d17a8c508a8a10c5b6f5f28e3b46ec6d67cffc0d98645117c97,completed
present80_projected_geometry_full,present80_rkmp_controls_v1,present80_rkmp_controls_v1,analysis,PRESENT-80,8,32,201,D1_vs_D0,10000,16,0.007700651418417692,b21bfe905fbc2f0bb2ed71eceaf33728a14e5d3cfd696eebb685f0ae2df24ef3,e17494764a0b70d71507941c0870a216154a356e6eed2a4bcdcd75a1fdd00e85,,0.04715293273329735,0.0452218484133482,0.0452218484133482,0.00193108431994915,113240.78125,0.28894272744501087,0.7688,29,0.9066612706983349,0.8960409344321607,0.8888605653171042,3,18865bee202c1628763d25e73f0b7a58319d7c01180100ec8370e284f6748cfd,ae9bae7b7f7a637e643715b9ebf457a447973061f4f0d32756b5d7e87775b615,34ebaae00da60d17a8c508a8a10c5b6f5f28e3b46ec6d67cffc0d98645117c97,completed
present80_projected_geometry_full,present80_rkmp_controls_v1,present80_rkmp_controls_v1,analysis,PRESENT-80,8,32,201,D1_vs_D1,10000,16,0.007700651418417692,b21bfe905fbc2f0bb2ed71eceaf33728a14e5d3cfd696eebb685f0ae2df24ef3,e17494764a0b70d71507941c0870a216154a356e6eed2a4bcdcd75a1fdd00e85,,0.04729904606938362,0.0452218484133482,0.0452218484133482,0.0020771976560354233,38931.3671875,-5.357462417219307e-05,0.5034000000000001,25,0.8900464751906739,0.8753345952442854,0.8689834977765621,3,18865bee202c1628763d25e73f0b7a58319d7c01180100ec8370e284f6748cfd,ae9bae7b7f7a637e643715b9ebf457a447973061f4f0d32756b5d7e87775b615,34ebaae00da60d17a8c508a8a10c5b6f5f28e3b46ec6d67cffc0d98645117c97,completed
present80_projected_geometry_full,present80_rkmp_controls_v1,present80_rkmp_controls_v1,analysis,PRESENT-80,8,32,201,pair_shuffled,10000,16,0.007700651418417692,b21bfe905fbc2f0bb2ed71eceaf33728a14e5d3cfd696eebb685f0ae2df24ef3,e17494764a0b70d71507941c0870a216154a356e6eed2a4bcdcd75a1fdd00e85,,0.08422701060771942,0.0452218484133482,0.0452218484133482,0.03900516219437122,75840.3046875,0.28508654840966563,0.767,23,0.9279802199813513,0.9257816174353666,0.9184686114348415,3,18865bee202c1628763d25e73f0b7a58319d7c01180100ec8370e284f6748cfd,ae9bae7b7f7a637e643715b9ebf457a447973061f4f0d32756b5d7e87775b615,34ebaae00da60d17a8c508a8a10c5b6f5f28e3b46ec6d67cffc0d98645117c97,completed
present80_projected_geometry_full,present80_rkmp_controls_v1,present80_rkmp_controls_v1,analysis,PRESENT-80,8,32,202,D0_vs_D0,10000,16,0.007719141431152821,637dd04280d1dda44010a6cad43c1c556936cdf8ce4ac0650b2f75657a742399,e17494764a0b70d71507941c0870a216154a356e6eed2a4bcdcd75a1fdd00e85,,0.042855650186538696,0.04471631161868572,0.04471631161868572,-0.001860661432147026,38269.69140625,-9.960138644423325e-05,0.5003,54,0.6098661030917355,0.6358101395373098,0.5328532079520361,3,557723898a5379a2abb857f862f769246de585e7fc6ef54838194888dfcaabdb,ae9bae7b7f7a637e643715b9ebf457a447973061f4f0d32756b5d7e87775b615,cfb7d72df748d2c7b5f908a410a1100dfbcfd2abafd19aa0b3c1fbb813c3e0f6,completed
present80_projected_geometry_full,present80_rkmp_controls_v1,present80_rkmp_controls_v1,analysis,PRESENT-80,8,32,202,D1_vs_D0,10000,16,0.007719141431152821,637dd04280d1dda44010a6cad43c1c556936cdf8ce4ac0650b2f75657a742399,e17494764a0b70d71507941c0870a216154a356e6eed2a4bcdcd75a1fdd00e85,,0.04817882552742958,0.04471631161868572,0.04471631161868572,0.0034625139087438583,113400.953125,0.2865822124239903,0.7677,26,0.9348440119420299,0.9238956306708245,0.912778092503572,3,557723898a5379a2abb857f862f769246de585e7fc6ef54838194888dfcaabdb,ae9bae7b7f7a637e643715b9ebf457a447973061f4f0d32756b5d7e87775b615,cfb7d72df748d2c7b5f908a410a1100dfbcfd2abafd19aa0b3c1fbb813c3e0f6,completed
present80_projected_geometry_full,present80_rkmp_controls_v1,present80_rkmp_controls_v1,analysis,PRESENT-80,8,32,202,D1_vs_D1,10000,16,0.007719141431152821,637dd04280d1dda44010a6cad43c1c556936cdf8ce4ac0650b2f75657a742399,e17494764a0b70d71507941c0870a216154a356e6eed2a4bcdcd75a1fdd00e85,,0.04657697305083275,0.04471631161868572,0.04471631161868572,0.001860661432147026,39203.25,0.0001433862421076893,0.5078,28,0.9331705670780733,0.9135449906368559,0.9070564599801523,3,557723898a5379a2abb857f862f769246de585e7fc6ef54838194888dfcaabdb,ae9bae7b7f7a637e643715b9ebf457a447973061f4f0d32756b5d7e87775b615,cfb7d72df748d2c7b5f908a410a1100dfbcfd2abafd19aa0b3c1fbb813c3e0f6,completed
present80_projected_geometry_full,present80_rkmp_controls_v1,present80_rkmp_controls_v1,analysis,PRESENT-80,8,32,202,pair_shuffled,10000,16,0.007719141431152821,637dd04280d1dda44010a6cad43c1c556936cdf8ce4ac0650b2f75657a742399,e17494764a0b70d71507941c0870a216154a356e6eed2a4bcdcd75a1fdd00e85,,0.08182083070278168,0.04471631161868572,0.04471631161868572,0.037104519084095955,76214.9296875,0.29564947078794873,0.7719,16,0.9254218069466749,0.9277124056446656,0.9138845107787867,3,557723898a5379a2abb857f862f769246de585e7fc6ef54838194888dfcaabdb,ae9bae7b7f7a637e643715b9ebf457a447973061f4f0d32756b5d7e87775b615,cfb7d72df748d2c7b5f908a410a1100dfbcfd2abafd19aa0b3c1fbb813c3e0f6,completed
present80_projected_geometry_full,present80_rkmp_controls_v1,present80_rkmp_controls_v1,analysis,PRESENT-80,8,32,203,D0_vs_D0,10000,16,0.007729664444923401,7ac1498f85b7272d388979adee8dbcffdce5c4f29bc5a8b66622df66d5f1cfdb,e17494764a0b70d71507941c0870a216154a356e6eed2a4bcdcd75a1fdd00e85,,0.042527686804533005,0.04455054923892021,0.04455054923892021,-0.002022862434387207,38151.20703125,0.0002240287860867297,0.509,40,0.4820128464248102,0.5472587615506775,0.343799316664281,3,2385f211c3d7268915524bc99b2d9d9bd6148b609faf770e9bd12cc3e9a7a9cf,ae9bae7b7f7a637e643715b9ebf457a447973061f4f0d32756b5d7e87775b615,a350801ad1ec4da7290a1e642e49d21392dbb933a0e3c55a743287c5246a9479,completed
present80_projected_geometry_full,present80_rkmp_controls_v1,present80_rkmp_controls_v1,analysis,PRESENT-80,8,32,203,D1_vs_D0,10000,16,0.007729664444923401,7ac1498f85b7272d388979adee8dbcffdce5c4f29bc5a8b66622df66d5f1cfdb,e17494764a0b70d71507941c0870a216154a356e6eed2a4bcdcd75a1fdd00e85,,0.048412684351205826,0.04455054923892021,0.04455054923892021,0.003862135112285614,113484.84375,0.29326015416236667,0.7708,25,0.938228250439281,0.9208235452191638,0.9189050934925451,3,2385f211c3d7268915524bc99b2d9d9bd6148b609faf770e9bd12cc3e9a7a9cf,ae9bae7b7f7a637e643715b9ebf457a447973061f4f0d32756b5d7e87775b615,a350801ad1ec4da7290a1e642e49d21392dbb933a0e3c55a743287c5246a9479,completed
present80_projected_geometry_full,present80_rkmp_controls_v1,present80_rkmp_controls_v1,analysis,PRESENT-80,8,32,203,D1_vs_D1,10000,16,0.007729664444923401,7ac1498f85b7272d388979adee8dbcffdce5c4f29bc5a8b66622df66d5f1cfdb,e17494764a0b70d71507941c0870a216154a356e6eed2a4bcdcd75a1fdd00e85,,0.04657341167330742,0.04455054923892021,0.04455054923892021,0.002022862434387207,39127.1875,-8.704948909557102e-05,0.5018,49,0.9344416840423834,0.9358563453304001,0.9292889288463125,3,2385f211c3d7268915524bc99b2d9d9bd6148b609faf770e9bd12cc3e9a7a9cf,ae9bae7b7f7a637e643715b9ebf457a447973061f4f0d32756b5d7e87775b615,a350801ad1ec4da7290a1e642e49d21392dbb933a0e3c55a743287c5246a9479,completed
present80_projected_geometry_full,present80_rkmp_controls_v1,present80_rkmp_controls_v1,analysis,PRESENT-80,8,32,203,pair_shuffled,10000,16,0.007729664444923401,7ac1498f85b7272d388979adee8dbcffdce5c4f29bc5a8b66622df66d5f1cfdb,e17494764a0b70d71507941c0870a216154a356e6eed2a4bcdcd75a1fdd00e85,,0.08601779490709305,0.04455054923892021,0.04455054923892021,0.041467245668172836,76104.53125,0.31667704671279606,0.7814,16,0.9528670756557961,0.9509846088973608,0.9354375060880826,3,2385f211c3d7268915524bc99b2d9d9bd6148b609faf770e9bd12cc3e9a7a9cf,ae9bae7b7f7a637e643715b9ebf457a447973061f4f0d32756b5d7e87775b615,a350801ad1ec4da7290a1e642e49d21392dbb933a0e3c55a743287c5246a9479,completed
present80_projected_geometry_full,present80_rkmp_controls_v1,present80_rkmp_controls_v1,analysis,PRESENT-80,9,1,201,D0_vs_D0,10000,16,0.10356611013412476,da044b534464720bc2655fedeb410d635ce3c1e26ba5aa5eafb63987be2e5b41,e17494764a0b70d71507941c0870a216154a356e6eed2a4bcdcd75a1fdd00e85,False,0.04256364703178406,0.042597245424985886,0.042597245424985886,-3.3598393201828e-05,38351.0546875,5.376243210707369e-05,0.5062,62,0.4518827222914614,0.46452471013140934,0.3850828808753872,3,a8473de5e9498182e82d6fb74726b162c571dbb3fdba41dff9ac9bf948ca99ee,ae9bae7b7f7a637e643715b9ebf457a447973061f4f0d32756b5d7e87775b615,c555f6ee0a37e3f05c9463188eb8dd4d5c7442c89225c1264a331d12c1e1927a,completed
present80_projected_geometry_full,present80_rkmp_controls_v1,present80_rkmp_controls_v1,analysis,PRESENT-80,9,1,201,D1_vs_D0,10000,16,0.10356611013412476,da044b534464720bc2655fedeb410d635ce3c1e26ba5aa5eafb63987be2e5b41,e17494764a0b70d71507941c0870a216154a356e6eed2a4bcdcd75a1fdd00e85,False,0.0414619967341423,0.042597245424985886,0.042597245424985886,-0.0011352486908435822,47639.88671875,2.996692096693398e-05,0.5057,33,0.10489826419686843,0.06300774091970614,0.01517848339064154,3,a8473de5e9498182e82d6fb74726b162c571dbb3fdba41dff9ac9bf948ca99ee,ae9bae7b7f7a637e643715b9ebf457a447973061f4f0d32756b5d7e87775b615,c555f6ee0a37e3f05c9463188eb8dd4d5c7442c89225c1264a331d12c1e1927a,completed
present80_projected_geometry_full,present80_rkmp_controls_v1,present80_rkmp_controls_v1,analysis,PRESENT-80,9,1,201,D1_vs_D1,10000,16,0.10356611013412476,da044b534464720bc2655fedeb410d635ce3c1e26ba5aa5eafb63987be2e5b41,e17494764a0b70d71507941c0870a216154a356e6eed2a4bcdcd75a1fdd00e85,False,0.042630843818187714,0.042597245424985886,0.042597245424985886,3.3598393201828e-05,38241.23828125,-2.253985123995681e-05,0.5044,46,0.12461115888297375,0.005922348529197079,0.00025340517438957375,3,a8473de5e9498182e82d6fb74726b162c571dbb3fdba41dff9ac9bf948ca99ee,ae9bae7b7f7a637e643715b9ebf457a447973061f4f0d32756b5d7e87775b615,c555f6ee0a37e3f05c9463188eb8dd4d5c7442c89225c1264a331d12c1e1927a,completed
present80_projected_geometry_full,present80_rkmp_controls_v1,present80_rkmp_controls_v1,analysis,PRESENT-80,9,1,201,pair_shuffled,10000,16,0.10356611013412476,da044b534464720bc2655fedeb410d635ce3c1e26ba5aa5eafb63987be2e5b41,e17494764a0b70d71507941c0870a216154a356e6eed2a4bcdcd75a1fdd00e85,False,0.04245123639702797,0.042597245424985886,0.042597245424985886,-0.00014600902795791626,45255.5625,-9.517461845733583e-05,0.5011,35,0.5600905042799733,0.5484432098154237,0.4969745556425151,3,a8473de5e9498182e82d6fb74726b162c571dbb3fdba41dff9ac9bf948ca99ee,ae9bae7b7f7a637e643715b9ebf457a447973061f4f0d32756b5d7e87775b615,c555f6ee0a37e3f05c9463188eb8dd4d5c7442c89225c1264a331d12c1e1927a,completed
present80_projected_geometry_full,present80_rkmp_controls_v1,present80_rkmp_controls_v1,analysis,PRESENT-80,9,1,202,D0_vs_D0,10000,16,0.10359881073236465,e8ef67536c83d33246878a29b79ae0024326a6e3d2bb012d05d813feb222f196,e17494764a0b70d71507941c0870a216154a356e6eed2a4bcdcd75a1fdd00e85,False,0.04319765791296959,0.04295728914439678,0.04295728914439678,0.0002403687685728073,38370.80859375,0.00025348774533606424,0.5094,61,0.7802849355252913,0.7656015633888853,0.7299723616496788,3,1fe370e4db5b9b3dfa1ce71186c36bf355b5d390dfb46377436adca86eb988cc,ae9bae7b7f7a637e643715b9ebf457a447973061f4f0d32756b5d7e87775b615,6cdb83f9aac15d0710a3e8fb4dbdcf6c21372a08f3e231315459e92768c750fe,completed
present80_projected_geometry_full,present80_rkmp_controls_v1,present80_rkmp_controls_v1,analysis,PRESENT-80,9,1,202,D1_vs_D0,10000,16,0.10359881073236465,e8ef67536c83d33246878a29b79ae0024326a6e3d2bb012d05d813feb222f196,e17494764a0b70d71507941c0870a216154a356e6eed2a4bcdcd75a1fdd00e85,False,0.0418204590678215,0.04295728914439678,0.04295728914439678,-0.0011368300765752792,47637.00390625,-9.985984395441107e-05,0.5002,47,0.042170956261624815,0.04143857550127351,0.006990331316207691,3,1fe370e4db5b9b3dfa1ce71186c36bf355b5d390dfb46377436adca86eb988cc,ae9bae7b7f7a637e643715b9ebf457a447973061f4f0d32756b5d7e87775b615,6cdb83f9aac15d0710a3e8fb4dbdcf6c21372a08f3e231315459e92768c750fe,completed
present80_projected_geometry_full,present80_rkmp_controls_v1,present80_rkmp_controls_v1,analysis,PRESENT-80,9,1,202,D1_vs_D1,10000,16,0.10359881073236465,e8ef67536c83d33246878a29b79ae0024326a6e3d2bb012d05d813feb222f196,e17494764a0b70d71507941c0870a216154a356e6eed2a4bcdcd75a1fdd00e85,False,0.042716920375823975,0.04295728914439678,0.04295728914439678,-0.0002403687685728073,38418.5078125,-5.370776192173964e-05,0.5034000000000001,24,0.36391110936970544,0.2521299132517658,0.17247445189291977,3,1fe370e4db5b9b3dfa1ce71186c36bf355b5d390dfb46377436adca86eb988cc,ae9bae7b7f7a637e643715b9ebf457a447973061f4f0d32756b5d7e87775b615,6cdb83f9aac15d0710a3e8fb4dbdcf6c21372a08f3e231315459e92768c750fe,completed
present80_projected_geometry_full,present80_rkmp_controls_v1,present80_rkmp_controls_v1,analysis,PRESENT-80,9,1,202,pair_shuffled,10000,16,0.10359881073236465,e8ef67536c83d33246878a29b79ae0024326a6e3d2bb012d05d813feb222f196,e17494764a0b70d71507941c0870a216154a356e6eed2a4bcdcd75a1fdd00e85,False,0.042202625423669815,0.04295728914439678,0.04295728914439678,-0.0007546637207269669,45383.7734375,-7.845601079544313e-06,0.5048,42,0.257026369729173,0.25092609402514277,0.2104184837558908,3,1fe370e4db5b9b3dfa1ce71186c36bf355b5d390dfb46377436adca86eb988cc,ae9bae7b7f7a637e643715b9ebf457a447973061f4f0d32756b5d7e87775b615,6cdb83f9aac15d0710a3e8fb4dbdcf6c21372a08f3e231315459e92768c750fe,completed
present80_projected_geometry_full,present80_rkmp_controls_v1,present80_rkmp_controls_v1,analysis,PRESENT-80,9,1,203,D0_vs_D0,10000,16,0.10350680351257324,24cfe8c900dd0d9f63f5789daafe6c57ce75c9e0c5dc16b81d8a7f5c13d5252c,e17494764a0b70d71507941c0870a216154a356e6eed2a4bcdcd75a1fdd00e85,False,0.04304592311382294,0.04277864471077919,0.04277864471077919,0.00026727840304374695,38234.875,-5.3775379075815164e-05,0.5034,47,0.5273090084821528,0.4927532803435292,0.35372244056935725,3,9f8589dbbe6a162d89efb4b6551d10fd4d87b7ec4609d2128210dcfc4f7a112f,ae9bae7b7f7a637e643715b9ebf457a447973061f4f0d32756b5d7e87775b615,98b7d4de5fedb42a8f09e27041c17e9fd822bbee99acb457cb3bfd4f88f3661e,completed
present80_projected_geometry_full,present80_rkmp_controls_v1,present80_rkmp_controls_v1,analysis,PRESENT-80,9,1,203,D1_vs_D0,10000,16,0.10350680351257324,24cfe8c900dd0d9f63f5789daafe6c57ce75c9e0c5dc16b81d8a7f5c13d5252c,e17494764a0b70d71507941c0870a216154a356e6eed2a4bcdcd75a1fdd00e85,False,0.041509464383125305,0.04277864471077919,0.04277864471077919,-0.0012691803276538849,47611.140625,-9.101474655285033e-05,0.5015000000000001,30,0.1584069265578795,0.06190722345892758,0.05289735622795408,3,9f8589dbbe6a162d89efb4b6551d10fd4d87b7ec4609d2128210dcfc4f7a112f,ae9bae7b7f7a637e643715b9ebf457a447973061f4f0d32756b5d7e87775b615,98b7d4de5fedb42a8f09e27041c17e9fd822bbee99acb457cb3bfd4f88f3661e,completed
present80_projected_geometry_full,present80_rkmp_controls_v1,present80_rkmp_controls_v1,analysis,PRESENT-80,9,1,203,D1_vs_D1,10000,16,0.10350680351257324,24cfe8c900dd0d9f63f5789daafe6c57ce75c9e0c5dc16b81d8a7f5c13d5252c,e17494764a0b70d71507941c0870a216154a356e6eed2a4bcdcd75a1fdd00e85,False,0.04251136630773544,0.04277864471077919,0.04277864471077919,-0.00026727840304374695,38089.78515625,-9.803848560733311e-05,0.5007,40,0.29540772639153295,0.26186539297800876,0.14249599383541683,3,9f8589dbbe6a162d89efb4b6551d10fd4d87b7ec4609d2128210dcfc4f7a112f,ae9bae7b7f7a637e643715b9ebf457a447973061f4f0d32756b5d7e87775b615,98b7d4de5fedb42a8f09e27041c17e9fd822bbee99acb457cb3bfd4f88f3661e,completed
present80_projected_geometry_full,present80_rkmp_controls_v1,present80_rkmp_controls_v1,analysis,PRESENT-80,9,1,203,pair_shuffled,10000,16,0.10350680351257324,24cfe8c900dd0d9f63f5789daafe6c57ce75c9e0c5dc16b81d8a7f5c13d5252c,e17494764a0b70d71507941c0870a216154a356e6eed2a4bcdcd75a1fdd00e85,False,0.04204573854804039,0.04277864471077919,0.04277864471077919,-0.0007329061627388,45256.10546875,0.00021686378613317483,0.5089,60,0.06649605924743958,0.0685508528716073,0.0001250109420932063,3,9f8589dbbe6a162d89efb4b6551d10fd4d87b7ec4609d2128210dcfc4f7a112f,ae9bae7b7f7a637e643715b9ebf457a447973061f4f0d32756b5d7e87775b615,98b7d4de5fedb42a8f09e27041c17e9fd822bbee99acb457cb3bfd4f88f3661e,completed
present80_projected_geometry_full,present80_rkmp_controls_v1,present80_rkmp_controls_v1,analysis,PRESENT-80,9,2,201,D0_vs_D0,10000,16,0.05764201655983925,eaf89ced44b26366a4c7ebd4cb3a53a357adeac44fe5522f48d4a599c5726bec,e17494764a0b70d71507941c0870a216154a356e6eed2a4bcdcd75a1fdd00e85,,0.04257940500974655,0.042464422062039375,0.042464422062039375,0.00011498294770717621,38471.19921875,-9.804184660888238e-05,0.5007,31,0.43529865070803053,0.4201052530058429,0.33912366917754166,3,b38ae895a6239db0e238018a52f0b189b6060e0583eb660a90bc842d5d842dd7,ae9bae7b7f7a637e643715b9ebf457a447973061f4f0d32756b5d7e87775b615,70f293e64bac01b52d0ca231e8b4959bb8fbb41055ecafcc68a9d85f455d6313,completed
present80_projected_geometry_full,present80_rkmp_controls_v1,present80_rkmp_controls_v1,analysis,PRESENT-80,9,2,201,D1_vs_D0,10000,16,0.05764201655983925,eaf89ced44b26366a4c7ebd4cb3a53a357adeac44fe5522f48d4a599c5726bec,e17494764a0b70d71507941c0870a216154a356e6eed2a4bcdcd75a1fdd00e85,,0.04130244255065918,0.042464422062039375,0.042464422062039375,-0.0011619795113801956,53034.4140625,8.173922595668825e-06,0.5052,44,0.042818512569774474,0.021101478358248053,0.020065940450856374,3,b38ae895a6239db0e238018a52f0b189b6060e0583eb660a90bc842d5d842dd7,ae9bae7b7f7a637e643715b9ebf457a447973061f4f0d32756b5d7e87775b615,70f293e64bac01b52d0ca231e8b4959bb8fbb41055ecafcc68a9d85f455d6313,completed
present80_projected_geometry_full,present80_rkmp_controls_v1,present80_rkmp_controls_v1,analysis,PRESENT-80,9,2,201,D1_vs_D1,10000,16,0.05764201655983925,eaf89ced44b26366a4c7ebd4cb3a53a357adeac44fe5522f48d4a599c5726bec,e17494764a0b70d71507941c0870a216154a356e6eed2a4bcdcd75a1fdd00e85,,0.0423494391143322,0.042464422062039375,0.042464422062039375,-0.00011498294770717621,38258.8828125,-3.970298059214813e-06,0.5049,48,0.4396725348414378,0.33424866385391605,0.33193965596793273,3,b38ae895a6239db0e238018a52f0b189b6060e0583eb660a90bc842d5d842dd7,ae9bae7b7f7a637e643715b9ebf457a447973061f4f0d32756b5d7e87775b615,70f293e64bac01b52d0ca231e8b4959bb8fbb41055ecafcc68a9d85f455d6313,completed
present80_projected_geometry_full,present80_rkmp_controls_v1,present80_rkmp_controls_v1,analysis,PRESENT-80,9,2,201,pair_shuffled,10000,16,0.05764201655983925,eaf89ced44b26366a4c7ebd4cb3a53a357adeac44fe5522f48d4a599c5726bec,e17494764a0b70d71507941c0870a216154a356e6eed2a4bcdcd75a1fdd00e85,,0.04217131808400154,0.042464422062039375,0.042464422062039375,-0.00029310397803783417,46606.6484375,-3.911534077740466e-05,0.5039,32,0.33511289419409757,0.20080333672958023,0.15879784698996469,3,b38ae895a6239db0e238018a52f0b189b6060e0583eb660a90bc842d5d842dd7,ae9bae7b7f7a637e643715b9ebf457a447973061f4f0d32756b5d7e87775b615,70f293e64bac01b52d0ca231e8b4959bb8fbb41055ecafcc68a9d85f455d6313,completed
present80_projected_geometry_full,present80_rkmp_controls_v1,present80_rkmp_controls_v1,analysis,PRESENT-80,9,2,202,D0_vs_D0,10000,16,0.05745859071612358,3f6d38c20889c557286b49a5fc4abfd2481f7274a61a37bf87769d946e8ffe8b,e17494764a0b70d71507941c0870a216154a356e6eed2a4bcdcd75a1fdd00e85,,0.0425746887922287,0.04267343692481518,0.04267343692481518,-9.874813258647919e-05,38354.43359375,7.423902368595475e-05,0.5066,47,0.32400481018228616,0.2697033300900588,0.2276426326982563,3,76bdc4c511ba00a35040ecc3f9567c0586fce9719b5d1b6264646545e5917ddf,ae9bae7b7f7a637e643715b9ebf457a447973061f4f0d32756b5d7e87775b615,6f664cf4227308c29da2b0a0d8ce153d48f035f7658bd77a811b813ebfde31d6,completed
present80_projected_geometry_full,present80_rkmp_controls_v1,present80_rkmp_controls_v1,analysis,PRESENT-80,9,2,202,D1_vs_D0,10000,16,0.05745859071612358,3f6d38c20889c557286b49a5fc4abfd2481f7274a61a37bf87769d946e8ffe8b,e17494764a0b70d71507941c0870a216154a356e6eed2a4bcdcd75a1fdd00e85,,0.04153788834810257,0.04267343692481518,0.04267343692481518,-0.0011355485767126083,52858.33203125,1.6644208632941634e-05,0.5054000000000001,45,0.08795608412152145,0.043168318876803204,0.02805963248218512,3,76bdc4c511ba00a35040ecc3f9567c0586fce9719b5d1b6264646545e5917ddf,ae9bae7b7f7a637e643715b9ebf457a447973061f4f0d32756b5d7e87775b615,6f664cf4227308c29da2b0a0d8ce153d48f035f7658bd77a811b813ebfde31d6,completed
present80_projected_geometry_full,present80_rkmp_controls_v1,present80_rkmp_controls_v1,analysis,PRESENT-80,9,2,202,D1_vs_D1,10000,16,0.05745859071612358,3f6d38c20889c557286b49a5fc4abfd2481f7274a61a37bf87769d946e8ffe8b,e17494764a0b70d71507941c0870a216154a356e6eed2a4bcdcd75a1fdd00e85,,0.04277218505740166,0.04267343692481518,0.04267343692481518,9.874813258647919e-05,38129.52734375,-9.60185796176005e-05,0.501,37,0.44407486106588756,0.43054149281812465,0.3720372711475145,3,76bdc4c511ba00a35040ecc3f9567c0586fce9719b5d1b6264646545e5917ddf,ae9bae7b7f7a637e643715b9ebf457a447973061f4f0d32756b5d7e87775b615,6f664cf4227308c29da2b0a0d8ce153d48f035f7658bd77a811b813ebfde31d6,completed
present80_projected_geometry_full,present80_rkmp_controls_v1,present80_rkmp_controls_v1,analysis,PRESENT-80,9,2,202,pair_shuffled,10000,16,0.05745859071612358,3f6d38c20889c557286b49a5fc4abfd2481f7274a61a37bf87769d946e8ffe8b,e17494764a0b70d71507941c0870a216154a356e6eed2a4bcdcd75a1fdd00e85,,0.04276130348443985,0.04267343692481518,0.04267343692481518,8.786655962467194e-05,46636.6953125,0.000357997899248075,0.5107,70,0.26448156166514286,0.2630952963956232,0.09875722948130575,3,76bdc4c511ba00a35040ecc3f9567c0586fce9719b5d1b6264646545e5917ddf,ae9bae7b7f7a637e643715b9ebf457a447973061f4f0d32756b5d7e87775b615,6f664cf4227308c29da2b0a0d8ce153d48f035f7658bd77a811b813ebfde31d6,completed
present80_projected_geometry_full,present80_rkmp_controls_v1,present80_rkmp_controls_v1,analysis,PRESENT-80,9,2,203,D0_vs_D0,10000,16,0.05749797075986862,9fcd68e6cd5cf79f67d826364a1906e9d27ffa133730089f09e5afbbe4166f1c,e17494764a0b70d71507941c0870a216154a356e6eed2a4bcdcd75a1fdd00e85,,0.04253624379634857,0.042607394978404045,0.042607394978404045,-7.115118205547333e-05,38473.3046875,-9.805644295872987e-05,0.5007,29,0.16569520971102428,0.06688412460018697,0.04561500408575248,3,a9707996f911f092d888421e3dc55ba75d74525f5ad730269b403fbae07713eb,ae9bae7b7f7a637e643715b9ebf457a447973061f4f0d32756b5d7e87775b615,0df778fd1a6fd0b2b380553ea6fbd1e55f5d0a1a14bd956431808b360b9b3465,completed
present80_projected_geometry_full,present80_rkmp_controls_v1,present80_rkmp_controls_v1,analysis,PRESENT-80,9,2,203,D1_vs_D0,10000,16,0.05749797075986862,9fcd68e6cd5cf79f67d826364a1906e9d27ffa133730089f09e5afbbe4166f1c,e17494764a0b70d71507941c0870a216154a356e6eed2a4bcdcd75a1fdd00e85,,0.04117324948310852,0.042607394978404045,0.042607394978404045,-0.0014341454952955246,52910.94140625,-8.401646713077028e-05,0.502,29,0.10142505153374691,0.021865442538907386,0.00030808186646730994,3,a9707996f911f092d888421e3dc55ba75d74525f5ad730269b403fbae07713eb,ae9bae7b7f7a637e643715b9ebf457a447973061f4f0d32756b5d7e87775b615,0df778fd1a6fd0b2b380553ea6fbd1e55f5d0a1a14bd956431808b360b9b3465,completed
present80_projected_geometry_full,present80_rkmp_controls_v1,present80_rkmp_controls_v1,analysis,PRESENT-80,9,2,203,D1_vs_D1,10000,16,0.05749797075986862,9fcd68e6cd5cf79f67d826364a1906e9d27ffa133730089f09e5afbbe4166f1c,e17494764a0b70d71507941c0870a216154a356e6eed2a4bcdcd75a1fdd00e85,,0.04267854616045952,0.042607394978404045,0.042607394978404045,7.115118205547333e-05,38077.2421875,-5.645420275903194e-05,0.5033000000000001,37,0.5346314111769469,0.5567701167143273,0.45179802028842825,3,a9707996f911f092d888421e3dc55ba75d74525f5ad730269b403fbae07713eb,ae9bae7b7f7a637e643715b9ebf457a447973061f4f0d32756b5d7e87775b615,0df778fd1a6fd0b2b380553ea6fbd1e55f5d0a1a14bd956431808b360b9b3465,completed
present80_projected_geometry_full,present80_rkmp_controls_v1,present80_rkmp_controls_v1,analysis,PRESENT-80,9,2,203,pair_shuffled,10000,16,0.05749797075986862,9fcd68e6cd5cf79f67d826364a1906e9d27ffa133730089f09e5afbbe4166f1c,e17494764a0b70d71507941c0870a216154a356e6eed2a4bcdcd75a1fdd00e85,,0.04189001023769379,0.042607394978404045,0.042607394978404045,-0.0007173847407102585,46526.42578125,-9.425236980891707e-05,0.5012,37,0.33072072574425554,0.15673167316731673,0.12143410442548587,3,a9707996f911f092d888421e3dc55ba75d74525f5ad730269b403fbae07713eb,ae9bae7b7f7a637e643715b9ebf457a447973061f4f0d32756b5d7e87775b615,0df778fd1a6fd0b2b380553ea6fbd1e55f5d0a1a14bd956431808b360b9b3465,completed
present80_projected_geometry_full,present80_rkmp_controls_v1,present80_rkmp_controls_v1,analysis,PRESENT-80,9,4,201,D0_vs_D0,10000,16,0.03302551060914993,e143d125861532b79fe806e3a0948b1a4542b851aa8352a47e49e9f3fe3f1a0a,e17494764a0b70d71507941c0870a216154a356e6eed2a4bcdcd75a1fdd00e85,,0.043311312794685364,0.043236905708909035,0.043236905708909035,7.440708577632904e-05,38260.1328125,-7.69772994290949e-05,0.5024,48,0.6671448231671008,0.6227989198919892,0.5833487748774877,3,af1c4442a39ef53fce8c11bbae66fe11f3aa587f842011157134249581d28682,ae9bae7b7f7a637e643715b9ebf457a447973061f4f0d32756b5d7e87775b615,12ecdd0325914fcc67ec2863f99aee83eaa82ff59b8a16a7da02b848ab3e1c10,completed
present80_projected_geometry_full,present80_rkmp_controls_v1,present80_rkmp_controls_v1,analysis,PRESENT-80,9,4,201,D1_vs_D0,10000,16,0.03302551060914993,e143d125861532b79fe806e3a0948b1a4542b851aa8352a47e49e9f3fe3f1a0a,e17494764a0b70d71507941c0870a216154a356e6eed2a4bcdcd75a1fdd00e85,,0.041148487478494644,0.043236905708909035,0.043236905708909035,-0.0020884182304143906,60789.3125,-8.237823564679985e-05,0.5021,28,0.07550791353457807,0.04544413615643524,0.039187150354629545,3,af1c4442a39ef53fce8c11bbae66fe11f3aa587f842011157134249581d28682,ae9bae7b7f7a637e643715b9ebf457a447973061f4f0d32756b5d7e87775b615,12ecdd0325914fcc67ec2863f99aee83eaa82ff59b8a16a7da02b848ab3e1c10,completed
present80_projected_geometry_full,present80_rkmp_controls_v1,present80_rkmp_controls_v1,analysis,PRESENT-80,9,4,201,D1_vs_D1,10000,16,0.03302551060914993,e143d125861532b79fe806e3a0948b1a4542b851aa8352a47e49e9f3fe3f1a0a,e17494764a0b70d71507941c0870a216154a356e6eed2a4bcdcd75a1fdd00e85,,0.043162498623132706,0.043236905708909035,0.043236905708909035,-7.440708577632904e-05,38367.72265625,1.6667012813483796e-05,0.5054000000000001,62,0.22849606491909372,0.024238417686604875,0.0006398824676104146,3,af1c4442a39ef53fce8c11bbae66fe11f3aa587f842011157134249581d28682,ae9bae7b7f7a637e643715b9ebf457a447973061f4f0d32756b5d7e87775b615,12ecdd0325914fcc67ec2863f99aee83eaa82ff59b8a16a7da02b848ab3e1c10,completed
present80_projected_geometry_full,present80_rkmp_controls_v1,present80_rkmp_controls_v1,analysis,PRESENT-80,9,4,201,pair_shuffled,10000,16,0.03302551060914993,e143d125861532b79fe806e3a0948b1a4542b851aa8352a47e49e9f3fe3f1a0a,e17494764a0b70d71507941c0870a216154a356e6eed2a4bcdcd75a1fdd00e85,,0.041384294629096985,0.043236905708909035,0.043236905708909035,-0.0018526110798120499,49958.21875,-2.2570322020707997e-05,0.5044,80,0.21116209673361086,0.11456140902571889,0.0730234558385723,3,af1c4442a39ef53fce8c11bbae66fe11f3aa587f842011157134249581d28682,ae9bae7b7f7a637e643715b9ebf457a447973061f4f0d32756b5d7e87775b615,12ecdd0325914fcc67ec2863f99aee83eaa82ff59b8a16a7da02b848ab3e1c10,completed
present80_projected_geometry_full,present80_rkmp_controls_v1,present80_rkmp_controls_v1,analysis,PRESENT-80,9,4,202,D0_vs_D0,10000,16,0.03294508159160614,681999aa858587d322b380b5c9e6b9ac7c0593827e2e01d764156ac04c26a402,e17494764a0b70d71507941c0870a216154a356e6eed2a4bcdcd75a1fdd00e85,,0.043148916214704514,0.04318167082965374,0.04318167082965374,-3.275461494922638e-05,38210.125,-8.556645625589706e-05,0.5019,47,0.5544236276779472,0.4387176329416335,0.4321179661285797,3,8d0af5f35f3d82cd90bd087b12adc66c2c5dff28448f972cc191c36daa4473fe,ae9bae7b7f7a637e643715b9ebf457a447973061f4f0d32756b5d7e87775b615,13a71885fdbf0f6c3d5cb30ba6a80f0b1152f961f7b2f0c223acae2306f294b3,completed
present80_projected_geometry_full,present80_rkmp_controls_v1,present80_rkmp_controls_v1,analysis,PRESENT-80,9,4,202,D1_vs_D0,10000,16,0.03294508159160614,681999aa858587d322b380b5c9e6b9ac7c0593827e2e01d764156ac04c26a402,e17494764a0b70d71507941c0870a216154a356e6eed2a4bcdcd75a1fdd00e85,,0.041110482066869736,0.04318167082965374,0.04318167082965374,-0.002071188762784004,60641.859375,-9.323435654380629e-05,0.5013,22,0.09501316021699859,0.0038191463036459927,0.0012396983188979846,3,8d0af5f35f3d82cd90bd087b12adc66c2c5dff28448f972cc191c36daa4473fe,ae9bae7b7f7a637e643715b9ebf457a447973061f4f0d32756b5d7e87775b615,13a71885fdbf0f6c3d5cb30ba6a80f0b1152f961f7b2f0c223acae2306f294b3,completed
present80_projected_geometry_full,present80_rkmp_controls_v1,present80_rkmp_controls_v1,analysis,PRESENT-80,9,4,202,D1_vs_D1,10000,16,0.03294508159160614,681999aa858587d322b380b5c9e6b9ac7c0593827e2e01d764156ac04c26a402,e17494764a0b70d71507941c0870a216154a356e6eed2a4bcdcd75a1fdd00e85,,0.043214425444602966,0.04318167082965374,0.04318167082965374,3.275461494922638e-05,38335.625,-8.977819556872764e-05,0.5016,38,0.6052764523917796,0.6288118741801703,0.4941584358448604,3,8d0af5f35f3d82cd90bd087b12adc66c2c5dff28448f972cc191c36daa4473fe,ae9bae7b7f7a637e643715b9ebf457a447973061f4f0d32756b5d7e87775b615,13a71885fdbf0f6c3d5cb30ba6a80f0b1152f961f7b2f0c223acae2306f294b3,completed
present80_projected_geometry_full,present80_rkmp_controls_v1,present80_rkmp_controls_v1,analysis,PRESENT-80,9,4,202,pair_shuffled,10000,16,0.03294508159160614,681999aa858587d322b380b5c9e6b9ac7c0593827e2e01d764156ac04c26a402,e17494764a0b70d71507941c0870a216154a356e6eed2a4bcdcd75a1fdd00e85,,0.04175616428256035,0.04318167082965374,0.04318167082965374,-0.0014255065470933914,49627.8359375,0.00011319159489198967,0.5073,84,0.3778256248362264,0.2682508095401661,0.21207351420354772,3,8d0af5f35f3d82cd90bd087b12adc66c2c5dff28448f972cc191c36daa4473fe,ae9bae7b7f7a637e643715b9ebf457a447973061f4f0d32756b5d7e87775b615,13a71885fdbf0f6c3d5cb30ba6a80f0b1152f961f7b2f0c223acae2306f294b3,completed
present80_projected_geometry_full,present80_rkmp_controls_v1,present80_rkmp_controls_v1,analysis,PRESENT-80,9,4,203,D0_vs_D0,10000,16,0.03301018849015236,c4321a4b200fd1f2485268d1f1a2617f32a7e8cddb0aa2b8dbcb9ff3f1de2706,e17494764a0b70d71507941c0870a216154a356e6eed2a4bcdcd75a1fdd00e85,,0.04294922575354576,0.042679114267230034,0.042679114267230034,0.00027011148631572723,38056.3828125,-7.297267419741383e-05,0.5025999999999999,53,0.5050231136115754,0.47274103154402636,0.42739717814771827,3,be9230cfabbce77df4eeb4b9f143c3e19a423606dbf4f0eeb32d76eb7b1821db,ae9bae7b7f7a637e643715b9ebf457a447973061f4f0d32756b5d7e87775b615,458de574c967f9cea7f15246fa27eefac2348b41c717801259326c13a3d6565c,completed
present80_projected_geometry_full,present80_rkmp_controls_v1,present80_rkmp_controls_v1,analysis,PRESENT-80,9,4,203,D1_vs_D0,10000,16,0.03301018849015236,c4321a4b200fd1f2485268d1f1a2617f32a7e8cddb0aa2b8dbcb9ff3f1de2706,e17494764a0b70d71507941c0870a216154a356e6eed2a4bcdcd75a1fdd00e85,,0.04147937521338463,0.042679114267230034,0.042679114267230034,-0.0011997390538454056,60743.375,1.2452377216209048e-05,0.5053000000000001,42,0.0561095577873657,0.009232543840758712,0.0012544168126888292,3,be9230cfabbce77df4eeb4b9f143c3e19a423606dbf4f0eeb32d76eb7b1821db,ae9bae7b7f7a637e643715b9ebf457a447973061f4f0d32756b5d7e87775b615,458de574c967f9cea7f15246fa27eefac2348b41c717801259326c13a3d6565c,completed
present80_projected_geometry_full,present80_rkmp_controls_v1,present80_rkmp_controls_v1,analysis,PRESENT-80,9,4,203,D1_vs_D1,10000,16,0.03301018849015236,c4321a4b200fd1f2485268d1f1a2617f32a7e8cddb0aa2b8dbcb9ff3f1de2706,e17494764a0b70d71507941c0870a216154a356e6eed2a4bcdcd75a1fdd00e85,,0.04240900278091431,0.042679114267230034,0.042679114267230034,-0.00027011148631572723,38364.58203125,-8.064640033940827e-05,0.5022,57,0.31521389538400985,0.3361016499329775,0.2581930606147398,3,be9230cfabbce77df4eeb4b9f143c3e19a423606dbf4f0eeb32d76eb7b1821db,ae9bae7b7f7a637e643715b9ebf457a447973061f4f0d32756b5d7e87775b615,458de574c967f9cea7f15246fa27eefac2348b41c717801259326c13a3d6565c,completed
present80_projected_geometry_full,present80_rkmp_controls_v1,present80_rkmp_controls_v1,analysis,PRESENT-80,9,4,203,pair_shuffled,10000,16,0.03301018849015236,c4321a4b200fd1f2485268d1f1a2617f32a7e8cddb0aa2b8dbcb9ff3f1de2706,e17494764a0b70d71507941c0870a216154a356e6eed2a4bcdcd75a1fdd00e85,,0.042454786598682404,0.042679114267230034,0.042679114267230034,-0.0002243276685476303,50183.87890625,0.0002920750823794919,0.5099,49,0.6807049754343121,0.7170419428713413,0.5702840656862834,3,be9230cfabbce77df4eeb4b9f143c3e19a423606dbf4f0eeb32d76eb7b1821db,ae9bae7b7f7a637e643715b9ebf457a447973061f4f0d32756b5d7e87775b615,458de574c967f9cea7f15246fa27eefac2348b41c717801259326c13a3d6565c,completed
present80_projected_geometry_full,present80_rkmp_controls_v1,present80_rkmp_controls_v1,analysis,PRESENT-80,9,8,201,D0_vs_D0,10000,16,0.01858810894191265,5a95582ea422bdca4fd19d76e466e4d2075b8d05c2669e3088bcc335add33cb3,e17494764a0b70d71507941c0870a216154a356e6eed2a4bcdcd75a1fdd00e85,,0.04285081848502159,0.04255543276667595,0.04255543276667595,0.0002953857183456421,38307.3359375,-8.845884376839985e-05,0.5017,46,0.5342323365917399,0.5567701128355383,0.4771523688791168,3,0bbe73abd8c2e2ceedafc19440d35f91571e3df0e5893a51e472e0430b3783e5,ae9bae7b7f7a637e643715b9ebf457a447973061f4f0d32756b5d7e87775b615,711aa84427bca5aefeea3b75da92e7494a675134a5c6eab9ef2ba8ed24aca381,completed
present80_projected_geometry_full,present80_rkmp_controls_v1,present80_rkmp_controls_v1,analysis,PRESENT-80,9,8,201,D1_vs_D0,10000,16,0.01858810894191265,5a95582ea422bdca4fd19d76e466e4d2075b8d05c2669e3088bcc335add33cb3,e17494764a0b70d71507941c0870a216154a356e6eed2a4bcdcd75a1fdd00e85,,0.04116101562976837,0.04255543276667595,0.04255543276667595,-0.0013944171369075775,68738.546875,-9.856243076880197e-05,0.5006,42,0.058828642423145894,0.035775809893854725,2.1002394253052165e-05,3,0bbe73abd8c2e2ceedafc19440d35f91571e3df0e5893a51e472e0430b3783e5,ae9bae7b7f7a637e643715b9ebf457a447973061f4f0d32756b5d7e87775b615,711aa84427bca5aefeea3b75da92e7494a675134a5c6eab9ef2ba8ed24aca381,completed
present80_projected_geometry_full,present80_rkmp_controls_v1,present80_rkmp_controls_v1,analysis,PRESENT-80,9,8,201,D1_vs_D1,10000,16,0.01858810894191265,5a95582ea422bdca4fd19d76e466e4d2075b8d05c2669e3088bcc335add33cb3,e17494764a0b70d71507941c0870a216154a356e6eed2a4bcdcd75a1fdd00e85,,0.04226004704833031,0.04255543276667595,0.04255543276667595,-0.0002953857183456421,38237.83203125,0.0006508211682740589,0.5137,58,0.30606306492106133,0.31062582280258877,0.27723530289179577,3,0bbe73abd8c2e2ceedafc19440d35f91571e3df0e5893a51e472e0430b3783e5,ae9bae7b7f7a637e643715b9ebf457a447973061f4f0d32756b5d7e87775b615,711aa84427bca5aefeea3b75da92e7494a675134a5c6eab9ef2ba8ed24aca381,completed
present80_projected_geometry_full,present80_rkmp_controls_v1,present80_rkmp_controls_v1,analysis,PRESENT-80,9,8,201,pair_shuffled,10000,16,0.01858810894191265,5a95582ea422bdca4fd19d76e466e4d2075b8d05c2669e3088bcc335add33cb3,e17494764a0b70d71507941c0870a216154a356e6eed2a4bcdcd75a1fdd00e85,,0.041490182280540466,0.04255543276667595,0.04255543276667595,-0.0010652504861354828,53709.75390625,-9.515195576914654e-05,0.5011,55,0.24694970096648727,0.0008121151484823348,0.00011901056808266511,3,0bbe73abd8c2e2ceedafc19440d35f91571e3df0e5893a51e472e0430b3783e5,ae9bae7b7f7a637e643715b9ebf457a447973061f4f0d32756b5d7e87775b615,711aa84427bca5aefeea3b75da92e7494a675134a5c6eab9ef2ba8ed24aca381,completed
present80_projected_geometry_full,present80_rkmp_controls_v1,present80_rkmp_controls_v1,analysis,PRESENT-80,9,8,202,D0_vs_D0,10000,16,0.018581312149763107,480ff0976dad052f538d1fc3325d5c1ad6a88a82087d9aaa7e931a21d92e0bb8,e17494764a0b70d71507941c0870a216154a356e6eed2a4bcdcd75a1fdd00e85,,0.04316313564777374,0.04304865375161171,0.04304865375161171,0.00011448189616203308,38102.171875,-9.962827449827741e-05,0.5003,51,0.5227263006379441,0.5334375126995874,0.48659441175885376,3,32d67accd99a1e61ae9d483aa68b80c3d2bd64c07b1c87343804f2f314668445,ae9bae7b7f7a637e643715b9ebf457a447973061f4f0d32756b5d7e87775b615,5419a1359c78518fd4dac733d7a0a58fcb1ea609e2737ca522cc2999dc888c47,completed
present80_projected_geometry_full,present80_rkmp_controls_v1,present80_rkmp_controls_v1,analysis,PRESENT-80,9,8,202,D1_vs_D0,10000,16,0.018581312149763107,480ff0976dad052f538d1fc3325d5c1ad6a88a82087d9aaa7e931a21d92e0bb8,e17494764a0b70d71507941c0870a216154a356e6eed2a4bcdcd75a1fdd00e85,,0.04147955775260925,0.04304865375161171,0.04304865375161171,-0.0015690959990024567,68699.9140625,-8.400585611745403e-05,0.502,85,0.3566360638191017,0.2932598866359892,0.28529817110525324,3,32d67accd99a1e61ae9d483aa68b80c3d2bd64c07b1c87343804f2f314668445,ae9bae7b7f7a637e643715b9ebf457a447973061f4f0d32756b5d7e87775b615,5419a1359c78518fd4dac733d7a0a58fcb1ea609e2737ca522cc2999dc888c47,completed
present80_projected_geometry_full,present80_rkmp_controls_v1,present80_rkmp_controls_v1,analysis,PRESENT-80,9,8,202,D1_vs_D1,10000,16,0.018581312149763107,480ff0976dad052f538d1fc3325d5c1ad6a88a82087d9aaa7e931a21d92e0bb8,e17494764a0b70d71507941c0870a216154a356e6eed2a4bcdcd75a1fdd00e85,,0.042934171855449677,0.04304865375161171,0.04304865375161171,-0.00011448189616203308,38137.390625,-9.100005427785054e-05,0.5015000000000001,30,0.561759616466082,0.4975389184365561,0.4550306576177034,3,32d67accd99a1e61ae9d483aa68b80c3d2bd64c07b1c87343804f2f314668445,ae9bae7b7f7a637e643715b9ebf457a447973061f4f0d32756b5d7e87775b615,5419a1359c78518fd4dac733d7a0a58fcb1ea609e2737ca522cc2999dc888c47,completed
present80_projected_geometry_full,present80_rkmp_controls_v1,present80_rkmp_controls_v1,analysis,PRESENT-80,9,8,202,pair_shuffled,10000,16,0.018581312149763107,480ff0976dad052f538d1fc3325d5c1ad6a88a82087d9aaa7e931a21d92e0bb8,e17494764a0b70d71507941c0870a216154a356e6eed2a4bcdcd75a1fdd00e85,,0.04162856563925743,0.04304865375161171,0.04304865375161171,-0.0014200881123542786,53711.44921875,6.910581363710432e-05,0.5065,54,0.2420895176753232,0.15847881100896508,0.13829766868049795,3,32d67accd99a1e61ae9d483aa68b80c3d2bd64c07b1c87343804f2f314668445,ae9bae7b7f7a637e643715b9ebf457a447973061f4f0d32756b5d7e87775b615,5419a1359c78518fd4dac733d7a0a58fcb1ea609e2737ca522cc2999dc888c47,completed
present80_projected_geometry_full,present80_rkmp_controls_v1,present80_rkmp_controls_v1,analysis,PRESENT-80,9,8,203,D0_vs_D0,10000,16,0.018515989184379578,05eca17f491905a555616cf1725f0f64bd9c64999aab3f4ff147eea719b225c0,e17494764a0b70d71507941c0870a216154a356e6eed2a4bcdcd75a1fdd00e85,,0.04280182346701622,0.04282747954130173,0.04282747954130173,-2.5656074285507202e-05,38206.703125,-7.499733395454467e-05,0.5025,52,0.09587990635353272,0.08646227731305033,0.043334895561670396,3,4edc37a5761e740c112ed32ddc392d7dba667445b7293f98953d61bd173eaa59,ae9bae7b7f7a637e643715b9ebf457a447973061f4f0d32756b5d7e87775b615,43edc4dc09194b9ac826e759890be8ecdf232cba45bba3d3e18ba25d6afcafa8,completed
present80_projected_geometry_full,present80_rkmp_controls_v1,present80_rkmp_controls_v1,analysis,PRESENT-80,9,8,203,D1_vs_D0,10000,16,0.018515989184379578,05eca17f491905a555616cf1725f0f64bd9c64999aab3f4ff147eea719b225c0,e17494764a0b70d71507941c0870a216154a356e6eed2a4bcdcd75a1fdd00e85,,0.041345950216054916,0.04282747954130173,0.04282747954130173,-0.001481529325246811,68463.9921875,-9.997189756974158e-05,0.5001,45,0.10471025546779363,0.002859641526703957,0.0022042189270850597,3,4edc37a5761e740c112ed32ddc392d7dba667445b7293f98953d61bd173eaa59,ae9bae7b7f7a637e643715b9ebf457a447973061f4f0d32756b5d7e87775b615,43edc4dc09194b9ac826e759890be8ecdf232cba45bba3d3e18ba25d6afcafa8,completed
present80_projected_geometry_full,present80_rkmp_controls_v1,present80_rkmp_controls_v1,analysis,PRESENT-80,9,8,203,D1_vs_D1,10000,16,0.018515989184379578,05eca17f491905a555616cf1725f0f64bd9c64999aab3f4ff147eea719b225c0,e17494764a0b70d71507941c0870a216154a356e6eed2a4bcdcd75a1fdd00e85,,0.042853135615587234,0.04282747954130173,0.04282747954130173,2.5656074285507202e-05,38430.99609375,-5.375795065345216e-05,0.5034000000000001,38,0.11792083195696783,0.09440419900789951,0.01933429427695825,3,4edc37a5761e740c112ed32ddc392d7dba667445b7293f98953d61bd173eaa59,ae9bae7b7f7a637e643715b9ebf457a447973061f4f0d32756b5d7e87775b615,43edc4dc09194b9ac826e759890be8ecdf232cba45bba3d3e18ba25d6afcafa8,completed
present80_projected_geometry_full,present80_rkmp_controls_v1,present80_rkmp_controls_v1,analysis,PRESENT-80,9,8,203,pair_shuffled,10000,16,0.018515989184379578,05eca17f491905a555616cf1725f0f64bd9c64999aab3f4ff147eea719b225c0,e17494764a0b70d71507941c0870a216154a356e6eed2a4bcdcd75a1fdd00e85,,0.041950926184654236,0.04282747954130173,0.04282747954130173,-0.0008765533566474915,53491.3984375,0.00018913421914228465,0.5085,59,0.36703112047870495,0.3445035055059711,0.29261028317171645,3,4edc37a5761e740c112ed32ddc392d7dba667445b7293f98953d61bd173eaa59,ae9bae7b7f7a637e643715b9ebf457a447973061f4f0d32756b5d7e87775b615,43edc4dc09194b9ac826e759890be8ecdf232cba45bba3d3e18ba25d6afcafa8,completed
present80_projected_geometry_full,present80_rkmp_controls_v1,present80_rkmp_controls_v1,analysis,PRESENT-80,9,16,201,D0_vs_D0,10000,16,0.011553612537682056,fe4442b3add4d1b2076b598f862e546624689f14c24cec2b6fda6a5ecffdbdbc,e17494764a0b70d71507941c0870a216154a356e6eed2a4bcdcd75a1fdd00e85,,0.04258030652999878,0.04278196021914482,0.04278196021914482,-0.00020165368914604187,38105.27734375,-6.85892492132094e-05,0.5028,29,0.303916040438117,0.2604341971546412,0.18706151251289177,3,948dceb559da0c3fff63324bc0f33799ce1662008513b77c4336ac7afc9681f6,ae9bae7b7f7a637e643715b9ebf457a447973061f4f0d32756b5d7e87775b615,1cf015de2c6d960d5da320c4b87a994c10d1ad6ee83c4bb69f9e0f50399b96dd,completed
present80_projected_geometry_full,present80_rkmp_controls_v1,present80_rkmp_controls_v1,analysis,PRESENT-80,9,16,201,D1_vs_D0,10000,16,0.011553612537682056,fe4442b3add4d1b2076b598f862e546624689f14c24cec2b6fda6a5ecffdbdbc,e17494764a0b70d71507941c0870a216154a356e6eed2a4bcdcd75a1fdd00e85,,0.04094203934073448,0.04278196021914482,0.04278196021914482,-0.0018399208784103394,85485.828125,-9.936033411936133e-05,0.5004,32,0.04833435617093171,0.048216868160197796,0.04333488840557049,3,948dceb559da0c3fff63324bc0f33799ce1662008513b77c4336ac7afc9681f6,ae9bae7b7f7a637e643715b9ebf457a447973061f4f0d32756b5d7e87775b615,1cf015de2c6d960d5da320c4b87a994c10d1ad6ee83c4bb69f9e0f50399b96dd,completed
present80_projected_geometry_full,present80_rkmp_controls_v1,present80_rkmp_controls_v1,analysis,PRESENT-80,9,16,201,D1_vs_D1,10000,16,0.011553612537682056,fe4442b3add4d1b2076b598f862e546624689f14c24cec2b6fda6a5ecffdbdbc,e17494764a0b70d71507941c0870a216154a356e6eed2a4bcdcd75a1fdd00e85,,0.04298361390829086,0.04278196021914482,0.04278196021914482,0.00020165368914604187,38410.5703125,-7.697667525622713e-05,0.5024,48,0.45303434440453844,0.3717932220764652,0.3645108913196027,3,948dceb559da0c3fff63324bc0f33799ce1662008513b77c4336ac7afc9681f6,ae9bae7b7f7a637e643715b9ebf457a447973061f4f0d32756b5d7e87775b615,1cf015de2c6d960d5da320c4b87a994c10d1ad6ee83c4bb69f9e0f50399b96dd,completed
present80_projected_geometry_full,present80_rkmp_controls_v1,present80_rkmp_controls_v1,analysis,PRESENT-80,9,16,201,pair_shuffled,10000,16,0.011553612537682056,fe4442b3add4d1b2076b598f862e546624689f14c24cec2b6fda6a5ecffdbdbc,e17494764a0b70d71507941c0870a216154a356e6eed2a4bcdcd75a1fdd00e85,,0.04106282442808151,0.04278196021914482,0.04278196021914482,-0.0017191357910633087,61943.8125,-7.501717941157674e-05,0.5025,43,0.4358235304373152,0.344268658730876,0.2670089506240005,3,948dceb559da0c3fff63324bc0f33799ce1662008513b77c4336ac7afc9681f6,ae9bae7b7f7a637e643715b9ebf457a447973061f4f0d32756b5d7e87775b615,1cf015de2c6d960d5da320c4b87a994c10d1ad6ee83c4bb69f9e0f50399b96dd,completed
present80_projected_geometry_full,present80_rkmp_controls_v1,present80_rkmp_controls_v1,analysis,PRESENT-80,9,16,202,D0_vs_D0,10000,16,0.01158132404088974,2ae30f7a2e11277ef7677820b69d1ce49c25d118d3dcd41b68e0ec96433d81a3,e17494764a0b70d71507941c0870a216154a356e6eed2a4bcdcd75a1fdd00e85,,0.04229063168168068,0.042666610330343246,0.042666610330343246,-0.00037597864866256714,38286.84765625,-6.633419202344691e-05,0.5029,29,0.08120543747999848,0.025310921900941523,0.009900990099009901,3,08532e5485702627525715b81d35286bf83c1231fde06a783ad0b98bd61ccee2,ae9bae7b7f7a637e643715b9ebf457a447973061f4f0d32756b5d7e87775b615,3c14958fffd50cd23fd4849476ebe0437171778370f4132944e72b9466ce5a97,completed
present80_projected_geometry_full,present80_rkmp_controls_v1,present80_rkmp_controls_v1,analysis,PRESENT-80,9,16,202,D1_vs_D0,10000,16,0.01158132404088974,2ae30f7a2e11277ef7677820b69d1ce49c25d118d3dcd41b68e0ec96433d81a3,e17494764a0b70d71507941c0870a216154a356e6eed2a4bcdcd75a1fdd00e85,,0.041435495018959045,0.042666610330343246,0.042666610330343246,-0.001231115311384201,85660.875,-9.517212172045108e-05,0.5011,44,0.04834044070683433,0.059344373402581814,0.009040272398054123,3,08532e5485702627525715b81d35286bf83c1231fde06a783ad0b98bd61ccee2,ae9bae7b7f7a637e643715b9ebf457a447973061f4f0d32756b5d7e87775b615,3c14958fffd50cd23fd4849476ebe0437171778370f4132944e72b9466ce5a97,completed
present80_projected_geometry_full,present80_rkmp_controls_v1,present80_rkmp_controls_v1,analysis,PRESENT-80,9,16,202,D1_vs_D1,10000,16,0.01158132404088974,2ae30f7a2e11277ef7677820b69d1ce49c25d118d3dcd41b68e0ec96433d81a3,e17494764a0b70d71507941c0870a216154a356e6eed2a4bcdcd75a1fdd00e85,,0.043042588979005814,0.042666610330343246,0.042666610330343246,0.00037597864866256714,38400.12109375,0.0001890391781122723,0.5085,31,0.3291692303372646,0.3216480101877276,0.23767753647265719,3,08532e5485702627525715b81d35286bf83c1231fde06a783ad0b98bd61ccee2,ae9bae7b7f7a637e643715b9ebf457a447973061f4f0d32756b5d7e87775b615,3c14958fffd50cd23fd4849476ebe0437171778370f4132944e72b9466ce5a97,completed
present80_projected_geometry_full,present80_rkmp_controls_v1,present80_rkmp_controls_v1,analysis,PRESENT-80,9,16,202,pair_shuffled,10000,16,0.01158132404088974,2ae30f7a2e11277ef7677820b69d1ce49c25d118d3dcd41b68e0ec96433d81a3,e17494764a0b70d71507941c0870a216154a356e6eed2a4bcdcd75a1fdd00e85,,0.0413399338722229,0.042666610330343246,0.042666610330343246,-0.001326676458120346,61836.1171875,-3.915903122340166e-05,0.5039,38,0.5907270992927581,0.5255775590016866,0.4708175193176047,3,08532e5485702627525715b81d35286bf83c1231fde06a783ad0b98bd61ccee2,ae9bae7b7f7a637e643715b9ebf457a447973061f4f0d32756b5d7e87775b615,3c14958fffd50cd23fd4849476ebe0437171778370f4132944e72b9466ce5a97,completed
present80_projected_geometry_full,present80_rkmp_controls_v1,present80_rkmp_controls_v1,analysis,PRESENT-80,9,16,203,D0_vs_D0,10000,16,0.011560056358575821,afebf3c974f8d8a17477191bea806354bf8045c2690c8fdcd3636484199757d0,e17494764a0b70d71507941c0870a216154a356e6eed2a4bcdcd75a1fdd00e85,,0.04322410374879837,0.042630454525351524,0.042630454525351524,0.000593649223446846,38213.9296875,-1.900700130712712e-05,0.5045,36,0.11140914756326596,0.08930994073739176,0.01267026238516667,3,3fac547b504995aba504004d00d646cc9e96ede87de5b4ef45c931028a39e66c,ae9bae7b7f7a637e643715b9ebf457a447973061f4f0d32756b5d7e87775b615,70d48d62996b28652f867dd203d50f837b7b356b9b19416a24118544472a42e8,completed
present80_projected_geometry_full,present80_rkmp_controls_v1,present80_rkmp_controls_v1,analysis,PRESENT-80,9,16,203,D1_vs_D0,10000,16,0.011560056358575821,afebf3c974f8d8a17477191bea806354bf8045c2690c8fdcd3636484199757d0,e17494764a0b70d71507941c0870a216154a356e6eed2a4bcdcd75a1fdd00e85,,0.04128183051943779,0.042630454525351524,0.042630454525351524,-0.0013486240059137344,85523.25,-9.425629096260479e-05,0.5012,37,0.03815818567773373,0.002204267850612171,-6.854388456120584e-09,3,3fac547b504995aba504004d00d646cc9e96ede87de5b4ef45c931028a39e66c,ae9bae7b7f7a637e643715b9ebf457a447973061f4f0d32756b5d7e87775b615,70d48d62996b28652f867dd203d50f837b7b356b9b19416a24118544472a42e8,completed
present80_projected_geometry_full,present80_rkmp_controls_v1,present80_rkmp_controls_v1,analysis,PRESENT-80,9,16,203,D1_vs_D1,10000,16,0.011560056358575821,afebf3c974f8d8a17477191bea806354bf8045c2690c8fdcd3636484199757d0,e17494764a0b70d71507941c0870a216154a356e6eed2a4bcdcd75a1fdd00e85,,0.04203680530190468,0.042630454525351524,0.042630454525351524,-0.000593649223446846,38451.32421875,-6.637631524154239e-05,0.5029,22,0.24861401616001044,0.2339858319295585,0.1526399210310321,3,3fac547b504995aba504004d00d646cc9e96ede87de5b4ef45c931028a39e66c,ae9bae7b7f7a637e643715b9ebf457a447973061f4f0d32756b5d7e87775b615,70d48d62996b28652f867dd203d50f837b7b356b9b19416a24118544472a42e8,completed
present80_projected_geometry_full,present80_rkmp_controls_v1,present80_rkmp_controls_v1,analysis,PRESENT-80,9,16,203,pair_shuffled,10000,16,0.011560056358575821,afebf3c974f8d8a17477191bea806354bf8045c2690c8fdcd3636484199757d0,e17494764a0b70d71507941c0870a216154a356e6eed2a4bcdcd75a1fdd00e85,,0.040431272238492966,0.042630454525351524,0.042630454525351524,-0.0021991822868585587,61873.625,-9.997855556674431e-05,0.5001,50,0.06801338239242986,0.0010290572332372168,0.0004107941820043575,3,3fac547b504995aba504004d00d646cc9e96ede87de5b4ef45c931028a39e66c,ae9bae7b7f7a637e643715b9ebf457a447973061f4f0d32756b5d7e87775b615,70d48d62996b28652f867dd203d50f837b7b356b9b19416a24118544472a42e8,completed
present80_projected_geometry_full,present80_rkmp_controls_v1,present80_rkmp_controls_v1,analysis,PRESENT-80,9,32,201,D0_vs_D0,10000,16,0.00763742346316576,8e2cfb54e63b38ffd7fcbbc3b96fef6f58597f4eeab41761380d2c374c61a52a,e17494764a0b70d71507941c0870a216154a356e6eed2a4bcdcd75a1fdd00e85,,0.042320616543293,0.04267690144479275,0.04267690144479275,-0.00035628490149974823,38342.890625,-7.294489061470849e-05,0.5025999999999999,50,0.16279150451323907,0.027061761136885448,0.004661443480850497,3,45a2444372de7447ad34c3a048882ad6c3865ff20c29c864c781255093bfc5ab,ae9bae7b7f7a637e643715b9ebf457a447973061f4f0d32756b5d7e87775b615,bdc6e777a5859c594508ea90af5697af22f9896a0c57f4d165f2f2377f793559,completed
present80_projected_geometry_full,present80_rkmp_controls_v1,present80_rkmp_controls_v1,analysis,PRESENT-80,9,32,201,D1_vs_D0,10000,16,0.00763742346316576,8e2cfb54e63b38ffd7fcbbc3b96fef6f58597f4eeab41761380d2c374c61a52a,e17494764a0b70d71507941c0870a216154a356e6eed2a4bcdcd75a1fdd00e85,,0.04108958691358566,0.04267690144479275,0.04267690144479275,-0.0015873145312070847,113019.0234375,-2.9439487501362528e-05,0.5042,48,0.003433624249180891,-6.864686468646865e-05,-9.93672764597283e-05,3,45a2444372de7447ad34c3a048882ad6c3865ff20c29c864c781255093bfc5ab,ae9bae7b7f7a637e643715b9ebf457a447973061f4f0d32756b5d7e87775b615,bdc6e777a5859c594508ea90af5697af22f9896a0c57f4d165f2f2377f793559,completed
present80_projected_geometry_full,present80_rkmp_controls_v1,present80_rkmp_controls_v1,analysis,PRESENT-80,9,32,201,D1_vs_D1,10000,16,0.00763742346316576,8e2cfb54e63b38ffd7fcbbc3b96fef6f58597f4eeab41761380d2c374c61a52a,e17494764a0b70d71507941c0870a216154a356e6eed2a4bcdcd75a1fdd00e85,,0.043033186346292496,0.04267690144479275,0.04267690144479275,0.00035628490149974823,38355.046875,-9.601254583170182e-05,0.501,53,0.5407429572382201,0.4381878175748966,0.4149351421701633,3,45a2444372de7447ad34c3a048882ad6c3865ff20c29c864c781255093bfc5ab,ae9bae7b7f7a637e643715b9ebf457a447973061f4f0d32756b5d7e87775b615,bdc6e777a5859c594508ea90af5697af22f9896a0c57f4d165f2f2377f793559,completed
present80_projected_geometry_full,present80_rkmp_controls_v1,present80_rkmp_controls_v1,analysis,PRESENT-80,9,32,201,pair_shuffled,10000,16,0.00763742346316576,8e2cfb54e63b38ffd7fcbbc3b96fef6f58597f4eeab41761380d2c374c61a52a,e17494764a0b70d71507941c0870a216154a356e6eed2a4bcdcd75a1fdd00e85,,0.03949742764234543,0.04267690144479275,0.04267690144479275,-0.003179473802447319,75675.2421875,0.00023857385877175435,0.5092,42,0.25913119286827796,0.06280691253310887,0.031020067391544087,3,45a2444372de7447ad34c3a048882ad6c3865ff20c29c864c781255093bfc5ab,ae9bae7b7f7a637e643715b9ebf457a447973061f4f0d32756b5d7e87775b615,bdc6e777a5859c594508ea90af5697af22f9896a0c57f4d165f2f2377f793559,completed
present80_projected_geometry_full,present80_rkmp_controls_v1,present80_rkmp_controls_v1,analysis,PRESENT-80,9,32,202,D0_vs_D0,10000,16,0.007622359786182642,245e8b0c5e1a5676c73a141359f65c10ce556edcea61fd00d62d2157645ddf2d,e17494764a0b70d71507941c0870a216154a356e6eed2a4bcdcd75a1fdd00e85,,0.04298045486211777,0.04295435920357704,0.04295435920357704,2.6095658540725708e-05,38026.0078125,-2.5975305053535232e-05,0.5043,31,0.6318495360990473,0.6645174870079796,0.5284818377263402,3,ecf11aa810a828759d4d276f7680e1b6e9a95fbd09a9d6a5589d3cc05427df73,ae9bae7b7f7a637e643715b9ebf457a447973061f4f0d32756b5d7e87775b615,ed37534213f520b05fa73667a494f1d91fb3be1ffe87f7fc25371c5b2e380f37,completed
present80_projected_geometry_full,present80_rkmp_controls_v1,present80_rkmp_controls_v1,analysis,PRESENT-80,9,32,202,D1_vs_D0,10000,16,0.007622359786182642,245e8b0c5e1a5676c73a141359f65c10ce556edcea61fd00d62d2157645ddf2d,e17494764a0b70d71507941c0870a216154a356e6eed2a4bcdcd75a1fdd00e85,,0.04104946181178093,0.04295435920357704,0.04295435920357704,-0.001904897391796112,112816.796875,-8.845634704826878e-05,0.5017,46,0.05214129300815881,0.07652589492400834,-9.901735521874753e-05,3,ecf11aa810a828759d4d276f7680e1b6e9a95fbd09a9d6a5589d3cc05427df73,ae9bae7b7f7a637e643715b9ebf457a447973061f4f0d32756b5d7e87775b615,ed37534213f520b05fa73667a494f1d91fb3be1ffe87f7fc25371c5b2e380f37,completed
present80_projected_geometry_full,present80_rkmp_controls_v1,present80_rkmp_controls_v1,analysis,PRESENT-80,9,32,202,D1_vs_D1,10000,16,0.007622359786182642,245e8b0c5e1a5676c73a141359f65c10ce556edcea61fd00d62d2157645ddf2d,e17494764a0b70d71507941c0870a216154a356e6eed2a4bcdcd75a1fdd00e85,,0.042928263545036316,0.04295435920357704,0.04295435920357704,-2.6095658540725708e-05,38229.57421875,-9.965705111962397e-05,0.5003,38,0.1899460095932793,0.0560746046356905,0.0023012344072628798,3,ecf11aa810a828759d4d276f7680e1b6e9a95fbd09a9d6a5589d3cc05427df73,ae9bae7b7f7a637e643715b9ebf457a447973061f4f0d32756b5d7e87775b615,ed37534213f520b05fa73667a494f1d91fb3be1ffe87f7fc25371c5b2e380f37,completed
present80_projected_geometry_full,present80_rkmp_controls_v1,present80_rkmp_controls_v1,analysis,PRESENT-80,9,32,202,pair_shuffled,10000,16,0.007622359786182642,245e8b0c5e1a5676c73a141359f65c10ce556edcea61fd00d62d2157645ddf2d,e17494764a0b70d71507941c0870a216154a356e6eed2a4bcdcd75a1fdd00e85,,0.039369262754917145,0.04295435920357704,0.04295435920357704,-0.003585096448659897,75781.6171875,-9.517807547765839e-05,0.5011,23,0.3592549334672084,0.3303281279816955,0.32369337763409,3,ecf11aa810a828759d4d276f7680e1b6e9a95fbd09a9d6a5589d3cc05427df73,ae9bae7b7f7a637e643715b9ebf457a447973061f4f0d32756b5d7e87775b615,ed37534213f520b05fa73667a494f1d91fb3be1ffe87f7fc25371c5b2e380f37,completed
present80_projected_geometry_full,present80_rkmp_controls_v1,present80_rkmp_controls_v1,analysis,PRESENT-80,9,32,203,D0_vs_D0,10000,16,0.007620356511324644,6bd1d4889194dabb005e89d8ae50d5b854176567b593e9cf7870831bfa2b54b5,e17494764a0b70d71507941c0870a216154a356e6eed2a4bcdcd75a1fdd00e85,,0.0420013852417469,0.0423398707062006,0.0423398707062006,-0.0003384854644536972,38303.56640625,-9.900501552951525e-05,0.5005,38,0.1199884291002184,0.12087684268922619,0.030318564154379776,3,b5825aae6dad3dc4ec16e981cc642f7436738756e500a18c3d01b53a10b3c7be,ae9bae7b7f7a637e643715b9ebf457a447973061f4f0d32756b5d7e87775b615,581feb3213560349fbdcc032515431ce2530633c1e183c09d4b8875434763d40,completed
present80_projected_geometry_full,present80_rkmp_controls_v1,present80_rkmp_controls_v1,analysis,PRESENT-80,9,32,203,D1_vs_D0,10000,16,0.007620356511324644,6bd1d4889194dabb005e89d8ae50d5b854176567b593e9cf7870831bfa2b54b5,e17494764a0b70d71507941c0870a216154a356e6eed2a4bcdcd75a1fdd00e85,,0.04113978520035744,0.0423398707062006,0.0423398707062006,-0.0012000855058431625,112755.328125,-8.55626791774424e-05,0.5019,50,0.007821929989758692,0.004073568677225331,-5.376670881811069e-05,3,b5825aae6dad3dc4ec16e981cc642f7436738756e500a18c3d01b53a10b3c7be,ae9bae7b7f7a637e643715b9ebf457a447973061f4f0d32756b5d7e87775b615,581feb3213560349fbdcc032515431ce2530633c1e183c09d4b8875434763d40,completed
present80_projected_geometry_full,present80_rkmp_controls_v1,present80_rkmp_controls_v1,analysis,PRESENT-80,9,32,203,D1_vs_D1,10000,16,0.007620356511324644,6bd1d4889194dabb005e89d8ae50d5b854176567b593e9cf7870831bfa2b54b5,e17494764a0b70d71507941c0870a216154a356e6eed2a4bcdcd75a1fdd00e85,,0.0426783561706543,0.0423398707062006,0.0423398707062006,0.0003384854644536972,38222.96484375,-8.065576296676247e-05,0.5022,83,0.08034696562641468,0.007193913591207981,0.0025628607711135508,3,b5825aae6dad3dc4ec16e981cc642f7436738756e500a18c3d01b53a10b3c7be,ae9bae7b7f7a637e643715b9ebf457a447973061f4f0d32756b5d7e87775b615,581feb3213560349fbdcc032515431ce2530633c1e183c09d4b8875434763d40,completed
present80_projected_geometry_full,present80_rkmp_controls_v1,present80_rkmp_controls_v1,analysis,PRESENT-80,9,32,203,pair_shuffled,10000,16,0.007620356511324644,6bd1d4889194dabb005e89d8ae50d5b854176567b593e9cf7870831bfa2b54b5,e17494764a0b70d71507941c0870a216154a356e6eed2a4bcdcd75a1fdd00e85,,0.03996014967560768,0.0423398707062006,0.0423398707062006,-0.0023797210305929184,76010.5859375,-2.9414521774366606e-05,0.5042,39,0.45102303104300806,0.3970917680742039,0.3938211504115166,3,b5825aae6dad3dc4ec16e981cc642f7436738756e500a18c3d01b53a10b3c7be,ae9bae7b7f7a637e643715b9ebf457a447973061f4f0d32756b5d7e87775b615,581feb3213560349fbdcc032515431ce2530633c1e183c09d4b8875434763d40,completed
present80_projected_geometry_full,present80_rkmp_controls_v1,present80_rkmp_controls_v1,analysis,PRESENT-80,10,1,201,D0_vs_D0,10000,16,0.10382692515850067,65fbd1c4b27566c7e24ef45a6c676e2a83428d9ce9a3a284e7fe8e73a008d54c,e17494764a0b70d71507941c0870a216154a356e6eed2a4bcdcd75a1fdd00e85,False,0.0434529073536396,0.0431551169604063,0.0431551169604063,0.00029779039323329926,38323.82421875,0.0003494650129802303,0.5105999999999999,59,0.6370039646229695,0.6444522822604427,0.5836543627884555,3,21c08623635bc1ea001b91ac52fb9536f9e4f3513900d49db445f0fd9eb58e23,ae9bae7b7f7a637e643715b9ebf457a447973061f4f0d32756b5d7e87775b615,280e1feede6b1ce875a88634acb500fbdc3b99810a718b1d2784cb45bffce5ec,completed
present80_projected_geometry_full,present80_rkmp_controls_v1,present80_rkmp_controls_v1,analysis,PRESENT-80,10,1,201,D1_vs_D0,10000,16,0.10382692515850067,65fbd1c4b27566c7e24ef45a6c676e2a83428d9ce9a3a284e7fe8e73a008d54c,e17494764a0b70d71507941c0870a216154a356e6eed2a4bcdcd75a1fdd00e85,False,0.04185003787279129,0.0431551169604063,0.0431551169604063,-0.0013050790876150131,47742.6953125,2.552017379878421e-05,0.5056,23,0.09584771295392713,0.024550729035155643,0.018834710520186006,3,21c08623635bc1ea001b91ac52fb9536f9e4f3513900d49db445f0fd9eb58e23,ae9bae7b7f7a637e643715b9ebf457a447973061f4f0d32756b5d7e87775b615,280e1feede6b1ce875a88634acb500fbdc3b99810a718b1d2784cb45bffce5ec,completed
present80_projected_geometry_full,present80_rkmp_controls_v1,present80_rkmp_controls_v1,analysis,PRESENT-80,10,1,201,D1_vs_D1,10000,16,0.10382692515850067,65fbd1c4b27566c7e24ef45a6c676e2a83428d9ce9a3a284e7fe8e73a008d54c,e17494764a0b70d71507941c0870a216154a356e6eed2a4bcdcd75a1fdd00e85,False,0.042857326567173004,0.0431551169604063,0.0431551169604063,-0.00029779039323329926,38047.33984375,-6.860845437022485e-05,0.5028,86,0.44494992819608736,0.4044362972859501,0.32734560849628425,3,21c08623635bc1ea001b91ac52fb9536f9e4f3513900d49db445f0fd9eb58e23,ae9bae7b7f7a637e643715b9ebf457a447973061f4f0d32756b5d7e87775b615,280e1feede6b1ce875a88634acb500fbdc3b99810a718b1d2784cb45bffce5ec,completed
present80_projected_geometry_full,present80_rkmp_controls_v1,present80_rkmp_controls_v1,analysis,PRESENT-80,10,1,201,pair_shuffled,10000,16,0.10382692515850067,65fbd1c4b27566c7e24ef45a6c676e2a83428d9ce9a3a284e7fe8e73a008d54c,e17494764a0b70d71507941c0870a216154a356e6eed2a4bcdcd75a1fdd00e85,False,0.0421932227909565,0.0431551169604063,0.0431551169604063,-0.0009618941694498062,45383.5,-1.8743519674598747e-05,0.5045,80,0.19589173240286306,0.07909398397870362,0.07356555436782014,3,21c08623635bc1ea001b91ac52fb9536f9e4f3513900d49db445f0fd9eb58e23,ae9bae7b7f7a637e643715b9ebf457a447973061f4f0d32756b5d7e87775b615,280e1feede6b1ce875a88634acb500fbdc3b99810a718b1d2784cb45bffce5ec,completed
present80_projected_geometry_full,present80_rkmp_controls_v1,present80_rkmp_controls_v1,analysis,PRESENT-80,10,1,202,D0_vs_D0,10000,16,0.10355494171380997,31a74d20862bcabc2673e24c3e270385babd6df996c1e2a62bec7069eb4c1d83,e17494764a0b70d71507941c0870a216154a356e6eed2a4bcdcd75a1fdd00e85,False,0.042679011821746826,0.0426420234143734,0.0426420234143734,3.6988407373428345e-05,38265.0703125,-7.688525794616124e-05,0.5024,46,0.08297097272346475,0.07226824341993722,0.003172181406862463,3,cf9e111ade57ef954819ece8aa25887334db65dd26b54a9aa2d4eaa4ab14ed66,ae9bae7b7f7a637e643715b9ebf457a447973061f4f0d32756b5d7e87775b615,7ac55e7fa4ccb3f1aa1452b432ee16bb6a8397aa410737c15f1892447d8724ac,completed
present80_projected_geometry_full,present80_rkmp_controls_v1,present80_rkmp_controls_v1,analysis,PRESENT-80,10,1,202,D1_vs_D0,10000,16,0.10355494171380997,31a74d20862bcabc2673e24c3e270385babd6df996c1e2a62bec7069eb4c1d83,e17494764a0b70d71507941c0870a216154a356e6eed2a4bcdcd75a1fdd00e85,False,0.04153115302324295,0.0426420234143734,0.0426420234143734,-0.0011108703911304474,47627.16015625,-8.055818359250052e-05,0.5022,42,0.0750092035457909,0.09452712381705912,0.02921197887795859,3,cf9e111ade57ef954819ece8aa25887334db65dd26b54a9aa2d4eaa4ab14ed66,ae9bae7b7f7a637e643715b9ebf457a447973061f4f0d32756b5d7e87775b615,7ac55e7fa4ccb3f1aa1452b432ee16bb6a8397aa410737c15f1892447d8724ac,completed
present80_projected_geometry_full,present80_rkmp_controls_v1,present80_rkmp_controls_v1,analysis,PRESENT-80,10,1,202,D1_vs_D1,10000,16,0.10355494171380997,31a74d20862bcabc2673e24c3e270385babd6df996c1e2a62bec7069eb4c1d83,e17494764a0b70d71507941c0870a216154a356e6eed2a4bcdcd75a1fdd00e85,False,0.04260503500699997,0.0426420234143734,0.0426420234143734,-3.6988407373428345e-05,38173.20703125,-2.6043768523581977e-05,0.5043,46,0.4288305907169716,0.471366699534502,0.31532609215936647,3,cf9e111ade57ef954819ece8aa25887334db65dd26b54a9aa2d4eaa4ab14ed66,ae9bae7b7f7a637e643715b9ebf457a447973061f4f0d32756b5d7e87775b615,7ac55e7fa4ccb3f1aa1452b432ee16bb6a8397aa410737c15f1892447d8724ac,completed
present80_projected_geometry_full,present80_rkmp_controls_v1,present80_rkmp_controls_v1,analysis,PRESENT-80,10,1,202,pair_shuffled,10000,16,0.10355494171380997,31a74d20862bcabc2673e24c3e270385babd6df996c1e2a62bec7069eb4c1d83,e17494764a0b70d71507941c0870a216154a356e6eed2a4bcdcd75a1fdd00e85,False,0.04252326115965843,0.0426420234143734,0.0426420234143734,-0.00011876225471496582,45200.78125,-8.554965145790665e-05,0.5019,32,0.16196050498156556,0.16039636555141856,0.012177794108890489,3,cf9e111ade57ef954819ece8aa25887334db65dd26b54a9aa2d4eaa4ab14ed66,ae9bae7b7f7a637e643715b9ebf457a447973061f4f0d32756b5d7e87775b615,7ac55e7fa4ccb3f1aa1452b432ee16bb6a8397aa410737c15f1892447d8724ac,completed
present80_projected_geometry_full,present80_rkmp_controls_v1,present80_rkmp_controls_v1,analysis,PRESENT-80,10,1,203,D0_vs_D0,10000,16,0.10358497500419617,e8fa97ee29c1a6741b01276696c39a58a8aa2fc7be6b470ce252a9011ab4897a,e17494764a0b70d71507941c0870a216154a356e6eed2a4bcdcd75a1fdd00e85,False,0.04267416521906853,0.04257200472056866,0.04257200472056866,0.0001021604984998703,38203.65234375,-9.936739223198182e-05,0.5004,62,0.34484296664538405,0.31577557867200545,0.1729733049192538,3,6aed39477e71655de8e847948bb7ae5a69022072aaddff30e8395b9eddca5816,ae9bae7b7f7a637e643715b9ebf457a447973061f4f0d32756b5d7e87775b615,bac1fa8c7d67800c63120bac3ba17fe036d72e2a6a260ed3e8b13ea89ec87eaf,completed
present80_projected_geometry_full,present80_rkmp_controls_v1,present80_rkmp_controls_v1,analysis,PRESENT-80,10,1,203,D1_vs_D0,10000,16,0.10358497500419617,e8fa97ee29c1a6741b01276696c39a58a8aa2fc7be6b470ce252a9011ab4897a,e17494764a0b70d71507941c0870a216154a356e6eed2a4bcdcd75a1fdd00e85,False,0.041670896112918854,0.04257200472056866,0.04257200472056866,-0.0009011086076498032,47633.2421875,-8.065728339344338e-05,0.5022,69,0.06438124225315987,0.0011251240205914495,-9.517870248511912e-05,3,6aed39477e71655de8e847948bb7ae5a69022072aaddff30e8395b9eddca5816,ae9bae7b7f7a637e643715b9ebf457a447973061f4f0d32756b5d7e87775b615,bac1fa8c7d67800c63120bac3ba17fe036d72e2a6a260ed3e8b13ea89ec87eaf,completed
present80_projected_geometry_full,present80_rkmp_controls_v1,present80_rkmp_controls_v1,analysis,PRESENT-80,10,1,203,D1_vs_D1,10000,16,0.10358497500419617,e8fa97ee29c1a6741b01276696c39a58a8aa2fc7be6b470ce252a9011ab4897a,e17494764a0b70d71507941c0870a216154a356e6eed2a4bcdcd75a1fdd00e85,False,0.04246984422206879,0.04257200472056866,0.04257200472056866,-0.0001021604984998703,38058.82421875,-3.2773274654799866e-05,0.5041,43,0.24182560145121157,0.10218227580516744,0.05693112399000237,3,6aed39477e71655de8e847948bb7ae5a69022072aaddff30e8395b9eddca5816,ae9bae7b7f7a637e643715b9ebf457a447973061f4f0d32756b5d7e87775b615,bac1fa8c7d67800c63120bac3ba17fe036d72e2a6a260ed3e8b13ea89ec87eaf,completed
present80_projected_geometry_full,present80_rkmp_controls_v1,present80_rkmp_controls_v1,analysis,PRESENT-80,10,1,203,pair_shuffled,10000,16,0.10358497500419617,e8fa97ee29c1a6741b01276696c39a58a8aa2fc7be6b470ce252a9011ab4897a,e17494764a0b70d71507941c0870a216154a356e6eed2a4bcdcd75a1fdd00e85,False,0.04222981631755829,0.04257200472056866,0.04257200472056866,-0.00034218840301036835,45127.609375,0.00013733512348600637,0.5077,90,0.25234081347166243,0.17800192857447905,0.13445587831596764,3,6aed39477e71655de8e847948bb7ae5a69022072aaddff30e8395b9eddca5816,ae9bae7b7f7a637e643715b9ebf457a447973061f4f0d32756b5d7e87775b615,bac1fa8c7d67800c63120bac3ba17fe036d72e2a6a260ed3e8b13ea89ec87eaf,completed
present80_projected_geometry_full,present80_rkmp_controls_v1,present80_rkmp_controls_v1,analysis,PRESENT-80,10,2,201,D0_vs_D0,10000,16,0.05752605199813843,c383e8ec99f10a0ba3c62dd058b9d2ea5e9fc2ce48d1ed060df1c9901a225492,e17494764a0b70d71507941c0870a216154a356e6eed2a4bcdcd75a1fdd00e85,,0.0424853079020977,0.04281231015920639,0.04281231015920639,-0.00032700225710868835,38215.2578125,-9.937915575323739e-05,0.5004,72,0.29155498989294015,0.21466102067326143,0.1531092631986515,3,ecceca28e54cd95a7e7f6f7c521d3e6ca93f14672dbe7413fd4fedce334073c4,ae9bae7b7f7a637e643715b9ebf457a447973061f4f0d32756b5d7e87775b615,949631a856eb96d52cae755474ec5f924e220306a56c27781ff69d1d93223ccc,completed
present80_projected_geometry_full,present80_rkmp_controls_v1,present80_rkmp_controls_v1,analysis,PRESENT-80,10,2,201,D1_vs_D0,10000,16,0.05752605199813843,c383e8ec99f10a0ba3c62dd058b9d2ea5e9fc2ce48d1ed060df1c9901a225492,e17494764a0b70d71507941c0870a216154a356e6eed2a4bcdcd75a1fdd00e85,,0.04158814251422882,0.04281231015920639,0.04281231015920639,-0.0012241676449775696,52916.51953125,-9.994078423876924e-05,0.5001,70,0.23627402944878484,0.17969398956915006,0.09305637211564656,3,ecceca28e54cd95a7e7f6f7c521d3e6ca93f14672dbe7413fd4fedce334073c4,ae9bae7b7f7a637e643715b9ebf457a447973061f4f0d32756b5d7e87775b615,949631a856eb96d52cae755474ec5f924e220306a56c27781ff69d1d93223ccc,completed
present80_projected_geometry_full,present80_rkmp_controls_v1,present80_rkmp_controls_v1,analysis,PRESENT-80,10,2,201,D1_vs_D1,10000,16,0.05752605199813843,c383e8ec99f10a0ba3c62dd058b9d2ea5e9fc2ce48d1ed060df1c9901a225492,e17494764a0b70d71507941c0870a216154a356e6eed2a4bcdcd75a1fdd00e85,,0.04313931241631508,0.04281231015920639,0.04281231015920639,0.00032700225710868835,38339.015625,-9.517903576108556e-05,0.5011,48,0.6389410643740918,0.6386845054707889,0.5879410306348488,3,ecceca28e54cd95a7e7f6f7c521d3e6ca93f14672dbe7413fd4fedce334073c4,ae9bae7b7f7a637e643715b9ebf457a447973061f4f0d32756b5d7e87775b615,949631a856eb96d52cae755474ec5f924e220306a56c27781ff69d1d93223ccc,completed
present80_projected_geometry_full,present80_rkmp_controls_v1,present80_rkmp_controls_v1,analysis,PRESENT-80,10,2,201,pair_shuffled,10000,16,0.05752605199813843,c383e8ec99f10a0ba3c62dd058b9d2ea5e9fc2ce48d1ed060df1c9901a225492,e17494764a0b70d71507941c0870a216154a356e6eed2a4bcdcd75a1fdd00e85,,0.042525000870227814,0.04281231015920639,0.04281231015920639,-0.00028730928897857666,46779.6953125,0.0002168862817529528,0.5089,38,0.2566235272631071,0.018670612384563006,0.008181702039519685,3,ecceca28e54cd95a7e7f6f7c521d3e6ca93f14672dbe7413fd4fedce334073c4,ae9bae7b7f7a637e643715b9ebf457a447973061f4f0d32756b5d7e87775b615,949631a856eb96d52cae755474ec5f924e220306a56c27781ff69d1d93223ccc,completed
present80_projected_geometry_full,present80_rkmp_controls_v1,present80_rkmp_controls_v1,analysis,PRESENT-80,10,2,202,D0_vs_D0,10000,16,0.05736912786960602,d535e015bfe2725e5645871fb9f35305809598394b9d5a0a6360cc05437a4170,e17494764a0b70d71507941c0870a216154a356e6eed2a4bcdcd75a1fdd00e85,,0.04271498695015907,0.04251225106418133,0.04251225106418133,0.00020273588597774506,38104.671875,2.5435679056044918e-05,0.5056,55,0.48825362602729755,0.4815841563145382,0.4110785500749413,3,6d2b49068bbb4a49f9168fa21149878d4b12fedab64ffc88a1a0dc5fe328821b,ae9bae7b7f7a637e643715b9ebf457a447973061f4f0d32756b5d7e87775b615,b390ccf16eb123e8a6fb80d53456cba9b1399dea9f489ce975b5aa6e1b0f05ce,completed
present80_projected_geometry_full,present80_rkmp_controls_v1,present80_rkmp_controls_v1,analysis,PRESENT-80,10,2,202,D1_vs_D0,10000,16,0.05736912786960602,d535e015bfe2725e5645871fb9f35305809598394b9d5a0a6360cc05437a4170,e17494764a0b70d71507941c0870a216154a356e6eed2a4bcdcd75a1fdd00e85,,0.04166491702198982,0.04251225106418133,0.04251225106418133,-0.0008473340421915054,52769.3984375,-1.9003800606190454e-05,0.5045,60,0.197990943035097,0.17032087090467946,0.162809239364295,3,6d2b49068bbb4a49f9168fa21149878d4b12fedab64ffc88a1a0dc5fe328821b,ae9bae7b7f7a637e643715b9ebf457a447973061f4f0d32756b5d7e87775b615,b390ccf16eb123e8a6fb80d53456cba9b1399dea9f489ce975b5aa6e1b0f05ce,completed
present80_projected_geometry_full,present80_rkmp_controls_v1,present80_rkmp_controls_v1,analysis,PRESENT-80,10,2,202,D1_vs_D1,10000,16,0.05736912786960602,d535e015bfe2725e5645871fb9f35305809598394b9d5a0a6360cc05437a4170,e17494764a0b70d71507941c0870a216154a356e6eed2a4bcdcd75a1fdd00e85,,0.04230951517820358,0.04251225106418133,0.04251225106418133,-0.00020273588597774506,38285.8046875,-9.800122650595737e-05,0.5007,57,0.30979672583913526,0.36041605074653865,0.1863698936813845,3,6d2b49068bbb4a49f9168fa21149878d4b12fedab64ffc88a1a0dc5fe328821b,ae9bae7b7f7a637e643715b9ebf457a447973061f4f0d32756b5d7e87775b615,b390ccf16eb123e8a6fb80d53456cba9b1399dea9f489ce975b5aa6e1b0f05ce,completed
present80_projected_geometry_full,present80_rkmp_controls_v1,present80_rkmp_controls_v1,analysis,PRESENT-80,10,2,202,pair_shuffled,10000,16,0.05736912786960602,d535e015bfe2725e5645871fb9f35305809598394b9d5a0a6360cc05437a4170,e17494764a0b70d71507941c0870a216154a356e6eed2a4bcdcd75a1fdd00e85,,0.042376819998025894,0.04251225106418133,0.04251225106418133,-0.00013543106615543365,46456.26171875,-7.295769410885096e-05,0.5025999999999999,32,0.14026930875743077,0.003172156077928444,0.0021850596210719452,3,6d2b49068bbb4a49f9168fa21149878d4b12fedab64ffc88a1a0dc5fe328821b,ae9bae7b7f7a637e643715b9ebf457a447973061f4f0d32756b5d7e87775b615,b390ccf16eb123e8a6fb80d53456cba9b1399dea9f489ce975b5aa6e1b0f05ce,completed
present80_projected_geometry_full,present80_rkmp_controls_v1,present80_rkmp_controls_v1,analysis,PRESENT-80,10,2,203,D0_vs_D0,10000,16,0.057701677083969116,971b3b95d2dd4b186c8ec35261da307047f1479c71d2fdc990a211edcd8b87e0,e17494764a0b70d71507941c0870a216154a356e6eed2a4bcdcd75a1fdd00e85,,0.04282279685139656,0.04278283752501011,0.04278283752501011,3.995932638645172e-05,38311.5,-9.325756334816329e-05,0.5013000000000001,53,0.37586028313680714,0.3400562402425423,0.22176318631854294,3,b197dedeac620fe4a67b268ee058e78cf60bba58de99a21504e0a48e00ffad13,ae9bae7b7f7a637e643715b9ebf457a447973061f4f0d32756b5d7e87775b615,b5e030eb2c9cba0c872550b1679c1449878f53f99619ae8402d12d2703a1b94f,completed
present80_projected_geometry_full,present80_rkmp_controls_v1,present80_rkmp_controls_v1,analysis,PRESENT-80,10,2,203,D1_vs_D0,10000,16,0.057701677083969116,971b3b95d2dd4b186c8ec35261da307047f1479c71d2fdc990a211edcd8b87e0,e17494764a0b70d71507941c0870a216154a356e6eed2a4bcdcd75a1fdd00e85,,0.041365236043930054,0.04278283752501011,0.04278283752501011,-0.0014176014810800552,53092.421875,0.0002386373603176366,0.5092,39,0.08035667239186799,0.007331167192514545,0.0022622360028513497,3,b197dedeac620fe4a67b268ee058e78cf60bba58de99a21504e0a48e00ffad13,ae9bae7b7f7a637e643715b9ebf457a447973061f4f0d32756b5d7e87775b615,b5e030eb2c9cba0c872550b1679c1449878f53f99619ae8402d12d2703a1b94f,completed
present80_projected_geometry_full,present80_rkmp_controls_v1,present80_rkmp_controls_v1,analysis,PRESENT-80,10,2,203,D1_vs_D1,10000,16,0.057701677083969116,971b3b95d2dd4b186c8ec35261da307047f1479c71d2fdc990a211edcd8b87e0,e17494764a0b70d71507941c0870a216154a356e6eed2a4bcdcd75a1fdd00e85,,0.04274287819862366,0.04278283752501011,0.04278283752501011,-3.995932638645172e-05,38131.828125,-2.6048761652199e-05,0.5043,25,0.250938367242763,0.18173523976994815,0.050710253467889335,3,b197dedeac620fe4a67b268ee058e78cf60bba58de99a21504e0a48e00ffad13,ae9bae7b7f7a637e643715b9ebf457a447973061f4f0d32756b5d7e87775b615,b5e030eb2c9cba0c872550b1679c1449878f53f99619ae8402d12d2703a1b94f,completed
present80_projected_geometry_full,present80_rkmp_controls_v1,present80_rkmp_controls_v1,analysis,PRESENT-80,10,2,203,pair_shuffled,10000,16,0.057701677083969116,971b3b95d2dd4b186c8ec35261da307047f1479c71d2fdc990a211edcd8b87e0,e17494764a0b70d71507941c0870a216154a356e6eed2a4bcdcd75a1fdd00e85,,0.042326342314481735,0.04278283752501011,0.04278283752501011,-0.0004564952105283737,46469.9296875,-8.836518476279012e-05,0.5017,33,0.3811696339649206,0.39532840384495677,0.3044136813681368,3,b197dedeac620fe4a67b268ee058e78cf60bba58de99a21504e0a48e00ffad13,ae9bae7b7f7a637e643715b9ebf457a447973061f4f0d32756b5d7e87775b615,b5e030eb2c9cba0c872550b1679c1449878f53f99619ae8402d12d2703a1b94f,completed
present80_projected_geometry_full,present80_rkmp_controls_v1,present80_rkmp_controls_v1,analysis,PRESENT-80,10,4,201,D0_vs_D0,10000,16,0.032964348793029785,6d03ec5d4ed6665cfe941d9cc2e2f0ec5846c711ce75744df72c42629524b68f,e17494764a0b70d71507941c0870a216154a356e6eed2a4bcdcd75a1fdd00e85,,0.04259856417775154,0.04279983602464199,0.04279983602464199,-0.00020127184689044952,38411.77734375,-9.51403043309857e-05,0.5011,19,0.26924173560778475,0.21745072389647152,0.08764322261285272,3,595af3d8a6c96ccd3ec7601abd55862f77ebb8f453d8125cd7ab0dbe97267b6a,ae9bae7b7f7a637e643715b9ebf457a447973061f4f0d32756b5d7e87775b615,26d9ae9f08250ab8579b978984a1685be14a95f4fe9df7bd73fcd2ba1d858cc0,completed
present80_projected_geometry_full,present80_rkmp_controls_v1,present80_rkmp_controls_v1,analysis,PRESENT-80,10,4,201,D1_vs_D0,10000,16,0.032964348793029785,6d03ec5d4ed6665cfe941d9cc2e2f0ec5846c711ce75744df72c42629524b68f,e17494764a0b70d71507941c0870a216154a356e6eed2a4bcdcd75a1fdd00e85,,0.04091191291809082,0.04279983602464199,0.04279983602464199,-0.0018879231065511703,60682.484375,-7.499845426258195e-05,0.5025,30,0.15621370347546645,0.046560645284818604,0.017644016284412343,3,595af3d8a6c96ccd3ec7601abd55862f77ebb8f453d8125cd7ab0dbe97267b6a,ae9bae7b7f7a637e643715b9ebf457a447973061f4f0d32756b5d7e87775b615,26d9ae9f08250ab8579b978984a1685be14a95f4fe9df7bd73fcd2ba1d858cc0,completed
present80_projected_geometry_full,present80_rkmp_controls_v1,present80_rkmp_controls_v1,analysis,PRESENT-80,10,4,201,D1_vs_D1,10000,16,0.032964348793029785,6d03ec5d4ed6665cfe941d9cc2e2f0ec5846c711ce75744df72c42629524b68f,e17494764a0b70d71507941c0870a216154a356e6eed2a4bcdcd75a1fdd00e85,,0.04300110787153244,0.04279983602464199,0.04279983602464199,0.00020127184689044952,38074.13671875,-4.523963925450411e-05,0.5037,62,0.36596622356699354,0.3196091178777205,0.2268796496733643,3,595af3d8a6c96ccd3ec7601abd55862f77ebb8f453d8125cd7ab0dbe97267b6a,ae9bae7b7f7a637e643715b9ebf457a447973061f4f0d32756b5d7e87775b615,26d9ae9f08250ab8579b978984a1685be14a95f4fe9df7bd73fcd2ba1d858cc0,completed
present80_projected_geometry_full,present80_rkmp_controls_v1,present80_rkmp_controls_v1,analysis,PRESENT-80,10,4,201,pair_shuffled,10000,16,0.032964348793029785,6d03ec5d4ed6665cfe941d9cc2e2f0ec5846c711ce75744df72c42629524b68f,e17494764a0b70d71507941c0870a216154a356e6eed2a4bcdcd75a1fdd00e85,,0.04160957783460617,0.04279983602464199,0.04279983602464199,-0.00119025819003582,49702.5,-6.636075909827624e-05,0.5029,64,0.4931982040390166,0.4432339653282534,0.43422445817899114,3,595af3d8a6c96ccd3ec7601abd55862f77ebb8f453d8125cd7ab0dbe97267b6a,ae9bae7b7f7a637e643715b9ebf457a447973061f4f0d32756b5d7e87775b615,26d9ae9f08250ab8579b978984a1685be14a95f4fe9df7bd73fcd2ba1d858cc0,completed
present80_projected_geometry_full,present80_rkmp_controls_v1,present80_rkmp_controls_v1,analysis,PRESENT-80,10,4,202,D0_vs_D0,10000,16,0.032938215881586075,49d1d7e6712900988de146cbce90212ab1cf858848ed39e71b1afbfd9beefb96,e17494764a0b70d71507941c0870a216154a356e6eed2a4bcdcd75a1fdd00e85,,0.042436640709638596,0.04258541576564312,0.04258541576564312,-0.00014877505600452423,38340.59375,-9.799728933303602e-05,0.5006999999999999,32,0.2971304862159777,0.2855118891454665,0.21281124385556635,3,b432ae191849235a2a8cf1b9be44a3d7af774230329d3911fd042113fbb6786f,ae9bae7b7f7a637e643715b9ebf457a447973061f4f0d32756b5d7e87775b615,b0331dd0baaa98723f4ea8c07d262cd709687020fb63a14cbdbec4d521a1afd1,completed
present80_projected_geometry_full,present80_rkmp_controls_v1,present80_rkmp_controls_v1,analysis,PRESENT-80,10,4,202,D1_vs_D0,10000,16,0.032938215881586075,49d1d7e6712900988de146cbce90212ab1cf858848ed39e71b1afbfd9beefb96,e17494764a0b70d71507941c0870a216154a356e6eed2a4bcdcd75a1fdd00e85,,0.04141209274530411,0.04258541576564312,0.04258541576564312,-0.0011733230203390121,60613.4453125,-8.557183379137326e-05,0.5019,43,0.019863790477512994,0.017220280210704795,0.012400514515666662,3,b432ae191849235a2a8cf1b9be44a3d7af774230329d3911fd042113fbb6786f,ae9bae7b7f7a637e643715b9ebf457a447973061f4f0d32756b5d7e87775b615,b0331dd0baaa98723f4ea8c07d262cd709687020fb63a14cbdbec4d521a1afd1,completed
present80_projected_geometry_full,present80_rkmp_controls_v1,present80_rkmp_controls_v1,analysis,PRESENT-80,10,4,202,D1_vs_D1,10000,16,0.032938215881586075,49d1d7e6712900988de146cbce90212ab1cf858848ed39e71b1afbfd9beefb96,e17494764a0b70d71507941c0870a216154a356e6eed2a4bcdcd75a1fdd00e85,,0.042734190821647644,0.04258541576564312,0.04258541576564312,0.00014877505600452423,38097.3828125,0.00026102045895478584,0.5095,55,0.25803174562729164,0.01748450304640691,0.01152198719053485,3,b432ae191849235a2a8cf1b9be44a3d7af774230329d3911fd042113fbb6786f,ae9bae7b7f7a637e643715b9ebf457a447973061f4f0d32756b5d7e87775b615,b0331dd0baaa98723f4ea8c07d262cd709687020fb63a14cbdbec4d521a1afd1,completed
present80_projected_geometry_full,present80_rkmp_controls_v1,present80_rkmp_controls_v1,analysis,PRESENT-80,10,4,202,pair_shuffled,10000,16,0.032938215881586075,49d1d7e6712900988de146cbce90212ab1cf858848ed39e71b1afbfd9beefb96,e17494764a0b70d71507941c0870a216154a356e6eed2a4bcdcd75a1fdd00e85,,0.04200414568185806,0.04258541576564312,0.04258541576564312,-0.0005812700837850571,49789.58984375,-5.1007705163779766e-05,0.5035000000000001,55,0.49261886072278216,0.3489795327058323,0.3367978407989539,3,b432ae191849235a2a8cf1b9be44a3d7af774230329d3911fd042113fbb6786f,ae9bae7b7f7a637e643715b9ebf457a447973061f4f0d32756b5d7e87775b615,b0331dd0baaa98723f4ea8c07d262cd709687020fb63a14cbdbec4d521a1afd1,completed
present80_projected_geometry_full,present80_rkmp_controls_v1,present80_rkmp_controls_v1,analysis,PRESENT-80,10,4,203,D0_vs_D0,10000,16,0.03296482563018799,b61422cb4b276ac451ecef3a1cc2d045fd61e4886b953be39bbde1b6645113c1,e17494764a0b70d71507941c0870a216154a356e6eed2a4bcdcd75a1fdd00e85,,0.04207371175289154,0.04257742129266262,0.04257742129266262,-0.00050370953977108,38335.421875,5.3756671264584274e-05,0.5062,39,0.365160753155243,0.3913144902536773,0.24100509411652454,3,8b641980927b83e6bbcd8087f55d8c73b38626ebcd5382745a9dc92294305607,ae9bae7b7f7a637e643715b9ebf457a447973061f4f0d32756b5d7e87775b615,10495b41849bd278e1f2ddaf794385355c05d4fa07593a3cd2e02c9525ef79bd,completed
present80_projected_geometry_full,present80_rkmp_controls_v1,present80_rkmp_controls_v1,analysis,PRESENT-80,10,4,203,D1_vs_D0,10000,16,0.03296482563018799,b61422cb4b276ac451ecef3a1cc2d045fd61e4886b953be39bbde1b6645113c1,e17494764a0b70d71507941c0870a216154a356e6eed2a4bcdcd75a1fdd00e85,,0.040767114609479904,0.04257742129266262,0.04257742129266262,-0.0018103066831827164,60693.6015625,-7.08004280751956e-05,0.5027,56,0.01814578490192435,0.009387496235629693,0.005465486355254363,3,8b641980927b83e6bbcd8087f55d8c73b38626ebcd5382745a9dc92294305607,ae9bae7b7f7a637e643715b9ebf457a447973061f4f0d32756b5d7e87775b615,10495b41849bd278e1f2ddaf794385355c05d4fa07593a3cd2e02c9525ef79bd,completed
present80_projected_geometry_full,present80_rkmp_controls_v1,present80_rkmp_controls_v1,analysis,PRESENT-80,10,4,203,D1_vs_D1,10000,16,0.03296482563018799,b61422cb4b276ac451ecef3a1cc2d045fd61e4886b953be39bbde1b6645113c1,e17494764a0b70d71507941c0870a216154a356e6eed2a4bcdcd75a1fdd00e85,,0.0430811308324337,0.04257742129266262,0.04257742129266262,0.00050370953977108,38235.640625,-3.2723983183867984e-05,0.5041,57,0.612240337400217,0.575734988795887,0.565460493460273,3,8b641980927b83e6bbcd8087f55d8c73b38626ebcd5382745a9dc92294305607,ae9bae7b7f7a637e643715b9ebf457a447973061f4f0d32756b5d7e87775b615,10495b41849bd278e1f2ddaf794385355c05d4fa07593a3cd2e02c9525ef79bd,completed
present80_projected_geometry_full,present80_rkmp_controls_v1,present80_rkmp_controls_v1,analysis,PRESENT-80,10,4,203,pair_shuffled,10000,16,0.03296482563018799,b61422cb4b276ac451ecef3a1cc2d045fd61e4886b953be39bbde1b6645113c1,e17494764a0b70d71507941c0870a216154a356e6eed2a4bcdcd75a1fdd00e85,,0.042047299444675446,0.04257742129266262,0.04257742129266262,-0.000530121847987175,49954.234375,0.0005761051878539119,0.513,54,0.31991071789503006,0.14249602684558954,0.08658001661253938,3,8b641980927b83e6bbcd8087f55d8c73b38626ebcd5382745a9dc92294305607,ae9bae7b7f7a637e643715b9ebf457a447973061f4f0d32756b5d7e87775b615,10495b41849bd278e1f2ddaf794385355c05d4fa07593a3cd2e02c9525ef79bd,completed
present80_projected_geometry_full,present80_rkmp_controls_v1,present80_rkmp_controls_v1,analysis,PRESENT-80,10,8,201,D0_vs_D0,10000,16,0.018566131591796875,ef8b16d7ac69676e8bda9a7fa2fe8825cb38bcb426802d7c99fd3dbd0f7649cd,e17494764a0b70d71507941c0870a216154a356e6eed2a4bcdcd75a1fdd00e85,,0.04269392043352127,0.04274073988199234,0.04274073988199234,-4.6819448471069336e-05,38035.46875,6.383868759043375e-05,0.5064,91,0.24654072806072672,0.10605623896634493,0.10566559972054047,3,b8448febd1de49c577fbfdddcf7fa4742f8965da97faf5d9d2f9c8ca82403aad,ae9bae7b7f7a637e643715b9ebf457a447973061f4f0d32756b5d7e87775b615,3b4bb42dd10ea5dac00b52465476589f135111333b4874d6278d0ab87509c9bf,completed
present80_projected_geometry_full,present80_rkmp_controls_v1,present80_rkmp_controls_v1,analysis,PRESENT-80,10,8,201,D1_vs_D0,10000,16,0.018566131591796875,ef8b16d7ac69676e8bda9a7fa2fe8825cb38bcb426802d7c99fd3dbd0f7649cd,e17494764a0b70d71507941c0870a216154a356e6eed2a4bcdcd75a1fdd00e85,,0.04128040000796318,0.04274073988199234,0.04274073988199234,-0.0014603398740291595,68640.9609375,-2.945280255627005e-05,0.5042,49,0.06964282707922469,0.07853201180604766,0.03746218476885162,3,b8448febd1de49c577fbfdddcf7fa4742f8965da97faf5d9d2f9c8ca82403aad,ae9bae7b7f7a637e643715b9ebf457a447973061f4f0d32756b5d7e87775b615,3b4bb42dd10ea5dac00b52465476589f135111333b4874d6278d0ab87509c9bf,completed
present80_projected_geometry_full,present80_rkmp_controls_v1,present80_rkmp_controls_v1,analysis,PRESENT-80,10,8,201,D1_vs_D1,10000,16,0.018566131591796875,ef8b16d7ac69676e8bda9a7fa2fe8825cb38bcb426802d7c99fd3dbd0f7649cd,e17494764a0b70d71507941c0870a216154a356e6eed2a4bcdcd75a1fdd00e85,,0.04278755933046341,0.04274073988199234,0.04274073988199234,4.6819448471069336e-05,38355.78515625,0.00023860771346439013,0.5092,51,0.306300050337647,0.33749474605011315,0.11769802516081565,3,b8448febd1de49c577fbfdddcf7fa4742f8965da97faf5d9d2f9c8ca82403aad,ae9bae7b7f7a637e643715b9ebf457a447973061f4f0d32756b5d7e87775b615,3b4bb42dd10ea5dac00b52465476589f135111333b4874d6278d0ab87509c9bf,completed
present80_projected_geometry_full,present80_rkmp_controls_v1,present80_rkmp_controls_v1,analysis,PRESENT-80,10,8,201,pair_shuffled,10000,16,0.018566131591796875,ef8b16d7ac69676e8bda9a7fa2fe8825cb38bcb426802d7c99fd3dbd0f7649cd,e17494764a0b70d71507941c0870a216154a356e6eed2a4bcdcd75a1fdd00e85,,0.041895560920238495,0.04274073988199234,0.04274073988199234,-0.0008451789617538452,53590.046875,-5.373042366987381e-05,0.5034000000000001,43,0.21522582164846107,0.011869536100740066,-8.989710476336707e-05,3,b8448febd1de49c577fbfdddcf7fa4742f8965da97faf5d9d2f9c8ca82403aad,ae9bae7b7f7a637e643715b9ebf457a447973061f4f0d32756b5d7e87775b615,3b4bb42dd10ea5dac00b52465476589f135111333b4874d6278d0ab87509c9bf,completed
present80_projected_geometry_full,present80_rkmp_controls_v1,present80_rkmp_controls_v1,analysis,PRESENT-80,10,8,202,D0_vs_D0,10000,16,0.01855461299419403,29ea0854a2b651f7432c572148839f8f18aea2e9edc84730fb464e6b2d31890e,e17494764a0b70d71507941c0870a216154a356e6eed2a4bcdcd75a1fdd00e85,,0.04308461397886276,0.04304335452616215,0.04304335452616215,4.125945270061493e-05,38017.12109375,-3.2772794543046574e-05,0.5041,41,0.27365265843473713,0.051071478994011536,0.04366901615223324,3,6a5f9cfdb896046966f34ce65c57a43017ccc880a2660e42b756263c6b1d2c72,ae9bae7b7f7a637e643715b9ebf457a447973061f4f0d32756b5d7e87775b615,61051e276b4377e1b1aac1704d7833767e53232769e67c90ecbe50dcad4e80b0,completed
present80_projected_geometry_full,present80_rkmp_controls_v1,present80_rkmp_controls_v1,analysis,PRESENT-80,10,8,202,D1_vs_D0,10000,16,0.01855461299419403,29ea0854a2b651f7432c572148839f8f18aea2e9edc84730fb464e6b2d31890e,e17494764a0b70d71507941c0870a216154a356e6eed2a4bcdcd75a1fdd00e85,,0.0412449985742569,0.04304335452616215,0.04304335452616215,-0.0017983559519052505,68612.359375,4.884976922676539e-05,0.5061,65,0.14647053017781317,0.06823670263098983,0.00011314712164786994,3,6a5f9cfdb896046966f34ce65c57a43017ccc880a2660e42b756263c6b1d2c72,ae9bae7b7f7a637e643715b9ebf457a447973061f4f0d32756b5d7e87775b615,61051e276b4377e1b1aac1704d7833767e53232769e67c90ecbe50dcad4e80b0,completed
present80_projected_geometry_full,present80_rkmp_controls_v1,present80_rkmp_controls_v1,analysis,PRESENT-80,10,8,202,D1_vs_D1,10000,16,0.01855461299419403,29ea0854a2b651f7432c572148839f8f18aea2e9edc84730fb464e6b2d31890e,e17494764a0b70d71507941c0870a216154a356e6eed2a4bcdcd75a1fdd00e85,,0.04300209507346153,0.04304335452616215,0.04304335452616215,-4.125945270061493e-05,38250.6875,2.5433118609072337e-05,0.5056,65,0.6183168989788487,0.6102344631583121,0.6005850586898892,3,6a5f9cfdb896046966f34ce65c57a43017ccc880a2660e42b756263c6b1d2c72,ae9bae7b7f7a637e643715b9ebf457a447973061f4f0d32756b5d7e87775b615,61051e276b4377e1b1aac1704d7833767e53232769e67c90ecbe50dcad4e80b0,completed
present80_projected_geometry_full,present80_rkmp_controls_v1,present80_rkmp_controls_v1,analysis,PRESENT-80,10,8,202,pair_shuffled,10000,16,0.01855461299419403,29ea0854a2b651f7432c572148839f8f18aea2e9edc84730fb464e6b2d31890e,e17494764a0b70d71507941c0870a216154a356e6eed2a4bcdcd75a1fdd00e85,,0.04124583303928375,0.04304335452616215,0.04304335452616215,-0.001797521486878395,53243.5078125,-8.233070222776126e-05,0.5021,37,0.12990745113625815,0.15232741995969892,0.002440406598037458,3,6a5f9cfdb896046966f34ce65c57a43017ccc880a2660e42b756263c6b1d2c72,ae9bae7b7f7a637e643715b9ebf457a447973061f4f0d32756b5d7e87775b615,61051e276b4377e1b1aac1704d7833767e53232769e67c90ecbe50dcad4e80b0,completed
present80_projected_geometry_full,present80_rkmp_controls_v1,present80_rkmp_controls_v1,analysis,PRESENT-80,10,8,203,D0_vs_D0,10000,16,0.018525084480643272,505c3721fe8c6629307dcd776f08a8be1d3534741ff800228ee18199a739b65b,e17494764a0b70d71507941c0870a216154a356e6eed2a4bcdcd75a1fdd00e85,,0.04268946498632431,0.04279239475727081,0.04279239475727081,-0.00010292977094650269,38076.90625,-7.694383416182192e-05,0.5024,35,0.30045715718349414,0.22214013377116731,0.1861971890696629,3,c17a166ce3c965a51d2623ff7a47eb532a54121ba6baca31563ef0c134dc394a,ae9bae7b7f7a637e643715b9ebf457a447973061f4f0d32756b5d7e87775b615,7630aeb4b9a4d902aaf0e1b50bebb143cb9c9c24633c2020f0ff7ebd00f5c532,completed
present80_projected_geometry_full,present80_rkmp_controls_v1,present80_rkmp_controls_v1,analysis,PRESENT-80,10,8,203,D1_vs_D0,10000,16,0.018525084480643272,505c3721fe8c6629307dcd776f08a8be1d3534741ff800228ee18199a739b65b,e17494764a0b70d71507941c0870a216154a356e6eed2a4bcdcd75a1fdd00e85,,0.04159992188215256,0.04279239475727081,0.04279239475727081,-0.0011924728751182556,68483.5234375,1.666125175744502e-05,0.5054000000000001,64,0.09965268530064521,0.0946503228022327,0.030668123312102426,3,c17a166ce3c965a51d2623ff7a47eb532a54121ba6baca31563ef0c134dc394a,ae9bae7b7f7a637e643715b9ebf457a447973061f4f0d32756b5d7e87775b615,7630aeb4b9a4d902aaf0e1b50bebb143cb9c9c24633c2020f0ff7ebd00f5c532,completed
present80_projected_geometry_full,present80_rkmp_controls_v1,present80_rkmp_controls_v1,analysis,PRESENT-80,10,8,203,D1_vs_D1,10000,16,0.018525084480643272,505c3721fe8c6629307dcd776f08a8be1d3534741ff800228ee18199a739b65b,e17494764a0b70d71507941c0870a216154a356e6eed2a4bcdcd75a1fdd00e85,,0.042895324528217316,0.04279239475727081,0.04279239475727081,0.00010292977094650269,38167.98828125,-4.8122822062795776e-05,0.5036,68,0.7611109071474628,0.7279230083378035,0.7005390600649978,3,c17a166ce3c965a51d2623ff7a47eb532a54121ba6baca31563ef0c134dc394a,ae9bae7b7f7a637e643715b9ebf457a447973061f4f0d32756b5d7e87775b615,7630aeb4b9a4d902aaf0e1b50bebb143cb9c9c24633c2020f0ff7ebd00f5c532,completed
present80_projected_geometry_full,present80_rkmp_controls_v1,present80_rkmp_controls_v1,analysis,PRESENT-80,10,8,203,pair_shuffled,10000,16,0.018525084480643272,505c3721fe8c6629307dcd776f08a8be1d3534741ff800228ee18199a739b65b,e17494764a0b70d71507941c0870a216154a356e6eed2a4bcdcd75a1fdd00e85,,0.04131433367729187,0.04279239475727081,0.04279239475727081,-0.0014780610799789429,53703.1328125,-9.101842762399634e-05,0.5015000000000001,57,0.14024204787772812,0.14599143815601287,0.023006299569506356,3,c17a166ce3c965a51d2623ff7a47eb532a54121ba6baca31563ef0c134dc394a,ae9bae7b7f7a637e643715b9ebf457a447973061f4f0d32756b5d7e87775b615,7630aeb4b9a4d902aaf0e1b50bebb143cb9c9c24633c2020f0ff7ebd00f5c532,completed
present80_projected_geometry_full,present80_rkmp_controls_v1,present80_rkmp_controls_v1,analysis,PRESENT-80,10,16,201,D0_vs_D0,10000,16,0.011554534547030926,25711269051f48bea116f7034d513fae3b8533923a95223cb4a4d9d87e3b0603,e17494764a0b70d71507941c0870a216154a356e6eed2a4bcdcd75a1fdd00e85,,0.04291238263249397,0.04272007569670677,0.04272007569670677,0.00019230693578720093,38312.78125,-7.689005927505557e-05,0.5024,42,0.4938842553744127,0.47521990041873946,0.4376583493017479,3,396582cf37d0fee400dafddedc89c4ff4710bb7d61f72e7b7fdeb79df926ef44,ae9bae7b7f7a637e643715b9ebf457a447973061f4f0d32756b5d7e87775b615,59c3463921e96b640a05fc8a96f7a3d1b6ea87c60bd0ef9fe8b87dd2d10ea5b1,completed
present80_projected_geometry_full,present80_rkmp_controls_v1,present80_rkmp_controls_v1,analysis,PRESENT-80,10,16,201,D1_vs_D0,10000,16,0.011554534547030926,25711269051f48bea116f7034d513fae3b8533923a95223cb4a4d9d87e3b0603,e17494764a0b70d71507941c0870a216154a356e6eed2a4bcdcd75a1fdd00e85,,0.04093559458851814,0.04272007569670677,0.04272007569670677,-0.0017844811081886292,85484.171875,-9.985984395441107e-05,0.5002,44,0.07621330569611952,0.04434106474684569,0.030248676816212777,3,396582cf37d0fee400dafddedc89c4ff4710bb7d61f72e7b7fdeb79df926ef44,ae9bae7b7f7a637e643715b9ebf457a447973061f4f0d32756b5d7e87775b615,59c3463921e96b640a05fc8a96f7a3d1b6ea87c60bd0ef9fe8b87dd2d10ea5b1,completed
present80_projected_geometry_full,present80_rkmp_controls_v1,present80_rkmp_controls_v1,analysis,PRESENT-80,10,16,201,D1_vs_D1,10000,16,0.011554534547030926,25711269051f48bea116f7034d513fae3b8533923a95223cb4a4d9d87e3b0603,e17494764a0b70d71507941c0870a216154a356e6eed2a4bcdcd75a1fdd00e85,,0.04252776876091957,0.04272007569670677,0.04272007569670677,-0.00019230693578720093,38268.1640625,-8.975337237678902e-05,0.5016,43,0.5322366912184958,0.5493323672630883,0.4849214555137404,3,396582cf37d0fee400dafddedc89c4ff4710bb7d61f72e7b7fdeb79df926ef44,ae9bae7b7f7a637e643715b9ebf457a447973061f4f0d32756b5d7e87775b615,59c3463921e96b640a05fc8a96f7a3d1b6ea87c60bd0ef9fe8b87dd2d10ea5b1,completed
present80_projected_geometry_full,present80_rkmp_controls_v1,present80_rkmp_controls_v1,analysis,PRESENT-80,10,16,201,pair_shuffled,10000,16,0.011554534547030926,25711269051f48bea116f7034d513fae3b8533923a95223cb4a4d9d87e3b0603,e17494764a0b70d71507941c0870a216154a356e6eed2a4bcdcd75a1fdd00e85,,0.0404420867562294,0.04272007569670677,0.04272007569670677,-0.002277988940477371,62059.046875,0.0002763955941558719,0.5097,58,0.022206226291876408,0.020065568415544174,0.008624377001822125,3,396582cf37d0fee400dafddedc89c4ff4710bb7d61f72e7b7fdeb79df926ef44,ae9bae7b7f7a637e643715b9ebf457a447973061f4f0d32756b5d7e87775b615,59c3463921e96b640a05fc8a96f7a3d1b6ea87c60bd0ef9fe8b87dd2d10ea5b1,completed
present80_projected_geometry_full,present80_rkmp_controls_v1,present80_rkmp_controls_v1,analysis,PRESENT-80,10,16,202,D0_vs_D0,10000,16,0.011560177430510521,92113bb2a39673a87ceb0b6d47aa740ea48e0b106a9ae87312aa94ea19217b2a,e17494764a0b70d71507941c0870a216154a356e6eed2a4bcdcd75a1fdd00e85,,0.04325394704937935,0.0428589154034853,0.0428589154034853,0.0003950316458940506,38607.75390625,-2.2571682323463404e-05,0.5044,48,0.7699200839871558,0.7673527340946209,0.6908625246861156,3,f5c38c096e650d593f0263500f83be6ada8c7f6b9b852112c8c63d5193902aec,ae9bae7b7f7a637e643715b9ebf457a447973061f4f0d32756b5d7e87775b615,17d0b316901445e436748a46f239c60eef69728fb3326436e703b236d5fa6306,completed
present80_projected_geometry_full,present80_rkmp_controls_v1,present80_rkmp_controls_v1,analysis,PRESENT-80,10,16,202,D1_vs_D0,10000,16,0.011560177430510521,92113bb2a39673a87ceb0b6d47aa740ea48e0b106a9ae87312aa94ea19217b2a,e17494764a0b70d71507941c0870a216154a356e6eed2a4bcdcd75a1fdd00e85,,0.04167652502655983,0.0428589154034853,0.0428589154034853,-0.0011823903769254684,85468.21875,-2.6031285702257566e-05,0.5043,45,0.12809105609656785,0.0962576791495402,0.029212183535963054,3,f5c38c096e650d593f0263500f83be6ada8c7f6b9b852112c8c63d5193902aec,ae9bae7b7f7a637e643715b9ebf457a447973061f4f0d32756b5d7e87775b615,17d0b316901445e436748a46f239c60eef69728fb3326436e703b236d5fa6306,completed
present80_projected_geometry_full,present80_rkmp_controls_v1,present80_rkmp_controls_v1,analysis,PRESENT-80,10,16,202,D1_vs_D1,10000,16,0.011560177430510521,92113bb2a39673a87ceb0b6d47aa740ea48e0b106a9ae87312aa94ea19217b2a,e17494764a0b70d71507941c0870a216154a356e6eed2a4bcdcd75a1fdd00e85,,0.04246388375759125,0.0428589154034853,0.0428589154034853,-0.0003950316458940506,38149.4375,-9.217512264698009e-05,0.5014000000000001,67,0.1830372042072339,0.006461640299939449,0.000410791102205828,3,f5c38c096e650d593f0263500f83be6ada8c7f6b9b852112c8c63d5193902aec,ae9bae7b7f7a637e643715b9ebf457a447973061f4f0d32756b5d7e87775b615,17d0b316901445e436748a46f239c60eef69728fb3326436e703b236d5fa6306,completed
present80_projected_geometry_full,present80_rkmp_controls_v1,present80_rkmp_controls_v1,analysis,PRESENT-80,10,16,202,pair_shuffled,10000,16,0.011560177430510521,92113bb2a39673a87ceb0b6d47aa740ea48e0b106a9ae87312aa94ea19217b2a,e17494764a0b70d71507941c0870a216154a356e6eed2a4bcdcd75a1fdd00e85,,0.0411381758749485,0.0428589154034853,0.0428589154034853,-0.0017207395285367966,61821.328125,4.030438087472399e-06,0.5051,45,0.4871894918197554,0.4645250133796253,0.339356696765139,3,f5c38c096e650d593f0263500f83be6ada8c7f6b9b852112c8c63d5193902aec,ae9bae7b7f7a637e643715b9ebf457a447973061f4f0d32756b5d7e87775b615,17d0b316901445e436748a46f239c60eef69728fb3326436e703b236d5fa6306,completed
present80_projected_geometry_full,present80_rkmp_controls_v1,present80_rkmp_controls_v1,analysis,PRESENT-80,10,16,203,D0_vs_D0,10000,16,0.011582011356949806,313890093ef2ecaaf5d0c04b15264c74fa614dd5ddd4a46714306ea3bf8131dd,e17494764a0b70d71507941c0870a216154a356e6eed2a4bcdcd75a1fdd00e85,,0.043632056564092636,0.04319075681269169,0.04319075681269169,0.00044129975140094757,38191.53125,3.45816833606387e-05,0.5058,43,0.7332643099983333,0.7096087169424532,0.680923127995418,3,a78e190f564a618ef3950bf4c52c865aabab33b76dbe4d52de2f404659512ed4,ae9bae7b7f7a637e643715b9ebf457a447973061f4f0d32756b5d7e87775b615,7401d070aaba4a8968d063607986cff33b48d739adae4e3f99789ee4f181084d,completed
present80_projected_geometry_full,present80_rkmp_controls_v1,present80_rkmp_controls_v1,analysis,PRESENT-80,10,16,203,D1_vs_D0,10000,16,0.011582011356949806,313890093ef2ecaaf5d0c04b15264c74fa614dd5ddd4a46714306ea3bf8131dd,e17494764a0b70d71507941c0870a216154a356e6eed2a4bcdcd75a1fdd00e85,,0.041699737310409546,0.04319075681269169,0.04319075681269169,-0.0014910195022821426,85621.9765625,-1.896436797233184e-05,0.5045,36,0.20929941890950818,0.18949210896386,0.0936678329594002,3,a78e190f564a618ef3950bf4c52c865aabab33b76dbe4d52de2f404659512ed4,ae9bae7b7f7a637e643715b9ebf457a447973061f4f0d32756b5d7e87775b615,7401d070aaba4a8968d063607986cff33b48d739adae4e3f99789ee4f181084d,completed
present80_projected_geometry_full,present80_rkmp_controls_v1,present80_rkmp_controls_v1,analysis,PRESENT-80,10,16,203,D1_vs_D1,10000,16,0.011582011356949806,313890093ef2ecaaf5d0c04b15264c74fa614dd5ddd4a46714306ea3bf8131dd,e17494764a0b70d71507941c0870a216154a356e6eed2a4bcdcd75a1fdd00e85,,0.04274945706129074,0.04319075681269169,0.04319075681269169,-0.00044129975140094757,38380.15625,-8.06522899921508e-05,0.5022,30,0.4510708935835593,0.3801335723317982,0.2604342037783765,3,a78e190f564a618ef3950bf4c52c865aabab33b76dbe4d52de2f404659512ed4,ae9bae7b7f7a637e643715b9ebf457a447973061f4f0d32756b5d7e87775b615,7401d070aaba4a8968d063607986cff33b48d739adae4e3f99789ee4f181084d,completed
present80_projected_geometry_full,present80_rkmp_controls_v1,present80_rkmp_controls_v1,analysis,PRESENT-80,10,16,203,pair_shuffled,10000,16,0.011582011356949806,313890093ef2ecaaf5d0c04b15264c74fa614dd5ddd4a46714306ea3bf8131dd,e17494764a0b70d71507941c0870a216154a356e6eed2a4bcdcd75a1fdd00e85,,0.040916889905929565,0.04319075681269169,0.04319075681269169,-0.002273866906762123,61980.62890625,-8.237708332143638e-05,0.5021,45,0.4870041308759663,0.5146142310398295,0.3433304050362149,3,a78e190f564a618ef3950bf4c52c865aabab33b76dbe4d52de2f404659512ed4,ae9bae7b7f7a637e643715b9ebf457a447973061f4f0d32756b5d7e87775b615,7401d070aaba4a8968d063607986cff33b48d739adae4e3f99789ee4f181084d,completed
present80_projected_geometry_full,present80_rkmp_controls_v1,present80_rkmp_controls_v1,analysis,PRESENT-80,10,32,201,D0_vs_D0,10000,16,0.007614328991621733,772e3a75ad627fbb2a4fec19c5962509b6c25f905317d4e769586b69656d961b,e17494764a0b70d71507941c0870a216154a356e6eed2a4bcdcd75a1fdd00e85,,0.042543549090623856,0.04271160252392292,0.04271160252392292,-0.00016805343329906464,38037.0234375,-7.687269446910584e-05,0.5024,59,0.4083277949056712,0.29848284037495126,0.29673672493985787,3,fcd1a3d92a43640a58dd2df33a39b394bbcb192f5366f5a89a805235004c2db2,ae9bae7b7f7a637e643715b9ebf457a447973061f4f0d32756b5d7e87775b615,5459c7be5ae60231e9e165b38d4c0f72658abe28690c9297cc3b68a9038b97da,completed
present80_projected_geometry_full,present80_rkmp_controls_v1,present80_rkmp_controls_v1,analysis,PRESENT-80,10,32,201,D1_vs_D0,10000,16,0.007614328991621733,772e3a75ad627fbb2a4fec19c5962509b6c25f905317d4e769586b69656d961b,e17494764a0b70d71507941c0870a216154a356e6eed2a4bcdcd75a1fdd00e85,,0.04126064479351044,0.04271160252392292,0.04271160252392292,-0.0014509577304124832,112643.9296875,-9.933327001951085e-05,0.5004,45,0.054747947488918154,0.007539454844497299,0.0001310659129630025,3,fcd1a3d92a43640a58dd2df33a39b394bbcb192f5366f5a89a805235004c2db2,ae9bae7b7f7a637e643715b9ebf457a447973061f4f0d32756b5d7e87775b615,5459c7be5ae60231e9e165b38d4c0f72658abe28690c9297cc3b68a9038b97da,completed
present80_projected_geometry_full,present80_rkmp_controls_v1,present80_rkmp_controls_v1,analysis,PRESENT-80,10,32,201,D1_vs_D1,10000,16,0.007614328991621733,772e3a75ad627fbb2a4fec19c5962509b6c25f905317d4e769586b69656d961b,e17494764a0b70d71507941c0870a216154a356e6eed2a4bcdcd75a1fdd00e85,,0.042879655957221985,0.04271160252392292,0.04271160252392292,0.00016805343329906464,38487.99609375,-9.799322412200344e-05,0.5007,64,0.5336705248107173,0.45881667208583066,0.4352795664953828,3,fcd1a3d92a43640a58dd2df33a39b394bbcb192f5366f5a89a805235004c2db2,ae9bae7b7f7a637e643715b9ebf457a447973061f4f0d32756b5d7e87775b615,5459c7be5ae60231e9e165b38d4c0f72658abe28690c9297cc3b68a9038b97da,completed
present80_projected_geometry_full,present80_rkmp_controls_v1,present80_rkmp_controls_v1,analysis,PRESENT-80,10,32,201,pair_shuffled,10000,16,0.007614328991621733,772e3a75ad627fbb2a4fec19c5962509b6c25f905317d4e769586b69656d961b,e17494764a0b70d71507941c0870a216154a356e6eed2a4bcdcd75a1fdd00e85,,0.039541129022836685,0.04271160252392292,0.04271160252392292,-0.003170473501086235,75398.8046875,-9.321687942013254e-05,0.5013,36,0.28301634283437394,0.2711597580482215,0.1365177698617587,3,fcd1a3d92a43640a58dd2df33a39b394bbcb192f5366f5a89a805235004c2db2,ae9bae7b7f7a637e643715b9ebf457a447973061f4f0d32756b5d7e87775b615,5459c7be5ae60231e9e165b38d4c0f72658abe28690c9297cc3b68a9038b97da,completed
present80_projected_geometry_full,present80_rkmp_controls_v1,present80_rkmp_controls_v1,analysis,PRESENT-80,10,32,202,D0_vs_D0,10000,16,0.007635351270437241,c0e37374a80630611abf851e6c796b2d5ba77a9e12fa9e75b0fd063083b033d5,e17494764a0b70d71507941c0870a216154a356e6eed2a4bcdcd75a1fdd00e85,,0.04285595193505287,0.042844414710998535,0.042844414710998535,1.1537224054336548e-05,38264.63671875,-3.6012002342849364e-05,0.504,63,0.5015708818836231,0.5009309427892457,0.4271356690315639,3,6ffcf899895271d9a4536e66ad058f52d070cc31fb84d4a86be9c5018907b423,ae9bae7b7f7a637e643715b9ebf457a447973061f4f0d32756b5d7e87775b615,7455d55e5acc1f0066804ebbabcf4f08a626a92e985e3b33af56930aff76745f,completed
present80_projected_geometry_full,present80_rkmp_controls_v1,present80_rkmp_controls_v1,analysis,PRESENT-80,10,32,202,D1_vs_D0,10000,16,0.007635351270437241,c0e37374a80630611abf851e6c796b2d5ba77a9e12fa9e75b0fd063083b033d5,e17494764a0b70d71507941c0870a216154a356e6eed2a4bcdcd75a1fdd00e85,,0.04119078814983368,0.042844414710998535,0.042844414710998535,-0.001653626561164856,112998.78125,0.0001891770036000657,0.5085,42,0.024233589717178223,0.006922945376519677,0.00614057413539134,3,6ffcf899895271d9a4536e66ad058f52d070cc31fb84d4a86be9c5018907b423,ae9bae7b7f7a637e643715b9ebf457a447973061f4f0d32756b5d7e87775b615,7455d55e5acc1f0066804ebbabcf4f08a626a92e985e3b33af56930aff76745f,completed
present80_projected_geometry_full,present80_rkmp_controls_v1,present80_rkmp_controls_v1,analysis,PRESENT-80,10,32,202,D1_vs_D1,10000,16,0.007635351270437241,c0e37374a80630611abf851e6c796b2d5ba77a9e12fa9e75b0fd063083b033d5,e17494764a0b70d71507941c0870a216154a356e6eed2a4bcdcd75a1fdd00e85,,0.0428328774869442,0.042844414710998535,0.042844414710998535,-1.1537224054336548e-05,38206.53125,-9.601382621066628e-05,0.501,45,0.49404460296911284,0.4121052089314429,0.3400562433534794,3,6ffcf899895271d9a4536e66ad058f52d070cc31fb84d4a86be9c5018907b423,ae9bae7b7f7a637e643715b9ebf457a447973061f4f0d32756b5d7e87775b615,7455d55e5acc1f0066804ebbabcf4f08a626a92e985e3b33af56930aff76745f,completed
present80_projected_geometry_full,present80_rkmp_controls_v1,present80_rkmp_controls_v1,analysis,PRESENT-80,10,32,202,pair_shuffled,10000,16,0.007635351270437241,c0e37374a80630611abf851e6c796b2d5ba77a9e12fa9e75b0fd063083b033d5,e17494764a0b70d71507941c0870a216154a356e6eed2a4bcdcd75a1fdd00e85,,0.039149101823568344,0.042844414710998535,0.042844414710998535,-0.003695312887430191,75741.75,-7.828877604037073e-06,0.5048,32,0.028397047776949087,0.022763537427463853,0.004151229028639117,3,6ffcf899895271d9a4536e66ad058f52d070cc31fb84d4a86be9c5018907b423,ae9bae7b7f7a637e643715b9ebf457a447973061f4f0d32756b5d7e87775b615,7455d55e5acc1f0066804ebbabcf4f08a626a92e985e3b33af56930aff76745f,completed
present80_projected_geometry_full,present80_rkmp_controls_v1,present80_rkmp_controls_v1,analysis,PRESENT-80,10,32,203,D0_vs_D0,10000,16,0.0076311370357871056,4dd6f08b5c3b2095e2d5cec1b992853a499747a2e927046022131245b89700a5,e17494764a0b70d71507941c0870a216154a356e6eed2a4bcdcd75a1fdd00e85,,0.04280901327729225,0.04271720536053181,0.04271720536053181,9.180791676044464e-05,38140.23828125,-8.554395383128763e-05,0.5019,49,0.37668935798017683,0.2889426599960235,0.21801082346033956,3,d46dc2ba0234b27fa73c91c768847a13ddf802ba6c3db9ba2f073d1feec760b0,ae9bae7b7f7a637e643715b9ebf457a447973061f4f0d32756b5d7e87775b615,d9d08e1819669f99c85a77a29d8965491670f48815b6b9aa9c5deb7952ba49a9,completed
present80_projected_geometry_full,present80_rkmp_controls_v1,present80_rkmp_controls_v1,analysis,PRESENT-80,10,32,203,D1_vs_D0,10000,16,0.0076311370357871056,4dd6f08b5c3b2095e2d5cec1b992853a499747a2e927046022131245b89700a5,e17494764a0b70d71507941c0870a216154a356e6eed2a4bcdcd75a1fdd00e85,,0.04119465500116348,0.04271720536053181,0.04271720536053181,-0.0015225503593683243,112918.6484375,9.609946629715112e-05,0.507,38,0.28148715865546386,0.26104710202740067,0.2551525552183246,3,d46dc2ba0234b27fa73c91c768847a13ddf802ba6c3db9ba2f073d1feec760b0,ae9bae7b7f7a637e643715b9ebf457a447973061f4f0d32756b5d7e87775b615,d9d08e1819669f99c85a77a29d8965491670f48815b6b9aa9c5deb7952ba49a9,completed
present80_projected_geometry_full,present80_rkmp_controls_v1,present80_rkmp_controls_v1,analysis,PRESENT-80,10,32,203,D1_vs_D1,10000,16,0.0076311370357871056,4dd6f08b5c3b2095e2d5cec1b992853a499747a2e927046022131245b89700a5,e17494764a0b70d71507941c0870a216154a356e6eed2a4bcdcd75a1fdd00e85,,0.04262539744377136,0.04271720536053181,0.04271720536053181,-9.180791676044464e-05,38226.546875,-2.2570322020707997e-05,0.5044,50,0.19628590042268487,0.008624440932314034,-6.399170092625686e-05,3,d46dc2ba0234b27fa73c91c768847a13ddf802ba6c3db9ba2f073d1feec760b0,ae9bae7b7f7a637e643715b9ebf457a447973061f4f0d32756b5d7e87775b615,d9d08e1819669f99c85a77a29d8965491670f48815b6b9aa9c5deb7952ba49a9,completed
present80_projected_geometry_full,present80_rkmp_controls_v1,present80_rkmp_controls_v1,analysis,PRESENT-80,10,32,203,pair_shuffled,10000,16,0.0076311370357871056,4dd6f08b5c3b2095e2d5cec1b992853a499747a2e927046022131245b89700a5,e17494764a0b70d71507941c0870a216154a356e6eed2a4bcdcd75a1fdd00e85,,0.040050607174634933,0.04271720536053181,0.04271720536053181,-0.0026665981858968735,75613.21875,8.496043192190098e-05,0.5067999999999999,32,0.3358615324621413,0.1400893545320918,0.10154360566413446,3,d46dc2ba0234b27fa73c91c768847a13ddf802ba6c3db9ba2f073d1feec760b0,ae9bae7b7f7a637e643715b9ebf457a447973061f4f0d32756b5d7e87775b615,d9d08e1819669f99c85a77a29d8965491670f48815b6b9aa9c5deb7952ba49a9,completed
