{
  "cipher": "hight",
  "scenario": "related-key",
  "rounds": 14,
  "pairs": 1,
  "input_difference": "0x4000000000000000",
  "input_diff_int": 4611686018427387904,
  "key_bit": 97,
  "samples": 20000,
  "pca_components": 16,
  "kmeans_k": 2,
  "use_gpu": true,
  "results": {
    "pca_explained_variance_ratio": [
      0.00604606606066227,
      0.0059998659417033195,
      0.005952752660959959,
      0.00593754043802619,
      0.005883470177650452,
      0.005867195315659046,
      0.005851341877132654,
      0.00583333196118474,
      0.005816686432808638,
      0.00577103765681386
    ],
    "kmeans_inertia": 85796.359375,
    "kmeans_silhouette": 0.04140963405370712,
    "accuracy_vs_true": 0.50175,
    "adjusted_rand_index": -3.775354732300044e-05
  },
  "timing": {
    "total_seconds": 43.40564227104187,
    "data_generation_seconds": 3.869187831878662
  },
  "auto_sweep": {
    "used": false,
    "metric": null,
    "sweep_samples": null
  }
}